file_name,gt,pred,event_type,match_iou
2024-08-21_14-38-20-06-00_0003_104MEDIA_DSCF0552_JPG.rf.3c4467542ce9492ee1fd5e57c5b03ade.jpg,19,background,unmatched_ground_truth,NA
2024-08-21_14-38-20-06-00_0003_104MEDIA_DSCF0552_JPG.rf.3c4467542ce9492ee1fd5e57c5b03ade.jpg,52,background,unmatched_ground_truth,NA
2024-08-21_14-38-20-06-00_0003_104MEDIA_DSCF0552_JPG.rf.3c4467542ce9492ee1fd5e57c5b03ade.jpg,52,background,unmatched_ground_truth,NA
2024-08-21_14-38-20-06-00_0003_104MEDIA_DSCF0552_JPG.rf.3c4467542ce9492ee1fd5e57c5b03ade.jpg,19,background,unmatched_ground_truth,NA
2024-08-21_14-38-20-06-00_0003_104MEDIA_DSCF0552_JPG.rf.3c4467542ce9492ee1fd5e57c5b03ade.jpg,19,background,unmatched_ground_truth,NA
2024-08-21_14-38-20-06-00_0003_104MEDIA_DSCF0552_JPG.rf.3c4467542ce9492ee1fd5e57c5b03ade.jpg,19,background,unmatched_ground_truth,NA
2024-08-21_14-38-20-06-00_0003_104MEDIA_DSCF0552_JPG.rf.3c4467542ce9492ee1fd5e57c5b03ade.jpg,52,background,unmatched_ground_truth,NA
2024-08-21_14-38-20-06-00_0003_104MEDIA_DSCF0552_JPG.rf.3c4467542ce9492ee1fd5e57c5b03ade.jpg,52,background,unmatched_ground_truth,NA
Acanthurus-chirurgus_45_jpeg.rf.1dbcff035c4378ed4fc0476eb1835020.jpg,2,2,correct_match,0.8193683953827663
Acanthurus-chirurgus_45_jpeg.rf.1dbcff035c4378ed4fc0476eb1835020.jpg,2,2,correct_match,0.9203807254367432
Acanthurus-chirurgus_45_jpeg.rf.1dbcff035c4378ed4fc0476eb1835020.jpg,2,2,correct_match,0.7839367637132899
Acanthurus-chirurgus_45_jpeg.rf.1dbcff035c4378ed4fc0476eb1835020.jpg,2,2,correct_match,0.9357785472658375
Acanthurus-chirurgus_45_jpeg.rf.1dbcff035c4378ed4fc0476eb1835020.jpg,2,2,correct_match,0.9446931174626004
Acanthurus-chirurgus_45_jpeg.rf.1dbcff035c4378ed4fc0476eb1835020.jpg,2,2,correct_match,0.946174671024986
Acanthurus-chirurgus_45_jpeg.rf.1dbcff035c4378ed4fc0476eb1835020.jpg,2,background,unmatched_ground_truth,NA
Acanthurus-chirurgus_45_jpeg.rf.1dbcff035c4378ed4fc0476eb1835020.jpg,2,2,correct_match,0.8803892524835152
Acanthurus-chirurgus_45_jpeg.rf.1dbcff035c4378ed4fc0476eb1835020.jpg,2,2,correct_match,0.8980738338035996
Acanthurus-chirurgus_45_jpeg.rf.1dbcff035c4378ed4fc0476eb1835020.jpg,background,2,unmatched_prediction,NA
2024-08-13_17-40-24-06-00_0004_100MEDIA_DSCF0755_JPG.rf.3929e352b46079517e1843762784e899.jpg,34,34,correct_match,0.8894385469689262
2024-08-13_17-40-24-06-00_0004_100MEDIA_DSCF0755_JPG.rf.3929e352b46079517e1843762784e899.jpg,22,22,correct_match,0.8831515683517771
2024-08-13_17-40-24-06-00_0004_100MEDIA_DSCF0755_JPG.rf.3929e352b46079517e1843762784e899.jpg,34,34,correct_match,0.7653847159852718
2024-08-13_17-40-24-06-00_0004_100MEDIA_DSCF0755_JPG.rf.3929e352b46079517e1843762784e899.jpg,18,background,unmatched_ground_truth,NA
2024-08-13_17-40-24-06-00_0004_100MEDIA_DSCF0755_JPG.rf.3929e352b46079517e1843762784e899.jpg,34,34,correct_match,0.8231857379087443
2024-08-13_17-40-24-06-00_0004_100MEDIA_DSCF0755_JPG.rf.3929e352b46079517e1843762784e899.jpg,22,22,correct_match,0.8371665777718685
2024-08-13_17-40-24-06-00_0004_100MEDIA_DSCF0755_JPG.rf.3929e352b46079517e1843762784e899.jpg,34,34,correct_match,0.8866882555625071
2024-08-13_17-40-24-06-00_0004_100MEDIA_DSCF0755_JPG.rf.3929e352b46079517e1843762784e899.jpg,18,background,unmatched_ground_truth,NA
Scarus-iseri_12_jpg.rf.ff0d66c76df78590d991220f5d9cc4df.jpg,41,background,unmatched_ground_truth,NA
Scarus-iseri_12_jpg.rf.ff0d66c76df78590d991220f5d9cc4df.jpg,41,background,unmatched_ground_truth,NA
Haemulon-flavolineatum_2_jpeg.rf.d5261573fad58517333501fc89412a9e.jpg,20,20,correct_match,0.905254441460847
Haemulon-flavolineatum_2_jpeg.rf.d5261573fad58517333501fc89412a9e.jpg,20,background,unmatched_ground_truth,NA
2024-09-04_17-07-44-06-00_0005_103MEDIA_DSCF0747_JPG.rf.cdd9b79883a8907faac038a11ecdb571.jpg,34,34,correct_match,0.642026392173129
2024-09-04_17-07-44-06-00_0005_103MEDIA_DSCF0747_JPG.rf.cdd9b79883a8907faac038a11ecdb571.jpg,34,34,correct_match,0.6316803963094818
2025-09-12_13-45-42-06-00_0003_108MEDIA_DSCF0018_JPG.rf.2e002224b52c57890b542e341f9c7610.jpg,39,39,correct_match,0.9137510474013297
2025-09-12_13-45-42-06-00_0003_108MEDIA_DSCF0018_JPG.rf.2e002224b52c57890b542e341f9c7610.jpg,39,39,correct_match,0.8981164916782364
Scarus-iseri_tp_38_jpg.rf.90205aa85f5b663a99f339a616ee52ec.jpg,41,41,correct_match,0.9691168722178438
Lutjanus-analis_33_jpeg.rf.f23863ca4612525719d50326be275f18.jpg,29,29,correct_match,0.9111937753147832
Lutjanus-jocu_39_jpeg.rf.589672f9784afaeb1355307ea7f3fcc0.jpg,31,31,correct_match,0.9247897910230296
Lutjanus-jocu_39_jpeg.rf.589672f9784afaeb1355307ea7f3fcc0.jpg,31,31,correct_match,0.9299501355144141
2024-08-25_18-08-58-06-00_0005_106MEDIA_DSCF0497_JPG.rf.eb1537f42cda07437348c684a131b18b.jpg,27,background,unmatched_ground_truth,NA
2024-08-25_18-08-58-06-00_0005_106MEDIA_DSCF0497_JPG.rf.eb1537f42cda07437348c684a131b18b.jpg,27,background,unmatched_ground_truth,NA
2024-08-25_18-08-58-06-00_0005_106MEDIA_DSCF0497_JPG.rf.eb1537f42cda07437348c684a131b18b.jpg,27,background,unmatched_ground_truth,NA
Mycteroperca-bonaci_46_jpg.rf.974548938d7f8765cdc08cf861231619.jpg,32,32,correct_match,0.9404317333529177
Mycteroperca-bonaci_46_jpg.rf.974548938d7f8765cdc08cf861231619.jpg,32,32,correct_match,0.9063136464939411
2024-08-26_14-54-28-06-00_0005_106MEDIA_DSCF0913_JPG.rf.e18aa06cd25e0af9e5a54ab21ddcb8eb.jpg,47,47,correct_match,0.9386724030448489
2024-08-26_14-54-28-06-00_0005_106MEDIA_DSCF0913_JPG.rf.e18aa06cd25e0af9e5a54ab21ddcb8eb.jpg,47,47,correct_match,0.9362116805300292
2024-08-26_15-16-06-06-00_0004_106MEDIA_DSCF0965_JPG.rf.0494dcce88ca29c033c51e084cd78db0.jpg,10,10,correct_match,0.9247016358721805
2024-08-26_15-16-06-06-00_0004_106MEDIA_DSCF0965_JPG.rf.0494dcce88ca29c033c51e084cd78db0.jpg,10,10,correct_match,0.8444215746951841
2024-08-26_15-16-06-06-00_0004_106MEDIA_DSCF0965_JPG.rf.0494dcce88ca29c033c51e084cd78db0.jpg,10,52,class_confusion,0.7999451454209974
2024-08-26_15-16-06-06-00_0004_106MEDIA_DSCF0965_JPG.rf.0494dcce88ca29c033c51e084cd78db0.jpg,10,10,correct_match,0.8716354308453249
2024-08-26_15-16-06-06-00_0004_106MEDIA_DSCF0965_JPG.rf.0494dcce88ca29c033c51e084cd78db0.jpg,25,21,class_confusion,0.7779765491256986
2024-08-26_15-16-06-06-00_0004_106MEDIA_DSCF0965_JPG.rf.0494dcce88ca29c033c51e084cd78db0.jpg,10,10,correct_match,0.9030582717245021
2024-08-26_15-16-06-06-00_0004_106MEDIA_DSCF0965_JPG.rf.0494dcce88ca29c033c51e084cd78db0.jpg,10,10,correct_match,0.8370932282519777
2024-08-26_15-16-06-06-00_0004_106MEDIA_DSCF0965_JPG.rf.0494dcce88ca29c033c51e084cd78db0.jpg,10,background,unmatched_ground_truth,NA
2024-08-26_15-16-06-06-00_0004_106MEDIA_DSCF0965_JPG.rf.0494dcce88ca29c033c51e084cd78db0.jpg,10,background,unmatched_ground_truth,NA
2024-08-26_15-16-06-06-00_0004_106MEDIA_DSCF0965_JPG.rf.0494dcce88ca29c033c51e084cd78db0.jpg,10,10,correct_match,0.8660430460577454
2024-08-26_15-16-06-06-00_0004_106MEDIA_DSCF0965_JPG.rf.0494dcce88ca29c033c51e084cd78db0.jpg,25,21,class_confusion,0.7785944850078286
Chaetodon-sedentarius_35_jpg.rf.b23f380c370c9e8ab965f8e30b756336.jpg,14,14,correct_match,0.9492481682645695
Chaetodon-sedentarius_35_jpg.rf.b23f380c370c9e8ab965f8e30b756336.jpg,14,14,correct_match,0.8352279535265186
Chaetodon-sedentarius_35_jpg.rf.b23f380c370c9e8ab965f8e30b756336.jpg,14,14,correct_match,0.8728370339535901
Chaetodon-sedentarius_35_jpg.rf.b23f380c370c9e8ab965f8e30b756336.jpg,14,14,correct_match,0.7817662120032914
Cephalopholis-cruentata_51_jpg.rf.6dc2c9c71dca2556dad8eba64151805a.jpg,11,18,class_confusion,0.9774417018652043
Cephalopholis-cruentata_51_jpg.rf.6dc2c9c71dca2556dad8eba64151805a.jpg,11,18,class_confusion,0.8219177398951232
2024-08-26_13-48-28-06-00_0005_106MEDIA_DSCF0891_JPG.rf.482ca50173fc6d84af92352b570ea869.jpg,30,30,correct_match,0.8116503342572123
2024-08-26_13-48-28-06-00_0005_106MEDIA_DSCF0891_JPG.rf.482ca50173fc6d84af92352b570ea869.jpg,30,30,correct_match,0.805006415200419
Sparisoma-viride_7_jpeg.rf.1b8165093a633db7a17f4741dffd8072.jpg,48,48,correct_match,0.9676396469654777
Sparisoma-viride_7_jpeg.rf.1b8165093a633db7a17f4741dffd8072.jpg,48,48,correct_match,0.9313518334690606
Azurina-cyanea_10_jpg.rf.78df6a17a76988e387ef6f19fc6524b9.jpg,5,5,correct_match,0.9336463372233395
Urobatis-jamaicensis_23_jpeg.rf.a0160953092751c56edc822c726519d6.jpg,51,51,correct_match,0.6187692613230731
Urobatis-jamaicensis_23_jpeg.rf.a0160953092751c56edc822c726519d6.jpg,51,51,correct_match,0.8897803394295134
Haemulon-sciurus_11_jpeg.rf.d6a27978eb875bedab85141848abc965.jpg,24,24,correct_match,0.9333122425657548
Haemulon-sciurus_11_jpeg.rf.d6a27978eb875bedab85141848abc965.jpg,24,24,correct_match,0.7363494869410296
Haemulon-sciurus_11_jpeg.rf.d6a27978eb875bedab85141848abc965.jpg,24,24,correct_match,0.8734523114098868
Haemulon-sciurus_11_jpeg.rf.d6a27978eb875bedab85141848abc965.jpg,24,24,correct_match,0.670355999139396
Haemulon-sciurus_11_jpeg.rf.d6a27978eb875bedab85141848abc965.jpg,24,24,correct_match,0.6064548349745381
Scarus-iseri_48_jpg.rf.0a7e4f7f73ad56f43246ac6787501f2d.jpg,41,41,correct_match,0.9841400687849573
Scarus-iseri_48_jpg.rf.0a7e4f7f73ad56f43246ac6787501f2d.jpg,41,41,correct_match,0.9572268116684084
Scarus-iseri_48_jpg.rf.0a7e4f7f73ad56f43246ac6787501f2d.jpg,41,41,correct_match,0.9356206918283134
Scarus-coelestinus_11_jpg.rf.41503e02cf0308bfdd8d4fc39317a2df.jpg,38,38,correct_match,0.9365324087101857
2024-09-05_08-48-42-06-00_0004_104MEDIA_DSCF0071_JPG.rf.c27bbea2f5eb93fa4597d614df439c67.jpg,42,42,correct_match,0.8421612748364491
2024-09-05_08-48-42-06-00_0004_104MEDIA_DSCF0071_JPG.rf.c27bbea2f5eb93fa4597d614df439c67.jpg,42,42,correct_match,0.8776062948963641
2024-09-01_08-23-18-06-00_0004_102MEDIA_DSCF0135_JPG.rf.1d52fc49e83acb118e5c7b457697245f.jpg,50,50,correct_match,0.7891054341309568
2024-09-01_08-23-18-06-00_0004_102MEDIA_DSCF0135_JPG.rf.1d52fc49e83acb118e5c7b457697245f.jpg,50,50,correct_match,0.7858702069362935
Bodianus-rufus_43_jpeg.rf.b13dfeb9b3f84efa9533c973d8f297b8.jpg,6,6,correct_match,0.95662068320831
Bodianus-rufus_43_jpeg.rf.b13dfeb9b3f84efa9533c973d8f297b8.jpg,6,6,correct_match,0.868861163581775
2024-08-24_15-20-54-06-00_0001_106MEDIA_DSCF0018_JPG.rf.c0c1ef33c60d74645603bd80809fde95.jpg,23,background,unmatched_ground_truth,NA
2024-08-24_15-20-54-06-00_0001_106MEDIA_DSCF0018_JPG.rf.c0c1ef33c60d74645603bd80809fde95.jpg,23,background,unmatched_ground_truth,NA
Acanthurus-coeruleus_29_jpg.rf.c422ac7dfb32365d801f81143f330037.jpg,3,3,correct_match,0.9610563504045053
Acanthurus-coeruleus_29_jpg.rf.c422ac7dfb32365d801f81143f330037.jpg,3,3,correct_match,0.95692083334427
Sparisoma-viride_9_jpg.rf.893b4a3d715d308b067d1db78157e1ef.jpg,48,48,correct_match,0.9740365516889937
Sparisoma-viride_9_jpg.rf.893b4a3d715d308b067d1db78157e1ef.jpg,48,48,correct_match,0.7260833957972026
Sparisoma-viride_9_jpg.rf.893b4a3d715d308b067d1db78157e1ef.jpg,48,48,correct_match,0.9796447258985371
2024-08-25_16-12-44-06-00_0001_106MEDIA_DSCF0516_JPG.rf.420ca1779a55c36189982c3c5f99b07c.jpg,36,36,correct_match,0.9284947017259292
2024-08-25_16-12-44-06-00_0001_106MEDIA_DSCF0516_JPG.rf.420ca1779a55c36189982c3c5f99b07c.jpg,36,36,correct_match,0.8392204604622011
2024-08-25_16-12-44-06-00_0001_106MEDIA_DSCF0516_JPG.rf.420ca1779a55c36189982c3c5f99b07c.jpg,background,26,unmatched_prediction,NA
2024-08-25_16-12-44-06-00_0001_106MEDIA_DSCF0516_JPG.rf.420ca1779a55c36189982c3c5f99b07c.jpg,background,26,unmatched_prediction,NA
Kyphosus-vaigiensis_48_jpg.rf.96481fdd6f33d75b4eea77af727d0f62.jpg,27,27,correct_match,0.9662844164192248
Kyphosus-vaigiensis_48_jpg.rf.96481fdd6f33d75b4eea77af727d0f62.jpg,27,background,unmatched_ground_truth,NA
Chaetodon-ocellatus_21_jpg.rf.c9eddf6a29575eef0e2bd71179051d8c.jpg,13,13,correct_match,0.860729979247716
Chaetodon-ocellatus_21_jpg.rf.c9eddf6a29575eef0e2bd71179051d8c.jpg,13,background,unmatched_ground_truth,NA
Chaetodon-ocellatus_21_jpg.rf.c9eddf6a29575eef0e2bd71179051d8c.jpg,13,13,correct_match,0.8552086680005442
Chaetodon-ocellatus_21_jpg.rf.c9eddf6a29575eef0e2bd71179051d8c.jpg,13,background,unmatched_ground_truth,NA
Chaetodon-ocellatus_21_jpg.rf.c9eddf6a29575eef0e2bd71179051d8c.jpg,13,background,unmatched_ground_truth,NA
Epinephelus-morio_36_jpg.rf.9444f5f6b43a3f2862693c1d52f48725.jpg,18,18,correct_match,0.890357406724857
Epinephelus-morio_36_jpg.rf.9444f5f6b43a3f2862693c1d52f48725.jpg,18,18,correct_match,0.9033029142331753
Rhomboplites-aurorubens_4_jpg.rf.f0e9b9bd1a95a63b577bead216527593.jpg,37,37,correct_match,0.9449104241829284
Rhomboplites-aurorubens_4_jpg.rf.f0e9b9bd1a95a63b577bead216527593.jpg,37,background,unmatched_ground_truth,NA
Rhomboplites-aurorubens_4_jpg.rf.f0e9b9bd1a95a63b577bead216527593.jpg,37,37,correct_match,0.7208378109443213
Rhomboplites-aurorubens_4_jpg.rf.f0e9b9bd1a95a63b577bead216527593.jpg,37,37,correct_match,0.5585864855867895
Rhomboplites-aurorubens_4_jpg.rf.f0e9b9bd1a95a63b577bead216527593.jpg,background,37,unmatched_prediction,NA
Scarus-guacamaia_38_jpeg.rf.96ce3627f737c8006d495d17553ffcb3.jpg,40,40,correct_match,0.8947290283788242
Scarus-guacamaia_38_jpeg.rf.96ce3627f737c8006d495d17553ffcb3.jpg,40,40,correct_match,0.9228643669048797
Scarus-guacamaia_38_jpeg.rf.96ce3627f737c8006d495d17553ffcb3.jpg,40,40,correct_match,0.9249971058126474
Scarus-guacamaia_38_jpeg.rf.96ce3627f737c8006d495d17553ffcb3.jpg,40,background,unmatched_ground_truth,NA
2024-08-18_06-43-48-06-00_0003_102MEDIA_DSCF0951_JPG.rf.250c4ccbfa79e4f4593ca3389dec81ba.jpg,19,19,correct_match,0.8329862001492095
2024-08-18_06-43-48-06-00_0003_102MEDIA_DSCF0951_JPG.rf.250c4ccbfa79e4f4593ca3389dec81ba.jpg,19,19,correct_match,0.7960050335831491
Sparisoma-chrysopterum_45_jpg.rf.b68d5cbdcc7ed33bd7831be8799652e2.jpg,46,46,correct_match,0.9186897385600084
Scarus-taeniopterus_23_jpg.rf.30e469a8f4f6ce89005a9538d9f80435.jpg,43,43,correct_match,0.9129765628149996
Scarus-taeniopterus_23_jpg.rf.30e469a8f4f6ce89005a9538d9f80435.jpg,43,43,correct_match,0.9419436680565152
Scarus-taeniopterus_23_jpg.rf.30e469a8f4f6ce89005a9538d9f80435.jpg,43,43,correct_match,0.8896842925989483
Rhomboplites-aurorubens_12_png.rf.898218d4dfb052c981eb70e2265301dc.jpg,37,37,correct_match,0.8993787362596316
Rhomboplites-aurorubens_12_png.rf.898218d4dfb052c981eb70e2265301dc.jpg,52,background,unmatched_ground_truth,NA
Rhomboplites-aurorubens_12_png.rf.898218d4dfb052c981eb70e2265301dc.jpg,37,background,unmatched_ground_truth,NA
Rhomboplites-aurorubens_12_png.rf.898218d4dfb052c981eb70e2265301dc.jpg,52,background,unmatched_ground_truth,NA
Mycteroperca-bonaci_40_jpeg.rf.22078d4c53601efde061888464ab8103.jpg,32,32,correct_match,0.8883486802378159
Mycteroperca-bonaci_40_jpeg.rf.22078d4c53601efde061888464ab8103.jpg,32,32,correct_match,0.9071567577502453
2024-08-17_15-16-54-06-00_0004_102MEDIA_DSCF0628_JPG.rf.b469514219e6b67a8385c057b87d744d.jpg,47,47,correct_match,0.92865074032175
2024-08-17_15-16-54-06-00_0004_102MEDIA_DSCF0628_JPG.rf.b469514219e6b67a8385c057b87d744d.jpg,47,47,correct_match,0.6256491469129296
2024-08-17_15-16-54-06-00_0004_102MEDIA_DSCF0628_JPG.rf.b469514219e6b67a8385c057b87d744d.jpg,47,47,correct_match,0.886237223125149
2024-08-17_13-41-20-06-00_0002_102MEDIA_DSCF0609_JPG.rf.e04aed354fd764467f18e20fa2c9c762.jpg,8,8,correct_match,0.9334079740262928
2024-08-17_13-41-20-06-00_0002_102MEDIA_DSCF0609_JPG.rf.e04aed354fd764467f18e20fa2c9c762.jpg,8,8,correct_match,0.8546286287891456
2024-08-17_13-41-20-06-00_0002_102MEDIA_DSCF0609_JPG.rf.e04aed354fd764467f18e20fa2c9c762.jpg,background,22,unmatched_prediction,NA
2024-08-17_13-41-20-06-00_0002_102MEDIA_DSCF0609_JPG.rf.e04aed354fd764467f18e20fa2c9c762.jpg,background,22,unmatched_prediction,NA
Cephalopholis-cruentata_34_jpg.rf.bc18d5452d51b89be9050a1d6a502b30.jpg,11,18,class_confusion,0.9765093776860299
Rhomboplites-aurorubens_1_jpg.rf.cdf87fef27237e98642df779d26ea654.jpg,52,background,unmatched_ground_truth,NA
Rhomboplites-aurorubens_1_jpg.rf.cdf87fef27237e98642df779d26ea654.jpg,37,37,correct_match,0.75941320786672
Rhomboplites-aurorubens_1_jpg.rf.cdf87fef27237e98642df779d26ea654.jpg,37,37,correct_match,0.868178540107621
Rhomboplites-aurorubens_1_jpg.rf.cdf87fef27237e98642df779d26ea654.jpg,37,37,correct_match,0.9288069425189523
Rhomboplites-aurorubens_1_jpg.rf.cdf87fef27237e98642df779d26ea654.jpg,37,37,correct_match,0.8431412752825924
Rhomboplites-aurorubens_1_jpg.rf.cdf87fef27237e98642df779d26ea654.jpg,37,37,correct_match,0.6734918771486753
Rhomboplites-aurorubens_1_jpg.rf.cdf87fef27237e98642df779d26ea654.jpg,37,37,correct_match,0.8208861788218804
Rhomboplites-aurorubens_1_jpg.rf.cdf87fef27237e98642df779d26ea654.jpg,37,37,correct_match,0.7231856573183874
Rhomboplites-aurorubens_1_jpg.rf.cdf87fef27237e98642df779d26ea654.jpg,37,background,unmatched_ground_truth,NA
Rhomboplites-aurorubens_1_jpg.rf.cdf87fef27237e98642df779d26ea654.jpg,37,37,correct_match,0.705579278891359
Rhomboplites-aurorubens_1_jpg.rf.cdf87fef27237e98642df779d26ea654.jpg,37,background,unmatched_ground_truth,NA
Rhomboplites-aurorubens_1_jpg.rf.cdf87fef27237e98642df779d26ea654.jpg,37,background,unmatched_ground_truth,NA
Rhomboplites-aurorubens_1_jpg.rf.cdf87fef27237e98642df779d26ea654.jpg,37,background,unmatched_ground_truth,NA
Rhomboplites-aurorubens_1_jpg.rf.cdf87fef27237e98642df779d26ea654.jpg,52,background,unmatched_ground_truth,NA
Rhomboplites-aurorubens_1_jpg.rf.cdf87fef27237e98642df779d26ea654.jpg,52,background,unmatched_ground_truth,NA
Rhomboplites-aurorubens_1_jpg.rf.cdf87fef27237e98642df779d26ea654.jpg,52,background,unmatched_ground_truth,NA
Rhomboplites-aurorubens_1_jpg.rf.cdf87fef27237e98642df779d26ea654.jpg,52,37,class_confusion,0.7635254936953201
Rhomboplites-aurorubens_1_jpg.rf.cdf87fef27237e98642df779d26ea654.jpg,52,37,class_confusion,0.7620014087243546
Rhomboplites-aurorubens_1_jpg.rf.cdf87fef27237e98642df779d26ea654.jpg,52,background,unmatched_ground_truth,NA
Rhomboplites-aurorubens_1_jpg.rf.cdf87fef27237e98642df779d26ea654.jpg,37,background,unmatched_ground_truth,NA
Rhomboplites-aurorubens_1_jpg.rf.cdf87fef27237e98642df779d26ea654.jpg,52,background,unmatched_ground_truth,NA
Rhomboplites-aurorubens_1_jpg.rf.cdf87fef27237e98642df779d26ea654.jpg,37,37,correct_match,0.8252637198280235
Rhomboplites-aurorubens_1_jpg.rf.cdf87fef27237e98642df779d26ea654.jpg,37,background,unmatched_ground_truth,NA
Rhomboplites-aurorubens_1_jpg.rf.cdf87fef27237e98642df779d26ea654.jpg,37,background,unmatched_ground_truth,NA
Rhomboplites-aurorubens_1_jpg.rf.cdf87fef27237e98642df779d26ea654.jpg,37,background,unmatched_ground_truth,NA
Rhomboplites-aurorubens_1_jpg.rf.cdf87fef27237e98642df779d26ea654.jpg,37,37,correct_match,0.5096505778075675
Rhomboplites-aurorubens_1_jpg.rf.cdf87fef27237e98642df779d26ea654.jpg,37,background,unmatched_ground_truth,NA
Rhomboplites-aurorubens_1_jpg.rf.cdf87fef27237e98642df779d26ea654.jpg,37,37,correct_match,0.7045946488546413
Rhomboplites-aurorubens_1_jpg.rf.cdf87fef27237e98642df779d26ea654.jpg,37,37,correct_match,0.7367959612383981
Rhomboplites-aurorubens_1_jpg.rf.cdf87fef27237e98642df779d26ea654.jpg,37,background,unmatched_ground_truth,NA
Rhomboplites-aurorubens_1_jpg.rf.cdf87fef27237e98642df779d26ea654.jpg,37,37,correct_match,0.6907844245239412
Rhomboplites-aurorubens_1_jpg.rf.cdf87fef27237e98642df779d26ea654.jpg,37,background,unmatched_ground_truth,NA
Rhomboplites-aurorubens_1_jpg.rf.cdf87fef27237e98642df779d26ea654.jpg,37,background,unmatched_ground_truth,NA
Rhomboplites-aurorubens_1_jpg.rf.cdf87fef27237e98642df779d26ea654.jpg,37,background,unmatched_ground_truth,NA
Rhomboplites-aurorubens_1_jpg.rf.cdf87fef27237e98642df779d26ea654.jpg,52,background,unmatched_ground_truth,NA
Rhomboplites-aurorubens_1_jpg.rf.cdf87fef27237e98642df779d26ea654.jpg,52,background,unmatched_ground_truth,NA
Rhomboplites-aurorubens_1_jpg.rf.cdf87fef27237e98642df779d26ea654.jpg,52,background,unmatched_ground_truth,NA
Rhomboplites-aurorubens_1_jpg.rf.cdf87fef27237e98642df779d26ea654.jpg,52,37,class_confusion,0.7817679285264882
Rhomboplites-aurorubens_1_jpg.rf.cdf87fef27237e98642df779d26ea654.jpg,52,background,unmatched_ground_truth,NA
Rhomboplites-aurorubens_1_jpg.rf.cdf87fef27237e98642df779d26ea654.jpg,52,background,unmatched_ground_truth,NA
Rhomboplites-aurorubens_1_jpg.rf.cdf87fef27237e98642df779d26ea654.jpg,37,37,correct_match,0.7767334596405081
Rhomboplites-aurorubens_1_jpg.rf.cdf87fef27237e98642df779d26ea654.jpg,background,37,unmatched_prediction,NA
Rhomboplites-aurorubens_1_jpg.rf.cdf87fef27237e98642df779d26ea654.jpg,background,37,unmatched_prediction,NA
Rhomboplites-aurorubens_1_jpg.rf.cdf87fef27237e98642df779d26ea654.jpg,background,37,unmatched_prediction,NA
Rhomboplites-aurorubens_1_jpg.rf.cdf87fef27237e98642df779d26ea654.jpg,background,37,unmatched_prediction,NA
2024-08-25_16-45-46-06-00_0001_106MEDIA_DSCF0527_JPG.rf.6ba6ff55b2d21d1513f9d7aff00e0301.jpg,26,26,correct_match,0.8801058362803882
2024-08-25_16-45-46-06-00_0001_106MEDIA_DSCF0527_JPG.rf.6ba6ff55b2d21d1513f9d7aff00e0301.jpg,26,26,correct_match,0.9306466292459771
2024-08-25_16-45-46-06-00_0001_106MEDIA_DSCF0527_JPG.rf.6ba6ff55b2d21d1513f9d7aff00e0301.jpg,background,26,unmatched_prediction,NA
2024-08-25_16-45-46-06-00_0001_106MEDIA_DSCF0527_JPG.rf.6ba6ff55b2d21d1513f9d7aff00e0301.jpg,background,26,unmatched_prediction,NA
2024-08-18_07-10-48-06-00_0004_102MEDIA_DSCF0947_JPG.rf.60ecd71756be3d95dc4867fbfb838af8.jpg,9,9,correct_match,0.875843625139185
2024-08-18_07-10-48-06-00_0004_102MEDIA_DSCF0947_JPG.rf.60ecd71756be3d95dc4867fbfb838af8.jpg,9,9,correct_match,0.8879121771501811
2024-08-18_07-10-48-06-00_0004_102MEDIA_DSCF0947_JPG.rf.60ecd71756be3d95dc4867fbfb838af8.jpg,9,9,correct_match,0.7361969022069196
2024-08-18_07-10-48-06-00_0004_102MEDIA_DSCF0947_JPG.rf.60ecd71756be3d95dc4867fbfb838af8.jpg,9,9,correct_match,0.874121741838448
2024-08-18_07-10-48-06-00_0004_102MEDIA_DSCF0947_JPG.rf.60ecd71756be3d95dc4867fbfb838af8.jpg,9,9,correct_match,0.704365475769301
2024-08-18_07-10-48-06-00_0004_102MEDIA_DSCF0947_JPG.rf.60ecd71756be3d95dc4867fbfb838af8.jpg,9,9,correct_match,0.8031282168864171
2024-08-18_07-10-48-06-00_0004_102MEDIA_DSCF0947_JPG.rf.60ecd71756be3d95dc4867fbfb838af8.jpg,9,9,correct_match,0.838066376069672
2024-08-18_07-10-48-06-00_0004_102MEDIA_DSCF0947_JPG.rf.60ecd71756be3d95dc4867fbfb838af8.jpg,9,9,correct_match,0.7648561899409332
2024-08-18_07-10-48-06-00_0004_102MEDIA_DSCF0947_JPG.rf.60ecd71756be3d95dc4867fbfb838af8.jpg,9,9,correct_match,0.9001613404776145
2024-08-18_07-10-48-06-00_0004_102MEDIA_DSCF0947_JPG.rf.60ecd71756be3d95dc4867fbfb838af8.jpg,9,9,correct_match,0.8473339784568829
2024-08-18_07-10-48-06-00_0004_102MEDIA_DSCF0947_JPG.rf.60ecd71756be3d95dc4867fbfb838af8.jpg,9,9,correct_match,0.7697699842048061
2024-08-18_07-10-48-06-00_0004_102MEDIA_DSCF0947_JPG.rf.60ecd71756be3d95dc4867fbfb838af8.jpg,9,9,correct_match,0.8403167150307486
2024-08-18_07-10-48-06-00_0004_102MEDIA_DSCF0947_JPG.rf.60ecd71756be3d95dc4867fbfb838af8.jpg,9,9,correct_match,0.745397080466686
2024-08-18_07-10-48-06-00_0004_102MEDIA_DSCF0947_JPG.rf.60ecd71756be3d95dc4867fbfb838af8.jpg,9,9,correct_match,0.6731619341581957
2024-08-18_07-10-48-06-00_0004_102MEDIA_DSCF0947_JPG.rf.60ecd71756be3d95dc4867fbfb838af8.jpg,9,9,correct_match,0.8660931792824476
2024-08-18_07-10-48-06-00_0004_102MEDIA_DSCF0947_JPG.rf.60ecd71756be3d95dc4867fbfb838af8.jpg,9,9,correct_match,0.8520994045892415
2024-08-18_07-10-48-06-00_0004_102MEDIA_DSCF0947_JPG.rf.60ecd71756be3d95dc4867fbfb838af8.jpg,9,9,correct_match,0.6607887017808141
2024-08-18_07-10-48-06-00_0004_102MEDIA_DSCF0947_JPG.rf.60ecd71756be3d95dc4867fbfb838af8.jpg,9,9,correct_match,0.7087809923807
2024-08-18_07-10-48-06-00_0004_102MEDIA_DSCF0947_JPG.rf.60ecd71756be3d95dc4867fbfb838af8.jpg,9,9,correct_match,0.9019853292006801
2024-08-18_07-10-48-06-00_0004_102MEDIA_DSCF0947_JPG.rf.60ecd71756be3d95dc4867fbfb838af8.jpg,9,9,correct_match,0.7877972418832746
2024-08-18_07-10-48-06-00_0004_102MEDIA_DSCF0947_JPG.rf.60ecd71756be3d95dc4867fbfb838af8.jpg,9,background,unmatched_ground_truth,NA
2024-08-18_07-10-48-06-00_0004_102MEDIA_DSCF0947_JPG.rf.60ecd71756be3d95dc4867fbfb838af8.jpg,9,9,correct_match,0.7185634843654342
2024-08-18_07-10-48-06-00_0004_102MEDIA_DSCF0947_JPG.rf.60ecd71756be3d95dc4867fbfb838af8.jpg,9,9,correct_match,0.8689801955961997
2024-08-18_07-10-48-06-00_0004_102MEDIA_DSCF0947_JPG.rf.60ecd71756be3d95dc4867fbfb838af8.jpg,9,9,correct_match,0.8511330065353504
2024-08-18_07-10-48-06-00_0004_102MEDIA_DSCF0947_JPG.rf.60ecd71756be3d95dc4867fbfb838af8.jpg,9,9,correct_match,0.8594873855000038
2024-08-18_07-10-48-06-00_0004_102MEDIA_DSCF0947_JPG.rf.60ecd71756be3d95dc4867fbfb838af8.jpg,9,9,correct_match,0.7553352862763519
2024-08-18_07-10-48-06-00_0004_102MEDIA_DSCF0947_JPG.rf.60ecd71756be3d95dc4867fbfb838af8.jpg,9,9,correct_match,0.7160567479401464
2024-08-18_07-10-48-06-00_0004_102MEDIA_DSCF0947_JPG.rf.60ecd71756be3d95dc4867fbfb838af8.jpg,9,background,unmatched_ground_truth,NA
2024-08-18_07-10-48-06-00_0004_102MEDIA_DSCF0947_JPG.rf.60ecd71756be3d95dc4867fbfb838af8.jpg,background,9,unmatched_prediction,NA
2024-08-18_07-10-48-06-00_0004_102MEDIA_DSCF0947_JPG.rf.60ecd71756be3d95dc4867fbfb838af8.jpg,background,9,unmatched_prediction,NA
2024-08-18_07-10-48-06-00_0004_102MEDIA_DSCF0947_JPG.rf.60ecd71756be3d95dc4867fbfb838af8.jpg,background,9,unmatched_prediction,NA
2024-08-22_06-56-30-06-00_0003_104MEDIA_DSCF0878_JPG.rf.607d842bb00b332c83cb38d6a34e7465.jpg,50,50,correct_match,0.8925140211837459
2024-08-22_06-56-30-06-00_0003_104MEDIA_DSCF0878_JPG.rf.607d842bb00b332c83cb38d6a34e7465.jpg,50,50,correct_match,0.8427241366429978
Scarus-taeniopterus_35_jpg.rf.604bdba62a49f0f9f175a4adbe5cb152.jpg,43,background,unmatched_ground_truth,NA
Scarus-taeniopterus_35_jpg.rf.604bdba62a49f0f9f175a4adbe5cb152.jpg,43,background,unmatched_ground_truth,NA
Halichoeres-bivittatus_31_jpg.rf.f9042d2a614adbf120ce0c75a0e18452.jpg,25,25,correct_match,0.6124801132993676
Halichoeres-bivittatus_31_jpg.rf.f9042d2a614adbf120ce0c75a0e18452.jpg,25,25,correct_match,0.7690211113017039
Halichoeres-bivittatus_31_jpg.rf.f9042d2a614adbf120ce0c75a0e18452.jpg,25,25,correct_match,0.722875557484147
2024-08-22_10-38-38-06-00_0003_104MEDIA_DSCF0952_JPG.rf.e7fe8b7492b9b5a02c8ec43f65781347.jpg,26,22,class_confusion,0.8991442033739833
2024-08-22_10-38-38-06-00_0003_104MEDIA_DSCF0952_JPG.rf.e7fe8b7492b9b5a02c8ec43f65781347.jpg,26,22,class_confusion,0.8918472248629848
Pomacanthus-paru_7_jpg.rf.27788584dccb7f0cc5b16c7fc890651c.jpg,36,36,correct_match,0.907749516494403
Pomacanthus-arcuatus_7_jpg.rf.59f7f4735bc121266caa0dcac994338f.jpg,35,35,correct_match,0.9005143549408424
Pomacanthus-arcuatus_7_jpg.rf.59f7f4735bc121266caa0dcac994338f.jpg,background,42,unmatched_prediction,NA
Pomacanthus-arcuatus_7_jpg.rf.59f7f4735bc121266caa0dcac994338f.jpg,background,42,unmatched_prediction,NA
2025-09-12_17-32-14-06-00_0002_108MEDIA_DSCF0116_JPG.rf.c1d51a0bfee3851e1f3d6fe290573a39.jpg,34,34,correct_match,0.9651468946059171
2025-09-12_17-32-14-06-00_0002_108MEDIA_DSCF0116_JPG.rf.c1d51a0bfee3851e1f3d6fe290573a39.jpg,34,34,correct_match,0.9578368078171005
Bodianus-rufus_41_jpg.rf.ceba9b89d9ce095dbcee5eb5c46a0fae.jpg,6,6,correct_match,0.9818180303434852
2024-08-22_07-05-08-06-00_0002_104MEDIA_DSCF0884_JPG.rf.87119578292a017782985061c33c4d20.jpg,9,9,correct_match,0.8740542799377794
2024-08-22_07-05-08-06-00_0002_104MEDIA_DSCF0884_JPG.rf.87119578292a017782985061c33c4d20.jpg,9,9,correct_match,0.9119834407541421
2024-08-22_07-05-08-06-00_0002_104MEDIA_DSCF0884_JPG.rf.87119578292a017782985061c33c4d20.jpg,9,9,correct_match,0.8584859855934073
2024-08-22_07-05-08-06-00_0002_104MEDIA_DSCF0884_JPG.rf.87119578292a017782985061c33c4d20.jpg,9,9,correct_match,0.8359860940873747
2024-08-22_07-05-08-06-00_0002_104MEDIA_DSCF0884_JPG.rf.87119578292a017782985061c33c4d20.jpg,9,9,correct_match,0.7694433481637217
2024-08-22_07-05-08-06-00_0002_104MEDIA_DSCF0884_JPG.rf.87119578292a017782985061c33c4d20.jpg,9,9,correct_match,0.8196179969054169
2024-08-22_07-05-08-06-00_0002_104MEDIA_DSCF0884_JPG.rf.87119578292a017782985061c33c4d20.jpg,9,background,unmatched_ground_truth,NA
2024-08-22_07-05-08-06-00_0002_104MEDIA_DSCF0884_JPG.rf.87119578292a017782985061c33c4d20.jpg,9,background,unmatched_ground_truth,NA
2024-08-22_07-05-08-06-00_0002_104MEDIA_DSCF0884_JPG.rf.87119578292a017782985061c33c4d20.jpg,9,9,correct_match,0.7446240285215204
2024-08-22_07-05-08-06-00_0002_104MEDIA_DSCF0884_JPG.rf.87119578292a017782985061c33c4d20.jpg,9,9,correct_match,0.8585632184757495
2024-08-22_07-05-08-06-00_0002_104MEDIA_DSCF0884_JPG.rf.87119578292a017782985061c33c4d20.jpg,9,9,correct_match,0.8690467730151761
2024-08-22_07-05-08-06-00_0002_104MEDIA_DSCF0884_JPG.rf.87119578292a017782985061c33c4d20.jpg,9,9,correct_match,0.8749642482841662
2024-08-22_07-05-08-06-00_0002_104MEDIA_DSCF0884_JPG.rf.87119578292a017782985061c33c4d20.jpg,9,9,correct_match,0.8796445118963058
2024-08-22_07-05-08-06-00_0002_104MEDIA_DSCF0884_JPG.rf.87119578292a017782985061c33c4d20.jpg,9,9,correct_match,0.7751888179948486
2024-08-22_07-05-08-06-00_0002_104MEDIA_DSCF0884_JPG.rf.87119578292a017782985061c33c4d20.jpg,9,background,unmatched_ground_truth,NA
2024-08-22_07-05-08-06-00_0002_104MEDIA_DSCF0884_JPG.rf.87119578292a017782985061c33c4d20.jpg,9,9,correct_match,0.7828308239472513
2024-08-22_07-05-08-06-00_0002_104MEDIA_DSCF0884_JPG.rf.87119578292a017782985061c33c4d20.jpg,9,9,correct_match,0.9208231155461196
2024-08-22_07-05-08-06-00_0002_104MEDIA_DSCF0884_JPG.rf.87119578292a017782985061c33c4d20.jpg,9,9,correct_match,0.9190419955741105
2024-08-22_07-05-08-06-00_0002_104MEDIA_DSCF0884_JPG.rf.87119578292a017782985061c33c4d20.jpg,9,background,unmatched_ground_truth,NA
2024-08-22_07-05-08-06-00_0002_104MEDIA_DSCF0884_JPG.rf.87119578292a017782985061c33c4d20.jpg,9,9,correct_match,0.8211266033959841
2024-08-22_07-05-08-06-00_0002_104MEDIA_DSCF0884_JPG.rf.87119578292a017782985061c33c4d20.jpg,9,9,correct_match,0.9267946887582191
2024-08-22_07-05-08-06-00_0002_104MEDIA_DSCF0884_JPG.rf.87119578292a017782985061c33c4d20.jpg,9,9,correct_match,0.8248028869350907
2024-08-22_07-05-08-06-00_0002_104MEDIA_DSCF0884_JPG.rf.87119578292a017782985061c33c4d20.jpg,background,4,unmatched_prediction,NA
2024-08-22_07-05-08-06-00_0002_104MEDIA_DSCF0884_JPG.rf.87119578292a017782985061c33c4d20.jpg,background,4,unmatched_prediction,NA
2024-09-19_08-36-32-06-00_0004_110MEDIA_DSCF0808_JPG.rf.029bc6b7d71bb443b0a3dea35044c3d5.jpg,42,52,class_confusion,0.6451050221243696
2024-09-19_08-36-32-06-00_0004_110MEDIA_DSCF0808_JPG.rf.029bc6b7d71bb443b0a3dea35044c3d5.jpg,42,52,class_confusion,0.7319227917005402
Sparisoma-viride_8_jpg.rf.d3665826745f357dda468eb84f589e53.jpg,48,48,correct_match,0.8724469215893313
Sparisoma-viride_8_jpg.rf.d3665826745f357dda468eb84f589e53.jpg,48,background,unmatched_ground_truth,NA
Sparisoma-viride_8_jpg.rf.d3665826745f357dda468eb84f589e53.jpg,48,background,unmatched_ground_truth,NA
Sparisoma-viride_8_jpg.rf.d3665826745f357dda468eb84f589e53.jpg,background,48,unmatched_prediction,NA
Chromis-scotti_6_jpg.rf.c8f5df2b3cc93b9323bcf390e7913ea5.jpg,16,16,correct_match,0.9473802985084008
Chromis-scotti_6_jpg.rf.c8f5df2b3cc93b9323bcf390e7913ea5.jpg,16,background,unmatched_ground_truth,NA
Chromis-scotti_6_jpg.rf.c8f5df2b3cc93b9323bcf390e7913ea5.jpg,16,16,correct_match,0.6389651620223058
Chromis-scotti_6_jpg.rf.c8f5df2b3cc93b9323bcf390e7913ea5.jpg,16,background,unmatched_ground_truth,NA
Chromis-scotti_6_jpg.rf.c8f5df2b3cc93b9323bcf390e7913ea5.jpg,16,16,correct_match,0.7305726009168597
Chromis-scotti_6_jpg.rf.c8f5df2b3cc93b9323bcf390e7913ea5.jpg,16,16,correct_match,0.8214183697846037
Chromis-scotti_6_jpg.rf.c8f5df2b3cc93b9323bcf390e7913ea5.jpg,16,16,correct_match,0.7631284041334409
2024-09-09_14-29-48-06-00_0002_106MEDIA_DSCF0298_JPG.rf.9c83c9c1a9f97557e68837fd3453e81f.jpg,26,26,correct_match,0.8305357251240595
2024-09-09_14-29-48-06-00_0002_106MEDIA_DSCF0298_JPG.rf.9c83c9c1a9f97557e68837fd3453e81f.jpg,26,26,correct_match,0.7740123980293128
2024-09-09_14-29-48-06-00_0002_106MEDIA_DSCF0298_JPG.rf.9c83c9c1a9f97557e68837fd3453e81f.jpg,26,26,correct_match,0.7490241324818099
Sparisoma-viride_6_jpg.rf.fbfc01b5590576e216b2988f84bcab11.jpg,48,48,correct_match,0.9636205823036756
Chaetodon-ocellatus_31_jpeg.rf.fff72bd82345720e7ca700cfd80bca8f.jpg,13,13,correct_match,0.8501332011301521
Chaetodon-ocellatus_31_jpeg.rf.fff72bd82345720e7ca700cfd80bca8f.jpg,13,13,correct_match,0.7537320607965207
2024-08-12_14-04-22-06-00_0003_100MEDIA_DSCF0208_JPG.rf.863f6027ab5443d599ee0875fb8463da.jpg,1,1,correct_match,0.8511111315601257
2024-08-12_14-04-22-06-00_0003_100MEDIA_DSCF0208_JPG.rf.863f6027ab5443d599ee0875fb8463da.jpg,1,1,correct_match,0.8876510059975233
2024-08-12_14-04-22-06-00_0003_100MEDIA_DSCF0208_JPG.rf.863f6027ab5443d599ee0875fb8463da.jpg,1,1,correct_match,0.7834932073823083
2024-08-12_14-04-22-06-00_0003_100MEDIA_DSCF0208_JPG.rf.863f6027ab5443d599ee0875fb8463da.jpg,1,1,correct_match,0.8146540002257221
2024-08-12_14-04-22-06-00_0003_100MEDIA_DSCF0208_JPG.rf.863f6027ab5443d599ee0875fb8463da.jpg,1,1,correct_match,0.8826399153440491
2024-08-12_14-04-22-06-00_0003_100MEDIA_DSCF0208_JPG.rf.863f6027ab5443d599ee0875fb8463da.jpg,1,1,correct_match,0.7068734951769844
Scarus-vetula_19_png.rf.5c323334cd5c78c5a89dadd7f50e7e7a.jpg,44,background,unmatched_ground_truth,NA
Scarus-vetula_19_png.rf.5c323334cd5c78c5a89dadd7f50e7e7a.jpg,44,40,class_confusion,0.8739256851510561
Scarus-vetula_19_png.rf.5c323334cd5c78c5a89dadd7f50e7e7a.jpg,44,40,class_confusion,0.8897441583736793
Scarus-vetula_19_png.rf.5c323334cd5c78c5a89dadd7f50e7e7a.jpg,44,background,unmatched_ground_truth,NA
2024-08-12_14-16-20-06-00_0003_100MEDIA_DSCF0212_JPG.rf.5419ae1a9fdccc46e7ae5ee3e85cb4ce.jpg,47,47,correct_match,0.9381676482100639
2024-08-12_14-16-20-06-00_0003_100MEDIA_DSCF0212_JPG.rf.5419ae1a9fdccc46e7ae5ee3e85cb4ce.jpg,42,background,unmatched_ground_truth,NA
2024-08-12_14-16-20-06-00_0003_100MEDIA_DSCF0212_JPG.rf.5419ae1a9fdccc46e7ae5ee3e85cb4ce.jpg,47,background,unmatched_ground_truth,NA
2024-08-12_14-16-20-06-00_0003_100MEDIA_DSCF0212_JPG.rf.5419ae1a9fdccc46e7ae5ee3e85cb4ce.jpg,47,47,correct_match,0.9275143973865344
2024-08-12_14-16-20-06-00_0003_100MEDIA_DSCF0212_JPG.rf.5419ae1a9fdccc46e7ae5ee3e85cb4ce.jpg,42,background,unmatched_ground_truth,NA
2024-08-12_15-39-42-06-00_0001_100MEDIA_DSCF0246_JPG.rf.9f482788c24e0c9f93bb940904db0592.jpg,1,1,correct_match,0.9246741042806063
2024-08-12_15-39-42-06-00_0001_100MEDIA_DSCF0246_JPG.rf.9f482788c24e0c9f93bb940904db0592.jpg,1,1,correct_match,0.7621997968948243
2024-08-12_15-39-42-06-00_0001_100MEDIA_DSCF0246_JPG.rf.9f482788c24e0c9f93bb940904db0592.jpg,1,1,correct_match,0.6855404032882765
2024-08-12_15-39-42-06-00_0001_100MEDIA_DSCF0246_JPG.rf.9f482788c24e0c9f93bb940904db0592.jpg,1,background,unmatched_ground_truth,NA
2024-08-12_15-39-42-06-00_0001_100MEDIA_DSCF0246_JPG.rf.9f482788c24e0c9f93bb940904db0592.jpg,1,1,correct_match,0.901710350178279
2024-08-12_15-39-42-06-00_0001_100MEDIA_DSCF0246_JPG.rf.9f482788c24e0c9f93bb940904db0592.jpg,1,1,correct_match,0.8050507613836907
2024-08-12_15-39-42-06-00_0001_100MEDIA_DSCF0246_JPG.rf.9f482788c24e0c9f93bb940904db0592.jpg,1,1,correct_match,0.700246330772602
2024-08-12_15-39-42-06-00_0001_100MEDIA_DSCF0246_JPG.rf.9f482788c24e0c9f93bb940904db0592.jpg,1,1,correct_match,0.5328116042047134
2024-08-12_15-39-42-06-00_0001_100MEDIA_DSCF0246_JPG.rf.9f482788c24e0c9f93bb940904db0592.jpg,background,1,unmatched_prediction,NA
2024-08-12_15-39-42-06-00_0001_100MEDIA_DSCF0246_JPG.rf.9f482788c24e0c9f93bb940904db0592.jpg,background,21,unmatched_prediction,NA
Chaetodon-capistratus_10_jpg.rf.e821b091b04cdd3259313fa5a9eb4073.jpg,12,12,correct_match,0.9444746967125297
Chaetodon-capistratus_10_jpg.rf.e821b091b04cdd3259313fa5a9eb4073.jpg,12,12,correct_match,0.7126830799269449
2024-08-22_10-02-36-06-00_0003_104MEDIA_DSCF0940_JPG.rf.258e7ef8671e527272f5c8db3b3379a4.jpg,8,8,correct_match,0.7865488734644026
2024-08-22_10-02-36-06-00_0003_104MEDIA_DSCF0940_JPG.rf.258e7ef8671e527272f5c8db3b3379a4.jpg,8,8,correct_match,0.8649930837642703
Scarus-iseri_21_jpeg.rf.0274c8b623367cf6394abbcb7b4954e0.jpg,52,background,unmatched_ground_truth,NA
Scarus-iseri_21_jpeg.rf.0274c8b623367cf6394abbcb7b4954e0.jpg,41,42,class_confusion,0.9141921301764439
Scarus-iseri_21_jpeg.rf.0274c8b623367cf6394abbcb7b4954e0.jpg,52,background,unmatched_ground_truth,NA
Scarus-iseri_21_jpeg.rf.0274c8b623367cf6394abbcb7b4954e0.jpg,41,42,class_confusion,0.9101005145979201
Scarus-iseri_21_jpeg.rf.0274c8b623367cf6394abbcb7b4954e0.jpg,41,42,class_confusion,0.9164577936699406
Scarus-taeniopterus_37_jpeg.rf.59bfc41e2cbfa574e7ef55e875cae316.jpg,43,43,correct_match,0.9725561524244508
Scarus-taeniopterus_37_jpeg.rf.59bfc41e2cbfa574e7ef55e875cae316.jpg,43,background,unmatched_ground_truth,NA
Lutjanus-jocu_48_jpg.rf.63fdafca92a0ac1af5c55a611990f6dc.jpg,31,31,correct_match,0.8854610716795757
Lutjanus-jocu_48_jpg.rf.63fdafca92a0ac1af5c55a611990f6dc.jpg,31,31,correct_match,0.8392357783602705
Sparisoma-viride_21_jpeg.rf.63817d20968bfe11dee184fd484da141.jpg,49,49,correct_match,0.9410012131420004
Sparisoma-viride_21_jpeg.rf.63817d20968bfe11dee184fd484da141.jpg,49,49,correct_match,0.9089306489784276
2024-08-13_17-02-44-06-00_0002_100MEDIA_DSCF0750_JPG.rf.adec920eeaa2aae77a7ec081710350f8.jpg,10,10,correct_match,0.9036922391678092
2024-08-13_17-02-44-06-00_0002_100MEDIA_DSCF0750_JPG.rf.adec920eeaa2aae77a7ec081710350f8.jpg,27,27,correct_match,0.8610535813808406
2024-08-13_17-02-44-06-00_0002_100MEDIA_DSCF0750_JPG.rf.adec920eeaa2aae77a7ec081710350f8.jpg,10,10,correct_match,0.9406216287570629
2024-08-13_17-02-44-06-00_0002_100MEDIA_DSCF0750_JPG.rf.adec920eeaa2aae77a7ec081710350f8.jpg,27,background,unmatched_ground_truth,NA
2024-09-10_16-55-30-06-00_0001_106MEDIA_DSCF0818_JPG.rf.9abe0f135e389db8f52e3ea2959e137e.jpg,39,41,class_confusion,0.8445714971240869
2024-09-10_16-55-30-06-00_0001_106MEDIA_DSCF0818_JPG.rf.9abe0f135e389db8f52e3ea2959e137e.jpg,39,41,class_confusion,0.7938093970492268
2024-08-21_17-35-20-06-00_0002_104MEDIA_DSCF0613_JPG.rf.ce4753e999239dd4af8b9489ce5bc6f9.jpg,26,26,correct_match,0.9289219685383419
2024-08-21_17-35-20-06-00_0002_104MEDIA_DSCF0613_JPG.rf.ce4753e999239dd4af8b9489ce5bc6f9.jpg,26,26,correct_match,0.918834493710491
Rhomboplites-aurorubens_7_jpg.rf.7480876d4a55360b4e64a147b63b0aa6.jpg,37,37,correct_match,0.5245304465780899
Rhomboplites-aurorubens_7_jpg.rf.7480876d4a55360b4e64a147b63b0aa6.jpg,37,background,unmatched_ground_truth,NA
Rhomboplites-aurorubens_7_jpg.rf.7480876d4a55360b4e64a147b63b0aa6.jpg,37,37,correct_match,0.9216436145502594
Rhomboplites-aurorubens_7_jpg.rf.7480876d4a55360b4e64a147b63b0aa6.jpg,37,37,correct_match,0.9460980454676309
Rhomboplites-aurorubens_7_jpg.rf.7480876d4a55360b4e64a147b63b0aa6.jpg,37,37,correct_match,0.9390041235980178
Rhomboplites-aurorubens_7_jpg.rf.7480876d4a55360b4e64a147b63b0aa6.jpg,37,37,correct_match,0.9459920902187727
Rhomboplites-aurorubens_7_jpg.rf.7480876d4a55360b4e64a147b63b0aa6.jpg,37,background,unmatched_ground_truth,NA
Rhomboplites-aurorubens_7_jpg.rf.7480876d4a55360b4e64a147b63b0aa6.jpg,37,37,correct_match,0.8945927066263474
Rhomboplites-aurorubens_7_jpg.rf.7480876d4a55360b4e64a147b63b0aa6.jpg,37,37,correct_match,0.7076177832259442
Rhomboplites-aurorubens_7_jpg.rf.7480876d4a55360b4e64a147b63b0aa6.jpg,37,background,unmatched_ground_truth,NA
Rhomboplites-aurorubens_7_jpg.rf.7480876d4a55360b4e64a147b63b0aa6.jpg,37,37,correct_match,0.9107504959288916
Rhomboplites-aurorubens_7_jpg.rf.7480876d4a55360b4e64a147b63b0aa6.jpg,background,37,unmatched_prediction,NA
2024-08-15_18-17-38-06-00_0003_101MEDIA_DSCF0739_JPG.rf.1ae4cfde3135b61e598ddd5e5fdb1602.jpg,19,19,correct_match,0.8506414620163717
2024-08-15_18-17-38-06-00_0003_101MEDIA_DSCF0739_JPG.rf.1ae4cfde3135b61e598ddd5e5fdb1602.jpg,19,19,correct_match,0.7291661728329204
2024-08-15_18-17-38-06-00_0003_101MEDIA_DSCF0739_JPG.rf.1ae4cfde3135b61e598ddd5e5fdb1602.jpg,background,52,unmatched_prediction,NA
2024-08-15_18-17-38-06-00_0003_101MEDIA_DSCF0739_JPG.rf.1ae4cfde3135b61e598ddd5e5fdb1602.jpg,background,52,unmatched_prediction,NA
2024-08-15_18-17-38-06-00_0003_101MEDIA_DSCF0739_JPG.rf.1ae4cfde3135b61e598ddd5e5fdb1602.jpg,background,52,unmatched_prediction,NA
2024-08-15_18-17-38-06-00_0003_101MEDIA_DSCF0739_JPG.rf.1ae4cfde3135b61e598ddd5e5fdb1602.jpg,background,52,unmatched_prediction,NA
Pomacanthus-paru_42_jpg.rf.d6a30f44830125e54bcf14068656fd7c.jpg,36,36,correct_match,0.9633433016392806
Pomacanthus-paru_42_jpg.rf.d6a30f44830125e54bcf14068656fd7c.jpg,36,36,correct_match,0.8865422638144123
Pomacanthus-paru_42_jpg.rf.d6a30f44830125e54bcf14068656fd7c.jpg,36,36,correct_match,0.8458877035808865
Chaetodon-striatus_23_jpg.rf.6bd8ddd7f5a93e0ad91aa34fb0f86f7a.jpg,15,background,unmatched_ground_truth,NA
Chaetodon-striatus_23_jpg.rf.6bd8ddd7f5a93e0ad91aa34fb0f86f7a.jpg,15,15,correct_match,0.9076074537005612
Chaetodon-striatus_23_jpg.rf.6bd8ddd7f5a93e0ad91aa34fb0f86f7a.jpg,15,15,correct_match,0.9420647040441931
2024-08-19_10-46-50-06-00_0003_103MEDIA_DSCF0513_JPG.rf.ba56323d9c126ce1b79f790f6334278e.jpg,26,26,correct_match,0.8189814831807533
2024-08-19_10-46-50-06-00_0003_103MEDIA_DSCF0513_JPG.rf.ba56323d9c126ce1b79f790f6334278e.jpg,26,26,correct_match,0.9057793559525608
2024-08-19_10-04-52-06-00_0004_103MEDIA_DSCF0487_JPG.rf.85e0fde1f3ee53af5dc523add32c40ae.jpg,15,background,unmatched_ground_truth,NA
2024-08-19_10-04-52-06-00_0004_103MEDIA_DSCF0487_JPG.rf.85e0fde1f3ee53af5dc523add32c40ae.jpg,22,background,unmatched_ground_truth,NA
2024-08-19_10-04-52-06-00_0004_103MEDIA_DSCF0487_JPG.rf.85e0fde1f3ee53af5dc523add32c40ae.jpg,15,background,unmatched_ground_truth,NA
2024-08-19_10-04-52-06-00_0004_103MEDIA_DSCF0487_JPG.rf.85e0fde1f3ee53af5dc523add32c40ae.jpg,22,52,class_confusion,0.7943034002389825
2024-08-15_17-44-16-06-00_0005_101MEDIA_DSCF0671_JPG.rf.35658df174cf84e14231690cebf73233.jpg,28,22,class_confusion,0.9024389486846152
2024-08-15_17-44-16-06-00_0005_101MEDIA_DSCF0671_JPG.rf.35658df174cf84e14231690cebf73233.jpg,28,22,class_confusion,0.8962189298112271
2024-08-19_09-49-48-06-00_0003_103MEDIA_DSCF0494_JPG.rf.89e8d2733f746e40af942b06306c0b1c.jpg,4,4,correct_match,0.6750116901370776
2024-08-19_09-49-48-06-00_0003_103MEDIA_DSCF0494_JPG.rf.89e8d2733f746e40af942b06306c0b1c.jpg,50,50,correct_match,0.8889216012565222
2024-08-19_09-49-48-06-00_0003_103MEDIA_DSCF0494_JPG.rf.89e8d2733f746e40af942b06306c0b1c.jpg,4,4,correct_match,0.6459901843284802
2024-08-19_09-49-48-06-00_0003_103MEDIA_DSCF0494_JPG.rf.89e8d2733f746e40af942b06306c0b1c.jpg,50,50,correct_match,0.8694811013676222
Epinephelus-morio_35_jpeg.rf.d9c7a25363aca95449f6c344e37e0246.jpg,18,18,correct_match,0.9482750887944911
Epinephelus-morio_35_jpeg.rf.d9c7a25363aca95449f6c344e37e0246.jpg,18,background,unmatched_ground_truth,NA
Halichoeres-bivittatus_12_jpg.rf.465319790ab64701ab67b2d4ee480d2f.jpg,25,25,correct_match,0.7228236243383224
Rhomboplites-aurorubens_38_jpeg.rf.625a8391d4e1c355f0d813c163f55e92.jpg,37,37,correct_match,0.9328335587485813
Sparisoma-chrysopterum_54_jpeg.rf.42675f7a625ef648abee676e2dd25dec.jpg,46,46,correct_match,0.909533359939726
2024-08-18_07-55-52-06-00_0003_102MEDIA_DSCF0975_JPG.rf.1e0fc96ff3db149f9cc0237a77be0de1.jpg,8,8,correct_match,0.8019093175992592
2024-08-18_07-55-52-06-00_0003_102MEDIA_DSCF0975_JPG.rf.1e0fc96ff3db149f9cc0237a77be0de1.jpg,8,background,unmatched_ground_truth,NA
2024-08-18_07-55-52-06-00_0003_102MEDIA_DSCF0975_JPG.rf.1e0fc96ff3db149f9cc0237a77be0de1.jpg,8,26,class_confusion,0.5976944819845527
2024-08-18_07-55-52-06-00_0003_102MEDIA_DSCF0975_JPG.rf.1e0fc96ff3db149f9cc0237a77be0de1.jpg,8,background,unmatched_ground_truth,NA
2024-08-18_07-55-52-06-00_0003_102MEDIA_DSCF0975_JPG.rf.1e0fc96ff3db149f9cc0237a77be0de1.jpg,8,8,correct_match,0.6685989604397937
2024-08-18_07-55-52-06-00_0003_102MEDIA_DSCF0975_JPG.rf.1e0fc96ff3db149f9cc0237a77be0de1.jpg,8,background,unmatched_ground_truth,NA
2024-08-18_07-55-52-06-00_0003_102MEDIA_DSCF0975_JPG.rf.1e0fc96ff3db149f9cc0237a77be0de1.jpg,8,background,unmatched_ground_truth,NA
2024-08-18_07-55-52-06-00_0003_102MEDIA_DSCF0975_JPG.rf.1e0fc96ff3db149f9cc0237a77be0de1.jpg,8,26,class_confusion,0.6876015978905318
Cephalopholis-cruentata_5_jpg.rf.f0411387525a8c3b6b5ab18e4f82b684.jpg,11,11,correct_match,0.9050359787598162
Cephalopholis-cruentata_5_jpg.rf.f0411387525a8c3b6b5ab18e4f82b684.jpg,11,background,unmatched_ground_truth,NA
2025-09-16_13-20-08-06-00_0005_109MEDIA_DSCF0938_JPG.rf.53ec76f595a2a111634da7f2ff9ff138.jpg,7,26,class_confusion,0.8889547199891252
2025-09-16_13-20-08-06-00_0005_109MEDIA_DSCF0938_JPG.rf.53ec76f595a2a111634da7f2ff9ff138.jpg,7,background,unmatched_ground_truth,NA
2025-09-16_13-20-08-06-00_0005_109MEDIA_DSCF0938_JPG.rf.53ec76f595a2a111634da7f2ff9ff138.jpg,7,26,class_confusion,0.785525716478162
Scarus-taeniopterus_49_jpg.rf.7e40b26f53171cd8de68444c0ecc16ec.jpg,43,44,class_confusion,0.938996958467237
Scarus-taeniopterus_49_jpg.rf.7e40b26f53171cd8de68444c0ecc16ec.jpg,43,background,unmatched_ground_truth,NA
Scarus-taeniopterus_49_jpg.rf.7e40b26f53171cd8de68444c0ecc16ec.jpg,43,43,correct_match,0.7448977413909482
Scarus-taeniopterus_49_jpg.rf.7e40b26f53171cd8de68444c0ecc16ec.jpg,background,43,unmatched_prediction,NA
Chaetodon-sedentarius_46_jpg.rf.6e4c06aec42857d55a84240ba26d3950.jpg,14,14,correct_match,0.9377862006015072
Chaetodon-sedentarius_46_jpg.rf.6e4c06aec42857d55a84240ba26d3950.jpg,14,background,unmatched_ground_truth,NA
Chaetodon-sedentarius_46_jpg.rf.6e4c06aec42857d55a84240ba26d3950.jpg,14,background,unmatched_ground_truth,NA
Chaetodon-sedentarius_46_jpg.rf.6e4c06aec42857d55a84240ba26d3950.jpg,14,14,correct_match,0.7024241814087505
2024-09-11_16-11-10-06-00_0005_107MEDIA_DSCF0094_JPG.rf.5b79376f7cd9237b7916bf9153d9ffbe.jpg,10,background,unmatched_ground_truth,NA
2024-09-11_16-11-10-06-00_0005_107MEDIA_DSCF0094_JPG.rf.5b79376f7cd9237b7916bf9153d9ffbe.jpg,10,background,unmatched_ground_truth,NA
Urobatis-jamaicensis_32_png.rf.68b262ecf3065b0dc83d785d97b4d3aa.jpg,51,51,correct_match,0.9483362880893106
Urobatis-jamaicensis_32_png.rf.68b262ecf3065b0dc83d785d97b4d3aa.jpg,51,51,correct_match,0.839899208360465
Urobatis-jamaicensis_32_png.rf.68b262ecf3065b0dc83d785d97b4d3aa.jpg,51,51,correct_match,0.9137609754102418
2024-08-13_17-21-56-06-00_0003_100MEDIA_DSCF0756_JPG.rf.0c1065fa6d63f5bcc8a1b87b74e737f5.jpg,10,10,correct_match,0.8638669684681566
2024-08-13_17-21-56-06-00_0003_100MEDIA_DSCF0756_JPG.rf.0c1065fa6d63f5bcc8a1b87b74e737f5.jpg,10,10,correct_match,0.7223523472614142
2024-08-13_17-21-56-06-00_0003_100MEDIA_DSCF0756_JPG.rf.0c1065fa6d63f5bcc8a1b87b74e737f5.jpg,10,10,correct_match,0.9573764890265727
2024-08-13_17-21-56-06-00_0003_100MEDIA_DSCF0756_JPG.rf.0c1065fa6d63f5bcc8a1b87b74e737f5.jpg,10,10,correct_match,0.666161372180049
Acanthurus-chirurgus_22_jpeg.rf.275638961006b350288c2992359a82e6.jpg,2,2,correct_match,0.9743721283001735
Nicholsina-usta_20_jpeg.rf.cd45f005105b02e17ea9cfbdce11f93e.jpg,33,33,correct_match,0.8499078645062318
Nicholsina-usta_20_jpeg.rf.cd45f005105b02e17ea9cfbdce11f93e.jpg,33,background,unmatched_ground_truth,NA
2024-08-15_18-02-42-06-00_0004_101MEDIA_DSCF0723_JPG.rf.39a9133cf41b25f30b401381b8fc84ac.jpg,34,background,unmatched_ground_truth,NA
2024-08-15_18-02-42-06-00_0004_101MEDIA_DSCF0723_JPG.rf.39a9133cf41b25f30b401381b8fc84ac.jpg,13,4,class_confusion,0.583174246804479
2024-08-15_18-02-42-06-00_0004_101MEDIA_DSCF0723_JPG.rf.39a9133cf41b25f30b401381b8fc84ac.jpg,34,background,unmatched_ground_truth,NA
2024-08-15_18-02-42-06-00_0004_101MEDIA_DSCF0723_JPG.rf.39a9133cf41b25f30b401381b8fc84ac.jpg,13,4,class_confusion,0.6361792072019684
Acanthurus-chirurgus_38_jpeg.rf.c6e287da761bcac4f14904c1fec8cca1.jpg,2,2,correct_match,0.9343674451633405
2024-08-22_12-14-40-06-00_0003_104MEDIA_DSCF0984_JPG.rf.c2b22fa07cfaa7453e66f595b1c8523c.jpg,47,background,unmatched_ground_truth,NA
2024-08-22_12-14-40-06-00_0003_104MEDIA_DSCF0984_JPG.rf.c2b22fa07cfaa7453e66f595b1c8523c.jpg,47,47,correct_match,0.9216856989646103
Chromis-scotti_8_jpeg.rf.20b37a893efdfb1eec53c781944b5268.jpg,16,16,correct_match,0.8782319978696481
Chromis-scotti_8_jpeg.rf.20b37a893efdfb1eec53c781944b5268.jpg,16,16,correct_match,0.860860492285385
2024-08-17_17-29-26-06-00_0002_102MEDIA_DSCF0685_JPG.rf.69479a00ce51cce76bfd514d763604f5.jpg,4,4,correct_match,0.8891253122005617
2024-08-17_17-29-26-06-00_0002_102MEDIA_DSCF0685_JPG.rf.69479a00ce51cce76bfd514d763604f5.jpg,4,4,correct_match,0.9299969414379747
2024-08-17_17-29-26-06-00_0002_102MEDIA_DSCF0685_JPG.rf.69479a00ce51cce76bfd514d763604f5.jpg,24,22,class_confusion,0.9185589162739188
2024-08-17_17-29-26-06-00_0002_102MEDIA_DSCF0685_JPG.rf.69479a00ce51cce76bfd514d763604f5.jpg,4,4,correct_match,0.9346499950930883
2024-08-17_17-29-26-06-00_0002_102MEDIA_DSCF0685_JPG.rf.69479a00ce51cce76bfd514d763604f5.jpg,4,4,correct_match,0.8713641582615127
2024-08-17_17-29-26-06-00_0002_102MEDIA_DSCF0685_JPG.rf.69479a00ce51cce76bfd514d763604f5.jpg,24,22,class_confusion,0.967643817233875
Scarus-iseri_30_jpg.rf.8295e2756524c3d16da473962e1a6ae6.jpg,41,41,correct_match,0.9138412673320383
Scarus-iseri_30_jpg.rf.8295e2756524c3d16da473962e1a6ae6.jpg,41,background,unmatched_ground_truth,NA
Calamus-bajonado_29_jpg.rf.aed67bc9edf5254a17c0a7ace8a9b04e.jpg,7,7,correct_match,0.9397155934410336
Chaetodon-sedentarius_29_jpg.rf.0bd925caf1f7ecb756636ecd983f1eca.jpg,14,14,correct_match,0.9218996553168002
Chaetodon-sedentarius_29_jpg.rf.0bd925caf1f7ecb756636ecd983f1eca.jpg,14,14,correct_match,0.8921237333047963
Chaetodon-sedentarius_29_jpg.rf.0bd925caf1f7ecb756636ecd983f1eca.jpg,14,14,correct_match,0.9233079011108327
Chaetodon-sedentarius_29_jpg.rf.0bd925caf1f7ecb756636ecd983f1eca.jpg,14,14,correct_match,0.9490965034953531
Sphyraena-barracuda_21_jpeg.rf.12544511faadd2b6c9337269c9995f78.jpg,50,50,correct_match,0.5708315114345373
Sphyraena-barracuda_21_jpeg.rf.12544511faadd2b6c9337269c9995f78.jpg,50,background,unmatched_ground_truth,NA
Sphyraena-barracuda_21_jpeg.rf.12544511faadd2b6c9337269c9995f78.jpg,background,3,unmatched_prediction,NA
Sphyraena-barracuda_21_jpeg.rf.12544511faadd2b6c9337269c9995f78.jpg,background,3,unmatched_prediction,NA
Scarus-iseri_57_jpeg.rf.a86847e96a70c31783ff783ced9360d7.jpg,41,41,correct_match,0.8532094709863077
Scarus-iseri_57_jpeg.rf.a86847e96a70c31783ff783ced9360d7.jpg,41,background,unmatched_ground_truth,NA
2024-08-16_06-05-46-06-00_0003_101MEDIA_DSCF0975_JPG.rf.96aa13beaab12516b9fb90d171eacf87.jpg,19,19,correct_match,0.7369864124877616
2024-08-16_06-05-46-06-00_0003_101MEDIA_DSCF0975_JPG.rf.96aa13beaab12516b9fb90d171eacf87.jpg,19,19,correct_match,0.698399093845152
2024-08-16_06-05-46-06-00_0003_101MEDIA_DSCF0975_JPG.rf.96aa13beaab12516b9fb90d171eacf87.jpg,background,52,unmatched_prediction,NA
2024-08-16_06-05-46-06-00_0003_101MEDIA_DSCF0975_JPG.rf.96aa13beaab12516b9fb90d171eacf87.jpg,background,52,unmatched_prediction,NA
Sparisoma-viride_34_jpeg.rf.7a86023a408268225484d01dc5eb7003.jpg,49,49,correct_match,0.8301174618762709
Sparisoma-viride_34_jpeg.rf.7a86023a408268225484d01dc5eb7003.jpg,49,49,correct_match,0.8885628184404619
2024-08-14_06-43-40-06-00_0004_101MEDIA_DSCF0017_JPG.rf.082917b4a7eda1a6a34bd7fc98fb2590.jpg,1,1,correct_match,0.8144876957202444
2024-08-14_06-43-40-06-00_0004_101MEDIA_DSCF0017_JPG.rf.082917b4a7eda1a6a34bd7fc98fb2590.jpg,1,1,correct_match,0.7327069750143914
2024-08-14_06-43-40-06-00_0004_101MEDIA_DSCF0017_JPG.rf.082917b4a7eda1a6a34bd7fc98fb2590.jpg,1,1,correct_match,0.8351593100464313
2024-08-14_06-43-40-06-00_0004_101MEDIA_DSCF0017_JPG.rf.082917b4a7eda1a6a34bd7fc98fb2590.jpg,1,1,correct_match,0.6997186845262587
2024-08-14_06-43-40-06-00_0004_101MEDIA_DSCF0017_JPG.rf.082917b4a7eda1a6a34bd7fc98fb2590.jpg,1,1,correct_match,0.7445471969336335
2024-08-14_06-43-40-06-00_0004_101MEDIA_DSCF0017_JPG.rf.082917b4a7eda1a6a34bd7fc98fb2590.jpg,1,1,correct_match,0.8931179709535975
2024-08-14_06-43-40-06-00_0004_101MEDIA_DSCF0017_JPG.rf.082917b4a7eda1a6a34bd7fc98fb2590.jpg,1,1,correct_match,0.7110012382750844
2024-08-14_06-43-40-06-00_0004_101MEDIA_DSCF0017_JPG.rf.082917b4a7eda1a6a34bd7fc98fb2590.jpg,1,1,correct_match,0.8440403855965214
2024-08-14_06-43-40-06-00_0004_101MEDIA_DSCF0017_JPG.rf.082917b4a7eda1a6a34bd7fc98fb2590.jpg,1,background,unmatched_ground_truth,NA
2024-08-14_06-43-40-06-00_0004_101MEDIA_DSCF0017_JPG.rf.082917b4a7eda1a6a34bd7fc98fb2590.jpg,1,1,correct_match,0.7996113684228215
2024-08-14_06-43-40-06-00_0004_101MEDIA_DSCF0017_JPG.rf.082917b4a7eda1a6a34bd7fc98fb2590.jpg,1,1,correct_match,0.7161563904562941
2024-08-14_06-43-40-06-00_0004_101MEDIA_DSCF0017_JPG.rf.082917b4a7eda1a6a34bd7fc98fb2590.jpg,1,background,unmatched_ground_truth,NA
2024-08-14_06-43-40-06-00_0004_101MEDIA_DSCF0017_JPG.rf.082917b4a7eda1a6a34bd7fc98fb2590.jpg,1,background,unmatched_ground_truth,NA
2024-08-14_06-43-40-06-00_0004_101MEDIA_DSCF0017_JPG.rf.082917b4a7eda1a6a34bd7fc98fb2590.jpg,1,1,correct_match,0.6883899609882888
2024-08-14_06-43-40-06-00_0004_101MEDIA_DSCF0017_JPG.rf.082917b4a7eda1a6a34bd7fc98fb2590.jpg,1,1,correct_match,0.6946092738847509
2024-08-14_06-43-40-06-00_0004_101MEDIA_DSCF0017_JPG.rf.082917b4a7eda1a6a34bd7fc98fb2590.jpg,1,1,correct_match,0.831165843697317
2024-08-14_06-43-40-06-00_0004_101MEDIA_DSCF0017_JPG.rf.082917b4a7eda1a6a34bd7fc98fb2590.jpg,1,1,correct_match,0.659951362421143
2024-08-14_06-43-40-06-00_0004_101MEDIA_DSCF0017_JPG.rf.082917b4a7eda1a6a34bd7fc98fb2590.jpg,1,1,correct_match,0.7516110152009606
2024-08-14_06-43-40-06-00_0004_101MEDIA_DSCF0017_JPG.rf.082917b4a7eda1a6a34bd7fc98fb2590.jpg,1,1,correct_match,0.5226049588540665
2024-08-14_06-43-40-06-00_0004_101MEDIA_DSCF0017_JPG.rf.082917b4a7eda1a6a34bd7fc98fb2590.jpg,background,1,unmatched_prediction,NA
2024-08-14_06-43-40-06-00_0004_101MEDIA_DSCF0017_JPG.rf.082917b4a7eda1a6a34bd7fc98fb2590.jpg,background,1,unmatched_prediction,NA
Lutjanus-analis_49_jpeg.rf.fc869edd9d1b0ff72d0a96d6bab147c2.jpg,29,29,correct_match,0.9428083790898855
Sparisoma-chrysopterum_31_png.rf.3532f5d79666a10853eb3b2053ffe026.jpg,46,46,correct_match,0.9325149935747306
Sparisoma-chrysopterum_31_png.rf.3532f5d79666a10853eb3b2053ffe026.jpg,52,background,unmatched_ground_truth,NA
Sparisoma-chrysopterum_31_png.rf.3532f5d79666a10853eb3b2053ffe026.jpg,46,46,correct_match,0.8813249160605405
Sparisoma-chrysopterum_31_png.rf.3532f5d79666a10853eb3b2053ffe026.jpg,46,background,unmatched_ground_truth,NA
Sparisoma-chrysopterum_31_png.rf.3532f5d79666a10853eb3b2053ffe026.jpg,46,background,unmatched_ground_truth,NA
Sparisoma-chrysopterum_31_png.rf.3532f5d79666a10853eb3b2053ffe026.jpg,46,background,unmatched_ground_truth,NA
Sparisoma-chrysopterum_31_png.rf.3532f5d79666a10853eb3b2053ffe026.jpg,52,background,unmatched_ground_truth,NA
2024-08-17_16-11-06-06-00_0003_102MEDIA_DSCF0660_JPG.rf.daab8de42bdd691e4e42a3ac081ca2fc.jpg,8,8,correct_match,0.9280905620803468
2024-08-17_16-11-06-06-00_0003_102MEDIA_DSCF0660_JPG.rf.daab8de42bdd691e4e42a3ac081ca2fc.jpg,8,8,correct_match,0.9681830383175043
2024-08-17_16-11-06-06-00_0003_102MEDIA_DSCF0660_JPG.rf.daab8de42bdd691e4e42a3ac081ca2fc.jpg,8,8,correct_match,0.9071686851146146
2024-08-17_16-11-06-06-00_0003_102MEDIA_DSCF0660_JPG.rf.daab8de42bdd691e4e42a3ac081ca2fc.jpg,8,8,correct_match,0.8911670150582598
2024-08-17_16-11-06-06-00_0003_102MEDIA_DSCF0660_JPG.rf.daab8de42bdd691e4e42a3ac081ca2fc.jpg,8,background,unmatched_ground_truth,NA
2024-08-18_08-46-50-06-00_0004_102MEDIA_DSCF0979_JPG.rf.663afc66ae187d61ca87ed0c0dd4661e.jpg,23,background,unmatched_ground_truth,NA
2024-08-18_08-46-50-06-00_0004_102MEDIA_DSCF0979_JPG.rf.663afc66ae187d61ca87ed0c0dd4661e.jpg,23,background,unmatched_ground_truth,NA
Sphyraena-barracuda_13_jpeg.rf.a04eb5efeb3f4f07c0bf66938eb6a439.jpg,50,50,correct_match,0.8266541244990322
Sphyraena-barracuda_13_jpeg.rf.a04eb5efeb3f4f07c0bf66938eb6a439.jpg,50,background,unmatched_ground_truth,NA
Sphyraena-barracuda_13_jpeg.rf.a04eb5efeb3f4f07c0bf66938eb6a439.jpg,50,50,correct_match,0.5781240500005693
Urobatis-jamaicensis_51_jpeg.rf.9659bd25f93fba0aa26a5b997316e9d8.jpg,51,51,correct_match,0.92768600993602
Urobatis-jamaicensis_51_jpeg.rf.9659bd25f93fba0aa26a5b997316e9d8.jpg,51,background,unmatched_ground_truth,NA
Urobatis-jamaicensis_51_jpeg.rf.9659bd25f93fba0aa26a5b997316e9d8.jpg,51,51,correct_match,0.8504196405404889
Urobatis-jamaicensis_51_jpeg.rf.9659bd25f93fba0aa26a5b997316e9d8.jpg,51,51,correct_match,0.7319292081643551
2024-08-28_08-30-24-06-00_0004_100MEDIA_DSCF0208_JPG.rf.1c9d0c37b4b93482a0294a9c2f131a26.jpg,26,22,class_confusion,0.8940846107711969
2024-08-28_08-30-24-06-00_0004_100MEDIA_DSCF0208_JPG.rf.1c9d0c37b4b93482a0294a9c2f131a26.jpg,26,22,class_confusion,0.9106076101021123
Chaetodon-striatus_24_png.rf.2768b4672c994e003563809a04a9b95f.jpg,15,15,correct_match,0.8673236429725616
Chaetodon-striatus_24_png.rf.2768b4672c994e003563809a04a9b95f.jpg,15,15,correct_match,0.899345441211871
Chaetodon-striatus_24_png.rf.2768b4672c994e003563809a04a9b95f.jpg,15,15,correct_match,0.5181278160468963
Chaetodon-striatus_24_png.rf.2768b4672c994e003563809a04a9b95f.jpg,15,15,correct_match,0.7799699270667863
Chaetodon-striatus_24_png.rf.2768b4672c994e003563809a04a9b95f.jpg,15,15,correct_match,0.8953517243126693
2024-09-04_06-37-02-06-00_0002_103MEDIA_DSCF0728_JPG.rf.a67ee812e512bcdde371636edcb5f5da.jpg,1,1,correct_match,0.7949669739737448
2024-09-04_06-37-02-06-00_0002_103MEDIA_DSCF0728_JPG.rf.a67ee812e512bcdde371636edcb5f5da.jpg,1,background,unmatched_ground_truth,NA
2024-09-04_06-37-02-06-00_0002_103MEDIA_DSCF0728_JPG.rf.a67ee812e512bcdde371636edcb5f5da.jpg,1,background,unmatched_ground_truth,NA
2024-09-04_06-37-02-06-00_0002_103MEDIA_DSCF0728_JPG.rf.a67ee812e512bcdde371636edcb5f5da.jpg,1,1,correct_match,0.8138341908060235
2024-09-04_06-37-02-06-00_0002_103MEDIA_DSCF0728_JPG.rf.a67ee812e512bcdde371636edcb5f5da.jpg,1,1,correct_match,0.8150977586899677
2025-09-11_14-56-56-06-00_0005_107MEDIA_DSCF0564_JPG.rf.0ee2b4b671d2d4e8633828b9b0daa09a.jpg,21,42,class_confusion,0.8984363753504643
2025-09-11_14-56-56-06-00_0005_107MEDIA_DSCF0564_JPG.rf.0ee2b4b671d2d4e8633828b9b0daa09a.jpg,21,42,class_confusion,0.8331873306701056
Kyphosus-vaigiensis_43_jpg.rf.026daba6f4cc86cdf27671c33e2f2a95.jpg,27,27,correct_match,0.9395068150760859
Kyphosus-vaigiensis_43_jpg.rf.026daba6f4cc86cdf27671c33e2f2a95.jpg,27,27,correct_match,0.8358348030713291
Kyphosus-vaigiensis_43_jpg.rf.026daba6f4cc86cdf27671c33e2f2a95.jpg,27,27,correct_match,0.9446194614919985
Kyphosus-vaigiensis_43_jpg.rf.026daba6f4cc86cdf27671c33e2f2a95.jpg,27,27,correct_match,0.9775189968018305
2024-08-17_17-01-50-06-00_0003_102MEDIA_DSCF0677_JPG.rf.2bd951c57e685f0a1b007c1fefe80094.jpg,30,30,correct_match,0.9172647189323289
2024-08-17_17-01-50-06-00_0003_102MEDIA_DSCF0677_JPG.rf.2bd951c57e685f0a1b007c1fefe80094.jpg,30,background,unmatched_ground_truth,NA
2024-08-17_17-01-50-06-00_0003_102MEDIA_DSCF0677_JPG.rf.2bd951c57e685f0a1b007c1fefe80094.jpg,30,30,correct_match,0.9069834149578186
2024-08-17_17-01-50-06-00_0003_102MEDIA_DSCF0677_JPG.rf.2bd951c57e685f0a1b007c1fefe80094.jpg,30,30,correct_match,0.8849221937619277
Mycteroperca-bonaci_48_jpg.rf.baba94040bd5dc54d4a2106d860d803e.jpg,32,32,correct_match,0.909453173909045
Lachnolaimus-maximus_8_jpeg.rf.8a7e883f17de18d4abfe05c71939dcd9.jpg,28,28,correct_match,0.9425905911336457
Lachnolaimus-maximus_8_jpeg.rf.8a7e883f17de18d4abfe05c71939dcd9.jpg,28,28,correct_match,0.7050950941483161
Lachnolaimus-maximus_8_jpeg.rf.8a7e883f17de18d4abfe05c71939dcd9.jpg,28,28,correct_match,0.8264572195837145
Lachnolaimus-maximus_8_jpeg.rf.8a7e883f17de18d4abfe05c71939dcd9.jpg,28,28,correct_match,0.6256439830719612
Lachnolaimus-maximus_8_jpeg.rf.8a7e883f17de18d4abfe05c71939dcd9.jpg,28,28,correct_match,0.9340432954312473
Lachnolaimus-maximus_8_jpeg.rf.8a7e883f17de18d4abfe05c71939dcd9.jpg,28,28,correct_match,0.7531620199702445
Mycteroperca-bonaci_12_jpg.rf.1b22b1b98fab1f9b34fe2b101abeba1b.jpg,32,32,correct_match,0.9122105512725223
Mycteroperca-bonaci_12_jpg.rf.1b22b1b98fab1f9b34fe2b101abeba1b.jpg,32,32,correct_match,0.8863464399502519
2025-09-20_16-34-32-06-00_0003_111MEDIA_DSCF0921_JPG.rf.25cce71dc4ab1a0e9a8e65223790c959.jpg,32,background,unmatched_ground_truth,NA
2025-09-20_16-34-32-06-00_0003_111MEDIA_DSCF0921_JPG.rf.25cce71dc4ab1a0e9a8e65223790c959.jpg,32,background,unmatched_ground_truth,NA
2025-09-20_16-34-32-06-00_0003_111MEDIA_DSCF0921_JPG.rf.25cce71dc4ab1a0e9a8e65223790c959.jpg,32,background,unmatched_ground_truth,NA
Scarus-vetula_45_jpg.rf.c566856fb961d8068e6cc4b6de6cb493.jpg,44,44,correct_match,0.9302700372335422
Scarus-vetula_45_jpg.rf.c566856fb961d8068e6cc4b6de6cb493.jpg,44,background,unmatched_ground_truth,NA
Scarus-vetula_45_jpg.rf.c566856fb961d8068e6cc4b6de6cb493.jpg,44,background,unmatched_ground_truth,NA
Scarus-vetula_45_jpg.rf.c566856fb961d8068e6cc4b6de6cb493.jpg,44,background,unmatched_ground_truth,NA
Chaetodon-capistratus_22_jpg.rf.7d64cad6abeabb1306ec7b51b2be5aa3.jpg,12,12,correct_match,0.9423124532737774
Kyphosus-vaigiensis_50_jpg.rf.88f8ba59b2bb288098aff81888833715.jpg,27,27,correct_match,0.913193587583882
Kyphosus-vaigiensis_50_jpg.rf.88f8ba59b2bb288098aff81888833715.jpg,27,27,correct_match,0.8630261876058563
Kyphosus-vaigiensis_50_jpg.rf.88f8ba59b2bb288098aff81888833715.jpg,27,background,unmatched_ground_truth,NA
Acanthurus-chirurgus_5_jpg.rf.b79d5e909ab0de75c309b810250a3923.jpg,2,background,unmatched_ground_truth,NA
2024-08-14_14-44-26-06-00_0002_101MEDIA_DSCF0186_JPG.rf.f155ba310cc24fba20ba9abbb4e2b8d8.jpg,9,9,correct_match,0.9273633036121351
2024-08-14_14-44-26-06-00_0002_101MEDIA_DSCF0186_JPG.rf.f155ba310cc24fba20ba9abbb4e2b8d8.jpg,9,9,correct_match,0.7142722742596531
2024-08-14_14-44-26-06-00_0002_101MEDIA_DSCF0186_JPG.rf.f155ba310cc24fba20ba9abbb4e2b8d8.jpg,9,9,correct_match,0.8881150413141795
2024-08-14_14-44-26-06-00_0002_101MEDIA_DSCF0186_JPG.rf.f155ba310cc24fba20ba9abbb4e2b8d8.jpg,9,9,correct_match,0.6295169798203372
2024-08-14_14-44-26-06-00_0002_101MEDIA_DSCF0186_JPG.rf.f155ba310cc24fba20ba9abbb4e2b8d8.jpg,9,9,correct_match,0.7571707962152775
2024-08-14_14-44-26-06-00_0002_101MEDIA_DSCF0186_JPG.rf.f155ba310cc24fba20ba9abbb4e2b8d8.jpg,9,9,correct_match,0.7913799167369803
2024-08-14_14-44-26-06-00_0002_101MEDIA_DSCF0186_JPG.rf.f155ba310cc24fba20ba9abbb4e2b8d8.jpg,9,9,correct_match,0.8658701883911252
2024-08-14_14-44-26-06-00_0002_101MEDIA_DSCF0186_JPG.rf.f155ba310cc24fba20ba9abbb4e2b8d8.jpg,9,9,correct_match,0.8645895147036888
2024-08-14_14-44-26-06-00_0002_101MEDIA_DSCF0186_JPG.rf.f155ba310cc24fba20ba9abbb4e2b8d8.jpg,9,9,correct_match,0.8246994965112974
2024-08-14_14-44-26-06-00_0002_101MEDIA_DSCF0186_JPG.rf.f155ba310cc24fba20ba9abbb4e2b8d8.jpg,9,9,correct_match,0.910875952721062
2024-08-14_14-44-26-06-00_0002_101MEDIA_DSCF0186_JPG.rf.f155ba310cc24fba20ba9abbb4e2b8d8.jpg,9,9,correct_match,0.9562283946708957
2024-08-14_14-44-26-06-00_0002_101MEDIA_DSCF0186_JPG.rf.f155ba310cc24fba20ba9abbb4e2b8d8.jpg,9,9,correct_match,0.8541649980660496
2024-08-14_14-44-26-06-00_0002_101MEDIA_DSCF0186_JPG.rf.f155ba310cc24fba20ba9abbb4e2b8d8.jpg,9,9,correct_match,0.8856595730181338
2024-08-14_14-44-26-06-00_0002_101MEDIA_DSCF0186_JPG.rf.f155ba310cc24fba20ba9abbb4e2b8d8.jpg,9,9,correct_match,0.7787874291240872
2024-08-14_14-44-26-06-00_0002_101MEDIA_DSCF0186_JPG.rf.f155ba310cc24fba20ba9abbb4e2b8d8.jpg,9,9,correct_match,0.8020449031096097
2024-08-14_14-44-26-06-00_0002_101MEDIA_DSCF0186_JPG.rf.f155ba310cc24fba20ba9abbb4e2b8d8.jpg,9,9,correct_match,0.8149153800658768
2024-08-14_14-44-26-06-00_0002_101MEDIA_DSCF0186_JPG.rf.f155ba310cc24fba20ba9abbb4e2b8d8.jpg,9,9,correct_match,0.8536332587517526
2024-08-14_14-44-26-06-00_0002_101MEDIA_DSCF0186_JPG.rf.f155ba310cc24fba20ba9abbb4e2b8d8.jpg,9,9,correct_match,0.7174466081145892
2024-08-14_14-44-26-06-00_0002_101MEDIA_DSCF0186_JPG.rf.f155ba310cc24fba20ba9abbb4e2b8d8.jpg,background,9,unmatched_prediction,NA
2024-08-14_14-44-26-06-00_0002_101MEDIA_DSCF0186_JPG.rf.f155ba310cc24fba20ba9abbb4e2b8d8.jpg,background,9,unmatched_prediction,NA
2024-08-14_14-44-26-06-00_0002_101MEDIA_DSCF0186_JPG.rf.f155ba310cc24fba20ba9abbb4e2b8d8.jpg,background,9,unmatched_prediction,NA
2024-08-14_14-44-26-06-00_0002_101MEDIA_DSCF0186_JPG.rf.f155ba310cc24fba20ba9abbb4e2b8d8.jpg,background,9,unmatched_prediction,NA
2024-08-14_14-44-26-06-00_0002_101MEDIA_DSCF0186_JPG.rf.f155ba310cc24fba20ba9abbb4e2b8d8.jpg,background,9,unmatched_prediction,NA
2024-08-14_14-44-26-06-00_0002_101MEDIA_DSCF0186_JPG.rf.f155ba310cc24fba20ba9abbb4e2b8d8.jpg,background,9,unmatched_prediction,NA
2024-08-14_14-44-26-06-00_0002_101MEDIA_DSCF0186_JPG.rf.f155ba310cc24fba20ba9abbb4e2b8d8.jpg,background,9,unmatched_prediction,NA
2024-08-14_14-44-26-06-00_0002_101MEDIA_DSCF0186_JPG.rf.f155ba310cc24fba20ba9abbb4e2b8d8.jpg,background,9,unmatched_prediction,NA
2024-08-14_14-44-26-06-00_0002_101MEDIA_DSCF0186_JPG.rf.f155ba310cc24fba20ba9abbb4e2b8d8.jpg,background,9,unmatched_prediction,NA
2024-08-14_14-44-26-06-00_0002_101MEDIA_DSCF0186_JPG.rf.f155ba310cc24fba20ba9abbb4e2b8d8.jpg,background,9,unmatched_prediction,NA
2024-08-14_14-44-26-06-00_0002_101MEDIA_DSCF0186_JPG.rf.f155ba310cc24fba20ba9abbb4e2b8d8.jpg,background,9,unmatched_prediction,NA
2024-08-14_14-44-26-06-00_0002_101MEDIA_DSCF0186_JPG.rf.f155ba310cc24fba20ba9abbb4e2b8d8.jpg,background,9,unmatched_prediction,NA
2024-08-14_14-44-26-06-00_0002_101MEDIA_DSCF0186_JPG.rf.f155ba310cc24fba20ba9abbb4e2b8d8.jpg,background,9,unmatched_prediction,NA
Chaetodon-capistratus_37_jpeg.rf.1e2acd862f50e9d5ebe277d736c5b78f.jpg,12,12,correct_match,0.976281478442891
2024-08-19_09-32-06-06-00_0005_103MEDIA_DSCF0435_JPG.rf.264abef273148749811cc193f91a1590.jpg,27,background,unmatched_ground_truth,NA
2024-08-19_09-32-06-06-00_0005_103MEDIA_DSCF0435_JPG.rf.264abef273148749811cc193f91a1590.jpg,27,background,unmatched_ground_truth,NA
2024-08-19_09-32-06-06-00_0005_103MEDIA_DSCF0435_JPG.rf.264abef273148749811cc193f91a1590.jpg,background,52,unmatched_prediction,NA
Chromis-scotti_1_jpeg.rf.86d49acecf62c63ffef63fc4e291b82a.jpg,16,16,correct_match,0.8579457839365885
Chromis-scotti_1_jpeg.rf.86d49acecf62c63ffef63fc4e291b82a.jpg,16,background,unmatched_ground_truth,NA
Chromis-scotti_1_jpeg.rf.86d49acecf62c63ffef63fc4e291b82a.jpg,16,16,correct_match,0.6429746701368513
Scarus-vetula_22_jpg.rf.304b55ac114afc71e1e7e88010a5de08.jpg,44,44,correct_match,0.9541391105471815
Scarus-vetula_22_jpg.rf.304b55ac114afc71e1e7e88010a5de08.jpg,44,44,correct_match,0.9415292852783
Scarus-vetula_22_jpg.rf.304b55ac114afc71e1e7e88010a5de08.jpg,44,background,unmatched_ground_truth,NA
2024-08-14_16-06-08-06-00_0003_101MEDIA_DSCF0214_JPG.rf.94b4ec34c0c14c9ed6631a639f40f615.jpg,8,8,correct_match,0.9683488515527418
2024-08-14_16-06-08-06-00_0003_101MEDIA_DSCF0214_JPG.rf.94b4ec34c0c14c9ed6631a639f40f615.jpg,8,8,correct_match,0.9447729068826551
2024-08-14_14-50-26-06-00_0002_101MEDIA_DSCF0188_JPG.rf.3c6210dad18f27de2638378ec04c4893.jpg,4,4,correct_match,0.8747401826466453
2024-08-14_14-50-26-06-00_0002_101MEDIA_DSCF0188_JPG.rf.3c6210dad18f27de2638378ec04c4893.jpg,4,4,correct_match,0.934862018986975
2024-08-14_14-50-26-06-00_0002_101MEDIA_DSCF0188_JPG.rf.3c6210dad18f27de2638378ec04c4893.jpg,background,21,unmatched_prediction,NA
2024-08-14_14-50-26-06-00_0002_101MEDIA_DSCF0188_JPG.rf.3c6210dad18f27de2638378ec04c4893.jpg,background,21,unmatched_prediction,NA
2024-08-14_14-50-26-06-00_0002_101MEDIA_DSCF0188_JPG.rf.3c6210dad18f27de2638378ec04c4893.jpg,background,21,unmatched_prediction,NA
2024-08-14_14-50-26-06-00_0002_101MEDIA_DSCF0188_JPG.rf.3c6210dad18f27de2638378ec04c4893.jpg,background,21,unmatched_prediction,NA
Cephalopholis-cruentata_9_jpg.rf.7b84da960de0ece84ce53a8a06ab1d3e.jpg,11,11,correct_match,0.884259743809555
Cephalopholis-cruentata_9_jpg.rf.7b84da960de0ece84ce53a8a06ab1d3e.jpg,11,background,unmatched_ground_truth,NA
2024-08-13_11-34-12-06-00_0004_100MEDIA_DSCF0634_JPG.rf.4f8857d65dde5ea689920e16c358a644.jpg,1,1,correct_match,0.7235677497919515
2024-08-13_11-34-12-06-00_0004_100MEDIA_DSCF0634_JPG.rf.4f8857d65dde5ea689920e16c358a644.jpg,1,1,correct_match,0.6473588664202704
2024-08-13_11-34-12-06-00_0004_100MEDIA_DSCF0634_JPG.rf.4f8857d65dde5ea689920e16c358a644.jpg,1,1,correct_match,0.686344821024742
2024-08-13_11-34-12-06-00_0004_100MEDIA_DSCF0634_JPG.rf.4f8857d65dde5ea689920e16c358a644.jpg,1,1,correct_match,0.6385816278675808
2024-08-13_11-34-12-06-00_0004_100MEDIA_DSCF0634_JPG.rf.4f8857d65dde5ea689920e16c358a644.jpg,1,1,correct_match,0.6012727688124874
2024-08-13_11-34-12-06-00_0004_100MEDIA_DSCF0634_JPG.rf.4f8857d65dde5ea689920e16c358a644.jpg,1,1,correct_match,0.6197713280755244
2024-08-13_11-34-12-06-00_0004_100MEDIA_DSCF0634_JPG.rf.4f8857d65dde5ea689920e16c358a644.jpg,1,background,unmatched_ground_truth,NA
2024-08-13_11-34-12-06-00_0004_100MEDIA_DSCF0634_JPG.rf.4f8857d65dde5ea689920e16c358a644.jpg,1,background,unmatched_ground_truth,NA
2024-08-13_11-34-12-06-00_0004_100MEDIA_DSCF0634_JPG.rf.4f8857d65dde5ea689920e16c358a644.jpg,1,1,correct_match,0.6543322048842456
2024-08-13_11-34-12-06-00_0004_100MEDIA_DSCF0634_JPG.rf.4f8857d65dde5ea689920e16c358a644.jpg,1,1,correct_match,0.7182563792660226
2024-08-13_11-34-12-06-00_0004_100MEDIA_DSCF0634_JPG.rf.4f8857d65dde5ea689920e16c358a644.jpg,1,1,correct_match,0.7258355453501663
2024-08-13_11-34-12-06-00_0004_100MEDIA_DSCF0634_JPG.rf.4f8857d65dde5ea689920e16c358a644.jpg,1,1,correct_match,0.81106870139537
2024-08-13_11-34-12-06-00_0004_100MEDIA_DSCF0634_JPG.rf.4f8857d65dde5ea689920e16c358a644.jpg,1,background,unmatched_ground_truth,NA
2024-08-13_11-34-12-06-00_0004_100MEDIA_DSCF0634_JPG.rf.4f8857d65dde5ea689920e16c358a644.jpg,1,1,correct_match,0.5953930429493206
2024-08-13_11-34-12-06-00_0004_100MEDIA_DSCF0634_JPG.rf.4f8857d65dde5ea689920e16c358a644.jpg,1,1,correct_match,0.6312538765944143
2024-08-13_11-34-12-06-00_0004_100MEDIA_DSCF0634_JPG.rf.4f8857d65dde5ea689920e16c358a644.jpg,1,background,unmatched_ground_truth,NA
2024-08-13_11-34-12-06-00_0004_100MEDIA_DSCF0634_JPG.rf.4f8857d65dde5ea689920e16c358a644.jpg,1,background,unmatched_ground_truth,NA
2024-08-13_11-34-12-06-00_0004_100MEDIA_DSCF0634_JPG.rf.4f8857d65dde5ea689920e16c358a644.jpg,1,background,unmatched_ground_truth,NA
2024-08-13_11-34-12-06-00_0004_100MEDIA_DSCF0634_JPG.rf.4f8857d65dde5ea689920e16c358a644.jpg,background,1,unmatched_prediction,NA
Nicholsina-usta_53_jpeg.rf.fc0465bd7fb995ad2ca2c4d803553b41.jpg,33,background,unmatched_ground_truth,NA
2024-08-13_11-22-34-06-00_0001_100MEDIA_DSCF0642_JPG.rf.8dfe23e839e4da0b86f394e4cf56a3f5.jpg,13,13,correct_match,0.9121937375932797
2024-08-13_11-22-34-06-00_0001_100MEDIA_DSCF0642_JPG.rf.8dfe23e839e4da0b86f394e4cf56a3f5.jpg,13,13,correct_match,0.9767012932261182
Sparisoma-chrysopterum_15_png.rf.1951167be350e6d1d4ff05f145d5418a.jpg,46,46,correct_match,0.955009984681819
Sparisoma-chrysopterum_15_png.rf.1951167be350e6d1d4ff05f145d5418a.jpg,46,46,correct_match,0.8039339270234231
2025-09-19_14-22-56-06-00_0003_111MEDIA_DSCF0398_JPG.rf.fec88450887123cb1ebbddeed48dcf44.jpg,39,39,correct_match,0.9009442215638418
2025-09-19_14-22-56-06-00_0003_111MEDIA_DSCF0398_JPG.rf.fec88450887123cb1ebbddeed48dcf44.jpg,39,background,unmatched_ground_truth,NA
2025-09-19_14-22-56-06-00_0003_111MEDIA_DSCF0398_JPG.rf.fec88450887123cb1ebbddeed48dcf44.jpg,39,39,correct_match,0.9375058992436582
2025-09-19_14-22-56-06-00_0003_111MEDIA_DSCF0398_JPG.rf.fec88450887123cb1ebbddeed48dcf44.jpg,39,39,correct_match,0.5598888257325275
2025-09-19_14-22-56-06-00_0003_111MEDIA_DSCF0398_JPG.rf.fec88450887123cb1ebbddeed48dcf44.jpg,39,39,correct_match,0.9225239866243908
2025-09-19_14-22-56-06-00_0003_111MEDIA_DSCF0398_JPG.rf.fec88450887123cb1ebbddeed48dcf44.jpg,39,39,correct_match,0.9208347546628717
2025-09-19_14-22-56-06-00_0003_111MEDIA_DSCF0398_JPG.rf.fec88450887123cb1ebbddeed48dcf44.jpg,39,background,unmatched_ground_truth,NA
2025-09-19_14-22-56-06-00_0003_111MEDIA_DSCF0398_JPG.rf.fec88450887123cb1ebbddeed48dcf44.jpg,39,39,correct_match,0.7683442843554443
2024-08-13_12-32-40-06-00_0002_100MEDIA_DSCF0660_JPG.rf.47981c872415920a43db3aa81883c0cc.jpg,4,4,correct_match,0.8998679050951148
2024-08-13_12-32-40-06-00_0002_100MEDIA_DSCF0660_JPG.rf.47981c872415920a43db3aa81883c0cc.jpg,4,4,correct_match,0.9078754973974315
2024-08-13_12-32-40-06-00_0002_100MEDIA_DSCF0660_JPG.rf.47981c872415920a43db3aa81883c0cc.jpg,background,30,unmatched_prediction,NA
2024-08-13_12-32-40-06-00_0002_100MEDIA_DSCF0660_JPG.rf.47981c872415920a43db3aa81883c0cc.jpg,background,30,unmatched_prediction,NA
2024-08-13_12-32-40-06-00_0002_100MEDIA_DSCF0660_JPG.rf.47981c872415920a43db3aa81883c0cc.jpg,background,30,unmatched_prediction,NA
2024-08-13_12-32-40-06-00_0002_100MEDIA_DSCF0660_JPG.rf.47981c872415920a43db3aa81883c0cc.jpg,background,30,unmatched_prediction,NA
2025-09-11_10-34-38-06-00_0003_107MEDIA_DSCF0473_JPG.rf.a8f2a68ef10526cc3db1a37a16979e26.jpg,39,39,correct_match,0.6974410785900534
2025-09-11_10-34-38-06-00_0003_107MEDIA_DSCF0473_JPG.rf.a8f2a68ef10526cc3db1a37a16979e26.jpg,39,39,correct_match,0.7334872483751068
Urobatis-jamaicensis_28_jpeg.rf.182121b40c0c0970934c3dda12ec385a.jpg,51,17,class_confusion,0.7724678931312918
Urobatis-jamaicensis_28_jpeg.rf.182121b40c0c0970934c3dda12ec385a.jpg,51,background,unmatched_ground_truth,NA
Lutjanus-analis_2_jpg.rf.ce6d1b577dedc076536f082e4bfb8e1e.jpg,29,29,correct_match,0.9281589991442554
Lutjanus-analis_2_jpg.rf.ce6d1b577dedc076536f082e4bfb8e1e.jpg,29,29,correct_match,0.8324438414839316
Lutjanus-analis_2_jpg.rf.ce6d1b577dedc076536f082e4bfb8e1e.jpg,29,29,correct_match,0.7060493256918741
Cephalopholis-cruentata_11_jpeg.rf.ed483dc0fd8bdf032b9d5fa8932dd303.jpg,11,11,correct_match,0.9678464451670722
Cephalopholis-cruentata_11_jpeg.rf.ed483dc0fd8bdf032b9d5fa8932dd303.jpg,11,background,unmatched_ground_truth,NA
Cephalopholis-cruentata_11_jpeg.rf.ed483dc0fd8bdf032b9d5fa8932dd303.jpg,11,background,unmatched_ground_truth,NA
Cephalopholis-cruentata_11_jpeg.rf.ed483dc0fd8bdf032b9d5fa8932dd303.jpg,11,background,unmatched_ground_truth,NA
Cephalopholis-cruentata_11_jpeg.rf.ed483dc0fd8bdf032b9d5fa8932dd303.jpg,11,background,unmatched_ground_truth,NA
Scarus-iseri_24_jpeg.rf.32240aa5423ff9bc9b31017af1223ccb.jpg,41,41,correct_match,0.9592186183430454
Scarus-iseri_24_jpeg.rf.32240aa5423ff9bc9b31017af1223ccb.jpg,41,background,unmatched_ground_truth,NA
Scarus-iseri_24_jpeg.rf.32240aa5423ff9bc9b31017af1223ccb.jpg,41,41,correct_match,0.9150797279337419
Haemulon-flavolineatum_35_jpeg.rf.28d1b4cf008b05d3e2991cade8d777e8.jpg,20,20,correct_match,0.938848121197154
Haemulon-flavolineatum_35_jpeg.rf.28d1b4cf008b05d3e2991cade8d777e8.jpg,20,20,correct_match,0.9332000450918054
Scarus-guacamaia_22_jpg.rf.960ea0356496866ad85cabd87f0132b1.jpg,40,40,correct_match,0.8393004226112984
Scarus-guacamaia_22_jpg.rf.960ea0356496866ad85cabd87f0132b1.jpg,40,background,unmatched_ground_truth,NA
Scarus-guacamaia_22_jpg.rf.960ea0356496866ad85cabd87f0132b1.jpg,40,18,class_confusion,0.6069638444711289
Urobatis-jamaicensis_13_jpeg.rf.416eaf63d47e046576f044cfd62ebdac.jpg,51,background,unmatched_ground_truth,NA
Urobatis-jamaicensis_13_jpeg.rf.416eaf63d47e046576f044cfd62ebdac.jpg,51,background,unmatched_ground_truth,NA
Urobatis-jamaicensis_13_jpeg.rf.416eaf63d47e046576f044cfd62ebdac.jpg,51,background,unmatched_ground_truth,NA
Urobatis-jamaicensis_13_jpeg.rf.416eaf63d47e046576f044cfd62ebdac.jpg,background,51,unmatched_prediction,NA
2025-09-09_15-50-50-06-00_0003_106MEDIA_DSCF0616_JPG.rf.f4568a73c2921c4831c96464f9af3a40.jpg,28,background,unmatched_ground_truth,NA
2025-09-09_15-50-50-06-00_0003_106MEDIA_DSCF0616_JPG.rf.f4568a73c2921c4831c96464f9af3a40.jpg,28,background,unmatched_ground_truth,NA
Azurina-cyanea_4_jpg.rf.d6d30cb970d42fa5e5b17127b11cf42b.jpg,5,5,correct_match,0.8591222282486317
Chaetodon-capistratus_7_jpeg.rf.fe2e5012e6d1f283c6a8407796f63d99.jpg,12,12,correct_match,0.8809370687395418
Acanthurus-coeruleus_7_jpg.rf.5f6526757eeb65250f3bd7539d47d391.jpg,3,3,correct_match,0.9632946369882306
Acanthurus-coeruleus_7_jpg.rf.5f6526757eeb65250f3bd7539d47d391.jpg,3,3,correct_match,0.9461726069936401
Acanthurus-coeruleus_7_jpg.rf.5f6526757eeb65250f3bd7539d47d391.jpg,3,3,correct_match,0.959828985816254
Chaetodon-capistratus_46_jpeg.rf.7ee8b6fe0ca1edafea9ca450eba105e8.jpg,12,12,correct_match,0.8622744970879126
Chaetodon-capistratus_46_jpeg.rf.7ee8b6fe0ca1edafea9ca450eba105e8.jpg,52,background,unmatched_ground_truth,NA
Chaetodon-capistratus_46_jpeg.rf.7ee8b6fe0ca1edafea9ca450eba105e8.jpg,52,background,unmatched_ground_truth,NA
2024-08-15_07-01-18-06-00_0001_101MEDIA_DSCF0518_JPG.rf.528b0b595049ecfa1ed3adc7a8a8fa61.jpg,28,background,unmatched_ground_truth,NA
2024-08-15_07-01-18-06-00_0001_101MEDIA_DSCF0518_JPG.rf.528b0b595049ecfa1ed3adc7a8a8fa61.jpg,52,34,class_confusion,0.8425264163951625
2024-08-15_07-01-18-06-00_0001_101MEDIA_DSCF0518_JPG.rf.528b0b595049ecfa1ed3adc7a8a8fa61.jpg,52,background,unmatched_ground_truth,NA
2024-08-15_07-01-18-06-00_0001_101MEDIA_DSCF0518_JPG.rf.528b0b595049ecfa1ed3adc7a8a8fa61.jpg,28,background,unmatched_ground_truth,NA
2024-08-15_07-01-18-06-00_0001_101MEDIA_DSCF0518_JPG.rf.528b0b595049ecfa1ed3adc7a8a8fa61.jpg,52,34,class_confusion,0.9129733004508034
2024-08-15_07-01-18-06-00_0001_101MEDIA_DSCF0518_JPG.rf.528b0b595049ecfa1ed3adc7a8a8fa61.jpg,52,background,unmatched_ground_truth,NA
Chaetodon-striatus_30_jpg.rf.4f8ff9842bdb754f6648a3f648bdf589.jpg,15,15,correct_match,0.8810630969435386
Sphyraena-barracuda_17_jpeg.rf.8bd6c1804c80b9f42abaa41c0b07401a.jpg,50,50,correct_match,0.9579624744325623
Sphyraena-barracuda_17_jpeg.rf.8bd6c1804c80b9f42abaa41c0b07401a.jpg,50,50,correct_match,0.775229118583542
Sphyraena-barracuda_17_jpeg.rf.8bd6c1804c80b9f42abaa41c0b07401a.jpg,50,background,unmatched_ground_truth,NA
Sphyraena-barracuda_17_jpeg.rf.8bd6c1804c80b9f42abaa41c0b07401a.jpg,background,50,unmatched_prediction,NA
2024-08-24_17-36-02-06-00_0003_106MEDIA_DSCF0053_JPG.rf.845c4dbcb48be487d306107bff7d5044.jpg,27,background,unmatched_ground_truth,NA
2024-08-24_17-36-02-06-00_0003_106MEDIA_DSCF0053_JPG.rf.845c4dbcb48be487d306107bff7d5044.jpg,27,background,unmatched_ground_truth,NA
2024-08-24_17-36-02-06-00_0003_106MEDIA_DSCF0053_JPG.rf.845c4dbcb48be487d306107bff7d5044.jpg,background,1,unmatched_prediction,NA
2024-08-24_17-36-02-06-00_0003_106MEDIA_DSCF0053_JPG.rf.845c4dbcb48be487d306107bff7d5044.jpg,background,1,unmatched_prediction,NA
2025-08-29_17-41-26-06-00_0002_101MEDIA_DSCF0369_JPG.rf.2c55e7ec4d5dfe2637097a105f6ed30d.jpg,7,background,unmatched_ground_truth,NA
2025-08-29_17-41-26-06-00_0002_101MEDIA_DSCF0369_JPG.rf.2c55e7ec4d5dfe2637097a105f6ed30d.jpg,7,10,class_confusion,0.8541068213402743
Scarus-guacamaia_17_jpg.rf.1d90e9f207398b5680ba14748b61ca35.jpg,40,background,unmatched_ground_truth,NA
Scarus-guacamaia_17_jpg.rf.1d90e9f207398b5680ba14748b61ca35.jpg,40,40,correct_match,0.9447595391359092
Scarus-guacamaia_17_jpg.rf.1d90e9f207398b5680ba14748b61ca35.jpg,40,background,unmatched_ground_truth,NA
Chromis-scotti_55_jpg.rf.8576057d43952e1cf8ce9d70deec7b2e.jpg,16,16,correct_match,0.9745225390332022
Chromis-scotti_55_jpg.rf.8576057d43952e1cf8ce9d70deec7b2e.jpg,16,16,correct_match,0.6399620970936307
Chromis-scotti_55_jpg.rf.8576057d43952e1cf8ce9d70deec7b2e.jpg,16,16,correct_match,0.9701852800982189
Chromis-scotti_55_jpg.rf.8576057d43952e1cf8ce9d70deec7b2e.jpg,16,16,correct_match,0.9265764830713275
Chaetodon-sedentarius_4_jpeg.rf.78a1b11a287beef682647c8d945623b3.jpg,14,background,unmatched_ground_truth,NA
Epinephelus-morio_18_jpg.rf.d2906b6acfa98a5d86d18dd5d78df162.jpg,18,18,correct_match,0.9724950927936645
Epinephelus-morio_18_jpg.rf.d2906b6acfa98a5d86d18dd5d78df162.jpg,18,18,correct_match,0.9047504974310285
Epinephelus-morio_18_jpg.rf.d2906b6acfa98a5d86d18dd5d78df162.jpg,18,18,correct_match,0.9486885775544159
Epinephelus-morio_18_jpg.rf.d2906b6acfa98a5d86d18dd5d78df162.jpg,18,18,correct_match,0.9647354457787645
Scarus-vetula_5_jpg.rf.ae1018e7a26de80d5977521eb14ba7d2.jpg,44,44,correct_match,0.9417478670288111
Chaetodon-capistratus_38_jpg.rf.521fd91ed109183fe252cb2c214dc9fa.jpg,12,12,correct_match,0.9445086048064592
Chaetodon-capistratus_38_jpg.rf.521fd91ed109183fe252cb2c214dc9fa.jpg,12,12,correct_match,0.679934885905825
Chaetodon-capistratus_38_jpg.rf.521fd91ed109183fe252cb2c214dc9fa.jpg,12,12,correct_match,0.9621647747810866
Scarus-vetula_30_jpeg.rf.d770fa86590af346931692f1b4b330f8.jpg,44,38,class_confusion,0.9015167772731738
Scarus-vetula_30_jpeg.rf.d770fa86590af346931692f1b4b330f8.jpg,44,38,class_confusion,0.7771271160216591
2025-09-14_10-55-38-06-00_0003_108MEDIA_DSCF0922_JPG.rf.acb5d8bfa41a8ab06b541e5dc814e4bb.jpg,21,21,correct_match,0.7476940549722337
2025-09-14_10-55-38-06-00_0003_108MEDIA_DSCF0922_JPG.rf.acb5d8bfa41a8ab06b541e5dc814e4bb.jpg,21,21,correct_match,0.6901533508641396
2025-09-14_10-55-38-06-00_0003_108MEDIA_DSCF0922_JPG.rf.acb5d8bfa41a8ab06b541e5dc814e4bb.jpg,21,21,correct_match,0.6840529577961122
2025-09-14_10-55-38-06-00_0003_108MEDIA_DSCF0922_JPG.rf.acb5d8bfa41a8ab06b541e5dc814e4bb.jpg,21,21,correct_match,0.8021403137096975
Sparisoma-aurofrenatum_50_jpeg.rf.01a354eadafa43e014231167f64c0302.jpg,45,45,correct_match,0.8988943137712301
Scarus-guacamaia_10_jpg.rf.2cfa1ee28722732d7c7ba8419d079f24.jpg,40,40,correct_match,0.9518762935584083
2024-08-19_14-13-58-06-00_0004_103MEDIA_DSCF0570_JPG.rf.4a7c8af100f886b5219c0bcedb9f2094.jpg,51,background,unmatched_ground_truth,NA
2024-08-19_14-13-58-06-00_0004_103MEDIA_DSCF0570_JPG.rf.4a7c8af100f886b5219c0bcedb9f2094.jpg,51,background,unmatched_ground_truth,NA
Acanthurus-coeruleus_25_jpg.rf.7f759c458cef4e92ee2af8771335092b.jpg,3,3,correct_match,0.9708516563961788
Acanthurus-coeruleus_25_jpg.rf.7f759c458cef4e92ee2af8771335092b.jpg,3,3,correct_match,0.9566741530137379
Acanthurus-coeruleus_25_jpg.rf.7f759c458cef4e92ee2af8771335092b.jpg,3,background,unmatched_ground_truth,NA
Acanthurus-coeruleus_25_jpg.rf.7f759c458cef4e92ee2af8771335092b.jpg,3,3,correct_match,0.9250706699858299
Chaetodon-sedentarius_7_jpg.rf.fc63ef0d4814f08f9ba836e92cd403db.jpg,14,13,class_confusion,0.8686580475438993
2024-08-20_17-55-44-06-00_0003_104MEDIA_DSCF0138_JPG.rf.bd1e8e646f9df9fcc39cfe9a7bb8040e.jpg,36,36,correct_match,0.9515110062645507
2024-08-20_17-55-44-06-00_0003_104MEDIA_DSCF0138_JPG.rf.bd1e8e646f9df9fcc39cfe9a7bb8040e.jpg,36,36,correct_match,0.9176754894306445
Chaetodon-sedentarius_8_jpg.rf.9da9477e8d977c43922caea6e1f2cf2f.jpg,14,14,correct_match,0.9279119892906105
Chaetodon-sedentarius_8_jpg.rf.9da9477e8d977c43922caea6e1f2cf2f.jpg,14,14,correct_match,0.7894477898473724
Chaetodon-sedentarius_8_jpg.rf.9da9477e8d977c43922caea6e1f2cf2f.jpg,14,14,correct_match,0.847519490413478
2024-08-18_11-47-24-06-00_0001_103MEDIA_DSCF0060_JPG.rf.552ef4b7a4e6a9e129b517889501e3b2.jpg,13,13,correct_match,0.7720544847529273
2024-08-18_11-47-24-06-00_0001_103MEDIA_DSCF0060_JPG.rf.552ef4b7a4e6a9e129b517889501e3b2.jpg,13,13,correct_match,0.806731342957585
Halichoeres-bivittatus_4_jpg.rf.4a5d8f3f1f9c2343bd4683ec52e8dc85.jpg,25,25,correct_match,0.6891339712217338
Bodianus-rufus_34_jpg.rf.09951e37f0565851c08e08fc90cbd997.jpg,6,25,class_confusion,0.9479421271510395
Bodianus-rufus_34_jpg.rf.09951e37f0565851c08e08fc90cbd997.jpg,6,45,class_confusion,0.7626291766398878
Bodianus-rufus_34_jpg.rf.09951e37f0565851c08e08fc90cbd997.jpg,52,background,unmatched_ground_truth,NA
Bodianus-rufus_34_jpg.rf.09951e37f0565851c08e08fc90cbd997.jpg,6,background,unmatched_ground_truth,NA
Bodianus-rufus_34_jpg.rf.09951e37f0565851c08e08fc90cbd997.jpg,6,background,unmatched_ground_truth,NA
Bodianus-rufus_34_jpg.rf.09951e37f0565851c08e08fc90cbd997.jpg,6,45,class_confusion,0.6402165465796108
Bodianus-rufus_34_jpg.rf.09951e37f0565851c08e08fc90cbd997.jpg,6,background,unmatched_ground_truth,NA
Bodianus-rufus_34_jpg.rf.09951e37f0565851c08e08fc90cbd997.jpg,52,background,unmatched_ground_truth,NA
2024-08-19_14-07-58-06-00_0004_103MEDIA_DSCF0568_JPG.rf.409b7762dbcbfce8cdbb895dc9bddd1f.jpg,34,34,correct_match,0.9234740366990881
2024-08-19_14-07-58-06-00_0004_103MEDIA_DSCF0568_JPG.rf.409b7762dbcbfce8cdbb895dc9bddd1f.jpg,34,34,correct_match,0.9228753628180766
2024-08-19_14-07-58-06-00_0004_103MEDIA_DSCF0568_JPG.rf.409b7762dbcbfce8cdbb895dc9bddd1f.jpg,34,34,correct_match,0.8885442118140595
2024-08-19_14-07-58-06-00_0004_103MEDIA_DSCF0568_JPG.rf.409b7762dbcbfce8cdbb895dc9bddd1f.jpg,34,34,correct_match,0.9087856791120802
Scarus-coelestinus_57_png.rf.4a1e3635b1b459df0b8c1a7dd509b302.jpg,38,38,correct_match,0.8150277454358579
Scarus-coelestinus_57_png.rf.4a1e3635b1b459df0b8c1a7dd509b302.jpg,38,38,correct_match,0.9277927932655433
Scarus-vetula_18_jpeg.rf.82d15c81ab1b4c5c534b7cbbb73204c1.jpg,44,48,class_confusion,0.964954873312829
Scarus-vetula_18_jpeg.rf.82d15c81ab1b4c5c534b7cbbb73204c1.jpg,background,46,unmatched_prediction,NA
Sparisoma-viride_23_jpg.rf.9fa4ee33dd2de6b6cbcfba3c1fc934d0.jpg,49,49,correct_match,0.9185457706713703
Sparisoma-viride_23_jpg.rf.9fa4ee33dd2de6b6cbcfba3c1fc934d0.jpg,49,49,correct_match,0.7419783011880778
Sparisoma-viride_23_jpg.rf.9fa4ee33dd2de6b6cbcfba3c1fc934d0.jpg,background,49,unmatched_prediction,NA
Rhomboplites-aurorubens_20_jpg.rf.8c22a0b390e0578aee326769b19456c0.jpg,37,37,correct_match,0.8397811648770868
Rhomboplites-aurorubens_20_jpg.rf.8c22a0b390e0578aee326769b19456c0.jpg,52,background,unmatched_ground_truth,NA
Rhomboplites-aurorubens_20_jpg.rf.8c22a0b390e0578aee326769b19456c0.jpg,52,background,unmatched_ground_truth,NA
Urobatis-jamaicensis_31_png.rf.ccc8f264c6407745d9a03df30acd029c.jpg,51,51,correct_match,0.9556449626291935
Sparisoma-chrysopterum_34_jpg.rf.7af02947844544048e6fffc7750e2999.jpg,46,46,correct_match,0.9342642161152583
Sparisoma-chrysopterum_34_jpg.rf.7af02947844544048e6fffc7750e2999.jpg,46,background,unmatched_ground_truth,NA
Sparisoma-chrysopterum_34_jpg.rf.7af02947844544048e6fffc7750e2999.jpg,46,46,correct_match,0.9740268731296352
2025-09-07_16-21-50-06-00_0002_105MEDIA_DSCF0681_JPG.rf.181c0285307f10180ea2d301d1f2cb67.jpg,4,4,correct_match,0.8945736306008387
2025-09-07_16-21-50-06-00_0002_105MEDIA_DSCF0681_JPG.rf.181c0285307f10180ea2d301d1f2cb67.jpg,7,7,correct_match,0.8871676802827351
2025-09-07_16-21-50-06-00_0002_105MEDIA_DSCF0681_JPG.rf.181c0285307f10180ea2d301d1f2cb67.jpg,4,4,correct_match,0.8783878129646424
2025-09-07_16-21-50-06-00_0002_105MEDIA_DSCF0681_JPG.rf.181c0285307f10180ea2d301d1f2cb67.jpg,7,background,unmatched_ground_truth,NA
2025-09-07_16-21-50-06-00_0002_105MEDIA_DSCF0681_JPG.rf.181c0285307f10180ea2d301d1f2cb67.jpg,7,7,correct_match,0.7951384325438228
2025-09-07_16-21-50-06-00_0002_105MEDIA_DSCF0681_JPG.rf.181c0285307f10180ea2d301d1f2cb67.jpg,background,22,unmatched_prediction,NA
Scarus-iseri_4_jpeg.rf.61467b9887a63b6dcc9b2336fa2c56a8.jpg,41,41,correct_match,0.9054514105527339
Bodianus-rufus_27_jpeg.rf.68457c54119eb2638457e353eb541b1d.jpg,6,6,correct_match,0.9758417285058912
Bodianus-rufus_27_jpeg.rf.68457c54119eb2638457e353eb541b1d.jpg,6,6,correct_match,0.7054661210369512
Bodianus-rufus_27_jpeg.rf.68457c54119eb2638457e353eb541b1d.jpg,6,6,correct_match,0.8884321160199735
Scarus-vetula_2_jpg.rf.ed8efbff9dec098442b0dd42bb7e872e.jpg,44,44,correct_match,0.9490377253247173
Scarus-vetula_2_jpg.rf.ed8efbff9dec098442b0dd42bb7e872e.jpg,44,background,unmatched_ground_truth,NA
2024-09-02_14-40-44-06-00_0005_102MEDIA_DSCF0736_JPG.rf.80ddd26b2c6008eda41c09baa2a0a6a1.jpg,10,10,correct_match,0.8031547629345602
2024-09-02_14-40-44-06-00_0005_102MEDIA_DSCF0736_JPG.rf.80ddd26b2c6008eda41c09baa2a0a6a1.jpg,1,background,unmatched_ground_truth,NA
2024-09-02_14-40-44-06-00_0005_102MEDIA_DSCF0736_JPG.rf.80ddd26b2c6008eda41c09baa2a0a6a1.jpg,1,1,correct_match,0.5415557986723621
2024-09-02_14-40-44-06-00_0005_102MEDIA_DSCF0736_JPG.rf.80ddd26b2c6008eda41c09baa2a0a6a1.jpg,10,10,correct_match,0.9098258594094423
2024-09-02_14-40-44-06-00_0005_102MEDIA_DSCF0736_JPG.rf.80ddd26b2c6008eda41c09baa2a0a6a1.jpg,1,background,unmatched_ground_truth,NA
2024-09-02_14-40-44-06-00_0005_102MEDIA_DSCF0736_JPG.rf.80ddd26b2c6008eda41c09baa2a0a6a1.jpg,1,background,unmatched_ground_truth,NA
2024-09-02_14-40-44-06-00_0005_102MEDIA_DSCF0736_JPG.rf.80ddd26b2c6008eda41c09baa2a0a6a1.jpg,background,1,unmatched_prediction,NA
2024-09-02_14-40-44-06-00_0005_102MEDIA_DSCF0736_JPG.rf.80ddd26b2c6008eda41c09baa2a0a6a1.jpg,background,1,unmatched_prediction,NA
2024-09-02_14-40-44-06-00_0005_102MEDIA_DSCF0736_JPG.rf.80ddd26b2c6008eda41c09baa2a0a6a1.jpg,background,1,unmatched_prediction,NA
2024-09-02_14-40-44-06-00_0005_102MEDIA_DSCF0736_JPG.rf.80ddd26b2c6008eda41c09baa2a0a6a1.jpg,background,1,unmatched_prediction,NA
Scarus-vetula_36_jpg.rf.2c8e3b9cd4ab0fa74d55525f6e0ab33b.jpg,44,48,class_confusion,0.9351778702862154
Scarus-vetula_36_jpg.rf.2c8e3b9cd4ab0fa74d55525f6e0ab33b.jpg,44,48,class_confusion,0.9170729268972564
2025-09-20_16-37-32-06-00_0003_111MEDIA_DSCF0922_JPG.rf.c84cd0db8ff14090d84663b213e4a571.jpg,32,background,unmatched_ground_truth,NA
2025-09-20_16-37-32-06-00_0003_111MEDIA_DSCF0922_JPG.rf.c84cd0db8ff14090d84663b213e4a571.jpg,32,background,unmatched_ground_truth,NA
2025-09-20_16-37-32-06-00_0003_111MEDIA_DSCF0922_JPG.rf.c84cd0db8ff14090d84663b213e4a571.jpg,32,background,unmatched_ground_truth,NA
Scarus-coelestinus_42_jpeg.rf.0bcd5d25d49b249363d5652e50db7549.jpg,38,38,correct_match,0.9330265371632883
Scarus-coelestinus_42_jpeg.rf.0bcd5d25d49b249363d5652e50db7549.jpg,38,38,correct_match,0.8343265393426277
Scarus-coelestinus_42_jpeg.rf.0bcd5d25d49b249363d5652e50db7549.jpg,38,38,correct_match,0.8062774681951815
2024-08-12_17-12-26-06-00_0003_100MEDIA_DSCF0271_JPG.rf.13946bb06e7f4cea2c41493c61d61ae6.jpg,47,47,correct_match,0.9449827091743296
2024-08-12_17-12-26-06-00_0003_100MEDIA_DSCF0271_JPG.rf.13946bb06e7f4cea2c41493c61d61ae6.jpg,47,47,correct_match,0.9075053320041722
2024-08-12_17-12-26-06-00_0003_100MEDIA_DSCF0271_JPG.rf.13946bb06e7f4cea2c41493c61d61ae6.jpg,47,background,unmatched_ground_truth,NA
2024-08-12_17-12-26-06-00_0003_100MEDIA_DSCF0271_JPG.rf.13946bb06e7f4cea2c41493c61d61ae6.jpg,background,1,unmatched_prediction,NA
2024-08-12_17-12-26-06-00_0003_100MEDIA_DSCF0271_JPG.rf.13946bb06e7f4cea2c41493c61d61ae6.jpg,background,1,unmatched_prediction,NA
Chaetodon-capistratus_30_jpeg.rf.57c0485a035123849134ca5d50f11e0a.jpg,12,12,correct_match,0.8803454432650424
Chaetodon-capistratus_30_jpeg.rf.57c0485a035123849134ca5d50f11e0a.jpg,background,12,unmatched_prediction,NA
Bodianus-rufus_29_jpeg.rf.fc16eeff4334cc6e38f18cd0e9540053.jpg,6,6,correct_match,0.9117623788562764
Bodianus-rufus_29_jpeg.rf.fc16eeff4334cc6e38f18cd0e9540053.jpg,6,background,unmatched_ground_truth,NA
Bodianus-rufus_29_jpeg.rf.fc16eeff4334cc6e38f18cd0e9540053.jpg,6,background,unmatched_ground_truth,NA
Bodianus-rufus_29_jpeg.rf.fc16eeff4334cc6e38f18cd0e9540053.jpg,6,background,unmatched_ground_truth,NA
Bodianus-rufus_29_jpeg.rf.fc16eeff4334cc6e38f18cd0e9540053.jpg,6,background,unmatched_ground_truth,NA
Nicholsina-usta_6_jpeg.rf.9276f737b5f91cc4d7c2dc0364b99171.jpg,33,33,correct_match,0.69442832091729
Nicholsina-usta_6_jpeg.rf.9276f737b5f91cc4d7c2dc0364b99171.jpg,33,background,unmatched_ground_truth,NA
Nicholsina-usta_6_jpeg.rf.9276f737b5f91cc4d7c2dc0364b99171.jpg,33,background,unmatched_ground_truth,NA
Nicholsina-usta_6_jpeg.rf.9276f737b5f91cc4d7c2dc0364b99171.jpg,33,background,unmatched_ground_truth,NA
Nicholsina-usta_6_jpeg.rf.9276f737b5f91cc4d7c2dc0364b99171.jpg,background,33,unmatched_prediction,NA
Azurina-cyanea_12_jpg.rf.5cd43481f9503a9a3a2d5063d2d1823b.jpg,5,5,correct_match,0.8955376487291642
Azurina-cyanea_12_jpg.rf.5cd43481f9503a9a3a2d5063d2d1823b.jpg,5,5,correct_match,0.7879501369424248
Sparisoma-chrysopterum_56_jpg.rf.919ad752612879a9781085e1cfbad0b9.jpg,46,background,unmatched_ground_truth,NA
Sparisoma-chrysopterum_56_jpg.rf.919ad752612879a9781085e1cfbad0b9.jpg,46,background,unmatched_ground_truth,NA
Bodianus-rufus_2_jpeg.rf.78c5114c40b707764e92b8b6dbb3946a.jpg,6,6,correct_match,0.9914441998218598
Bodianus-rufus_2_jpeg.rf.78c5114c40b707764e92b8b6dbb3946a.jpg,background,2,unmatched_prediction,NA
Sparisoma-viride_10_jpg.rf.3fb8cce96e5e220ad46385f18d92f59a.jpg,48,48,correct_match,0.7652571712445634
2024-08-14_11-13-48-06-00_0004_101MEDIA_DSCF0107_JPG.rf.ad38e9858c3b37f33554bd9c95518fe2.jpg,27,27,correct_match,0.7010142920189537
2024-08-14_11-13-48-06-00_0004_101MEDIA_DSCF0107_JPG.rf.ad38e9858c3b37f33554bd9c95518fe2.jpg,27,background,unmatched_ground_truth,NA
2024-08-14_11-13-48-06-00_0004_101MEDIA_DSCF0107_JPG.rf.ad38e9858c3b37f33554bd9c95518fe2.jpg,27,27,correct_match,0.8771366120205614
2024-08-14_11-13-48-06-00_0004_101MEDIA_DSCF0107_JPG.rf.ad38e9858c3b37f33554bd9c95518fe2.jpg,27,background,unmatched_ground_truth,NA
2024-08-14_11-13-48-06-00_0004_101MEDIA_DSCF0107_JPG.rf.ad38e9858c3b37f33554bd9c95518fe2.jpg,27,background,unmatched_ground_truth,NA
2024-08-14_11-13-48-06-00_0004_101MEDIA_DSCF0107_JPG.rf.ad38e9858c3b37f33554bd9c95518fe2.jpg,27,27,correct_match,0.7576821500385579
2024-08-14_11-13-48-06-00_0004_101MEDIA_DSCF0107_JPG.rf.ad38e9858c3b37f33554bd9c95518fe2.jpg,27,background,unmatched_ground_truth,NA
2024-08-14_11-13-48-06-00_0004_101MEDIA_DSCF0107_JPG.rf.ad38e9858c3b37f33554bd9c95518fe2.jpg,27,27,correct_match,0.7555691259344822
2024-08-14_11-13-48-06-00_0004_101MEDIA_DSCF0107_JPG.rf.ad38e9858c3b37f33554bd9c95518fe2.jpg,27,background,unmatched_ground_truth,NA
2024-08-14_11-13-48-06-00_0004_101MEDIA_DSCF0107_JPG.rf.ad38e9858c3b37f33554bd9c95518fe2.jpg,27,background,unmatched_ground_truth,NA
Diodon-holocanthus_30_jpg.rf.dc0e2e7c5da586e05ba098f1fee8c7f6.jpg,17,17,correct_match,0.914321963114995
Diodon-holocanthus_30_jpg.rf.dc0e2e7c5da586e05ba098f1fee8c7f6.jpg,17,background,unmatched_ground_truth,NA
Diodon-holocanthus_30_jpg.rf.dc0e2e7c5da586e05ba098f1fee8c7f6.jpg,17,background,unmatched_ground_truth,NA
Diodon-holocanthus_30_jpg.rf.dc0e2e7c5da586e05ba098f1fee8c7f6.jpg,17,17,correct_match,0.7976117836549556
2025-09-20_10-05-02-06-00_0003_111MEDIA_DSCF0792_JPG.rf.cc71aeb6bd3eb84ef0350f35dba9d3e4.jpg,39,39,correct_match,0.9300259450309001
2025-09-20_10-05-02-06-00_0003_111MEDIA_DSCF0792_JPG.rf.cc71aeb6bd3eb84ef0350f35dba9d3e4.jpg,39,39,correct_match,0.8489561186579311
2025-09-20_10-05-02-06-00_0003_111MEDIA_DSCF0792_JPG.rf.cc71aeb6bd3eb84ef0350f35dba9d3e4.jpg,background,52,unmatched_prediction,NA
2025-09-20_10-05-02-06-00_0003_111MEDIA_DSCF0792_JPG.rf.cc71aeb6bd3eb84ef0350f35dba9d3e4.jpg,background,52,unmatched_prediction,NA
Sparisoma-viride_27_jpeg.rf.08702c12e4073b28122ec8eb9ebd734e.jpg,48,background,unmatched_ground_truth,NA
Sparisoma-viride_27_jpeg.rf.08702c12e4073b28122ec8eb9ebd734e.jpg,49,background,unmatched_ground_truth,NA
2024-08-12_17-06-28-06-00_0003_100MEDIA_DSCF0269_JPG.rf.2020ff9ce14bf382712c1929a4ca9e49.jpg,26,26,correct_match,0.8832769204096513
2024-08-12_17-06-28-06-00_0003_100MEDIA_DSCF0269_JPG.rf.2020ff9ce14bf382712c1929a4ca9e49.jpg,26,26,correct_match,0.888418821876271
2024-08-15_11-16-22-06-00_0003_101MEDIA_DSCF0598_JPG.rf.518e12986dab4cd1350b83e71a758b44.jpg,49,background,unmatched_ground_truth,NA
2024-08-15_11-16-22-06-00_0003_101MEDIA_DSCF0598_JPG.rf.518e12986dab4cd1350b83e71a758b44.jpg,49,background,unmatched_ground_truth,NA
2024-08-15_11-16-22-06-00_0003_101MEDIA_DSCF0598_JPG.rf.518e12986dab4cd1350b83e71a758b44.jpg,49,background,unmatched_ground_truth,NA
Nicholsina-usta_43_jpeg.rf.4d23fd0cb2ab3b7d81de36207ee6a86e.jpg,33,33,correct_match,0.9391329311285537
Acanthurus-coeruleus_16_jpg.rf.d0da9fe6c708b555f9a72aa17a5fe672.jpg,3,44,class_confusion,0.9308492860380516
2024-08-12_16-50-40-06-00_0002_100MEDIA_DSCF0265_JPG.rf.e6eb9f2082486d26e21b448703670448.jpg,42,background,unmatched_ground_truth,NA
2024-08-12_16-50-40-06-00_0002_100MEDIA_DSCF0265_JPG.rf.e6eb9f2082486d26e21b448703670448.jpg,42,background,unmatched_ground_truth,NA
2024-08-16_09-38-38-06-00_0004_102MEDIA_DSCF0036_JPG.rf.149a38c376436c9e8d1296f1b90a9022.jpg,9,9,correct_match,0.8859503690791083
2024-08-16_09-38-38-06-00_0004_102MEDIA_DSCF0036_JPG.rf.149a38c376436c9e8d1296f1b90a9022.jpg,9,9,correct_match,0.8247832837366846
2024-08-16_09-38-38-06-00_0004_102MEDIA_DSCF0036_JPG.rf.149a38c376436c9e8d1296f1b90a9022.jpg,9,background,unmatched_ground_truth,NA
2024-08-16_09-38-38-06-00_0004_102MEDIA_DSCF0036_JPG.rf.149a38c376436c9e8d1296f1b90a9022.jpg,9,9,correct_match,0.9226544309055047
2024-08-16_09-38-38-06-00_0004_102MEDIA_DSCF0036_JPG.rf.149a38c376436c9e8d1296f1b90a9022.jpg,9,9,correct_match,0.7747752333571776
2024-08-16_09-38-38-06-00_0004_102MEDIA_DSCF0036_JPG.rf.149a38c376436c9e8d1296f1b90a9022.jpg,9,background,unmatched_ground_truth,NA
2024-08-16_09-38-38-06-00_0004_102MEDIA_DSCF0036_JPG.rf.149a38c376436c9e8d1296f1b90a9022.jpg,background,17,unmatched_prediction,NA
2024-08-16_09-38-38-06-00_0004_102MEDIA_DSCF0036_JPG.rf.149a38c376436c9e8d1296f1b90a9022.jpg,background,17,unmatched_prediction,NA
Sparisoma-viride_ip_24_jpeg.rf.5fad46a75302c83a1f59c317ba4723ea.jpg,49,49,correct_match,0.962349111663091
Sparisoma-viride_ip_24_jpeg.rf.5fad46a75302c83a1f59c317ba4723ea.jpg,49,background,unmatched_ground_truth,NA
Sparisoma-viride_ip_24_jpeg.rf.5fad46a75302c83a1f59c317ba4723ea.jpg,49,49,correct_match,0.5477157335332308
Sparisoma-viride_ip_24_jpeg.rf.5fad46a75302c83a1f59c317ba4723ea.jpg,background,49,unmatched_prediction,NA
Pomacanthus-arcuatus_3_jpg.rf.5569f985a1a0574c4437be59ed0e530e.jpg,35,35,correct_match,0.9329414819685458
Pomacanthus-arcuatus_3_jpg.rf.5569f985a1a0574c4437be59ed0e530e.jpg,35,35,correct_match,0.944927133362813
Rhomboplites-aurorubens_5_jpg.rf.b040d5e4743e5faa5a262179e69e175e.jpg,37,37,correct_match,0.9334591056792747
Rhomboplites-aurorubens_5_jpg.rf.b040d5e4743e5faa5a262179e69e175e.jpg,37,37,correct_match,0.8050702721959052
Rhomboplites-aurorubens_5_jpg.rf.b040d5e4743e5faa5a262179e69e175e.jpg,37,background,unmatched_ground_truth,NA
Rhomboplites-aurorubens_5_jpg.rf.b040d5e4743e5faa5a262179e69e175e.jpg,37,37,correct_match,0.6838426640069802
Rhomboplites-aurorubens_5_jpg.rf.b040d5e4743e5faa5a262179e69e175e.jpg,37,background,unmatched_ground_truth,NA
Acanthurus-chirurgus_37_jpg.rf.55f0e3694882b7d6e1b1225bd491f7df.jpg,2,background,unmatched_ground_truth,NA
Acanthurus-chirurgus_37_jpg.rf.55f0e3694882b7d6e1b1225bd491f7df.jpg,2,background,unmatched_ground_truth,NA
Acanthurus-chirurgus_37_jpg.rf.55f0e3694882b7d6e1b1225bd491f7df.jpg,2,background,unmatched_ground_truth,NA
2024-08-16_10-21-02-06-00_0005_102MEDIA_DSCF0005_JPG.rf.89a4458a7876d4b035b85a5d020edf29.jpg,38,52,class_confusion,0.8671380324569788
2024-08-16_10-21-02-06-00_0005_102MEDIA_DSCF0005_JPG.rf.89a4458a7876d4b035b85a5d020edf29.jpg,38,background,unmatched_ground_truth,NA
2024-08-16_10-21-02-06-00_0005_102MEDIA_DSCF0005_JPG.rf.89a4458a7876d4b035b85a5d020edf29.jpg,38,52,class_confusion,0.8544228666382678
2024-08-16_10-21-02-06-00_0005_102MEDIA_DSCF0005_JPG.rf.89a4458a7876d4b035b85a5d020edf29.jpg,38,background,unmatched_ground_truth,NA
2024-08-16_10-21-02-06-00_0005_102MEDIA_DSCF0005_JPG.rf.89a4458a7876d4b035b85a5d020edf29.jpg,background,38,unmatched_prediction,NA
2024-08-16_10-21-02-06-00_0005_102MEDIA_DSCF0005_JPG.rf.89a4458a7876d4b035b85a5d020edf29.jpg,background,38,unmatched_prediction,NA
2024-08-30_13-38-32-06-00_0003_101MEDIA_DSCF0488_JPG.rf.69e6e408fcb7b8ce98fbea1bd9965224.jpg,22,22,correct_match,0.8718794861207538
2024-08-30_13-38-32-06-00_0003_101MEDIA_DSCF0488_JPG.rf.69e6e408fcb7b8ce98fbea1bd9965224.jpg,33,background,unmatched_ground_truth,NA
2024-08-30_13-38-32-06-00_0003_101MEDIA_DSCF0488_JPG.rf.69e6e408fcb7b8ce98fbea1bd9965224.jpg,22,22,correct_match,0.7758337824765988
2024-08-30_13-38-32-06-00_0003_101MEDIA_DSCF0488_JPG.rf.69e6e408fcb7b8ce98fbea1bd9965224.jpg,33,background,unmatched_ground_truth,NA
2024-08-30_13-38-32-06-00_0003_101MEDIA_DSCF0488_JPG.rf.69e6e408fcb7b8ce98fbea1bd9965224.jpg,background,22,unmatched_prediction,NA
2024-08-30_13-38-32-06-00_0003_101MEDIA_DSCF0488_JPG.rf.69e6e408fcb7b8ce98fbea1bd9965224.jpg,background,22,unmatched_prediction,NA
2024-08-30_13-38-32-06-00_0003_101MEDIA_DSCF0488_JPG.rf.69e6e408fcb7b8ce98fbea1bd9965224.jpg,background,22,unmatched_prediction,NA
2024-08-30_13-38-32-06-00_0003_101MEDIA_DSCF0488_JPG.rf.69e6e408fcb7b8ce98fbea1bd9965224.jpg,background,22,unmatched_prediction,NA
2024-08-30_13-38-32-06-00_0003_101MEDIA_DSCF0488_JPG.rf.69e6e408fcb7b8ce98fbea1bd9965224.jpg,background,22,unmatched_prediction,NA
2024-08-30_13-38-32-06-00_0003_101MEDIA_DSCF0488_JPG.rf.69e6e408fcb7b8ce98fbea1bd9965224.jpg,background,22,unmatched_prediction,NA
2024-08-16_12-10-14-06-00_0003_102MEDIA_DSCF0098_JPG.rf.18f6bb8a39f141975199f2a241469c9c.jpg,19,19,correct_match,0.8972538621137724
2024-08-16_12-10-14-06-00_0003_102MEDIA_DSCF0098_JPG.rf.18f6bb8a39f141975199f2a241469c9c.jpg,52,52,correct_match,0.9281282143309993
2024-08-16_12-10-14-06-00_0003_102MEDIA_DSCF0098_JPG.rf.18f6bb8a39f141975199f2a241469c9c.jpg,52,52,correct_match,0.8826839411154327
2024-08-16_12-10-14-06-00_0003_102MEDIA_DSCF0098_JPG.rf.18f6bb8a39f141975199f2a241469c9c.jpg,19,19,correct_match,0.8813624896950306
2024-08-16_12-10-14-06-00_0003_102MEDIA_DSCF0098_JPG.rf.18f6bb8a39f141975199f2a241469c9c.jpg,52,52,correct_match,0.8389059861639043
2024-08-16_12-10-14-06-00_0003_102MEDIA_DSCF0098_JPG.rf.18f6bb8a39f141975199f2a241469c9c.jpg,52,52,correct_match,0.8947855807851826
Haemulon-flavolineatum_40_jpeg.rf.03b1b8e3164c8ada15b062981ef1c943.jpg,20,20,correct_match,0.9113434181016457
Haemulon-flavolineatum_40_jpeg.rf.03b1b8e3164c8ada15b062981ef1c943.jpg,20,20,correct_match,0.6613273896555206
Haemulon-flavolineatum_40_jpeg.rf.03b1b8e3164c8ada15b062981ef1c943.jpg,20,background,unmatched_ground_truth,NA
Haemulon-flavolineatum_40_jpeg.rf.03b1b8e3164c8ada15b062981ef1c943.jpg,20,background,unmatched_ground_truth,NA
2024-08-16_10-26-40-06-00_0004_102MEDIA_DSCF0052_JPG.rf.24feb0100195831230ffb8d9c0c6d580.jpg,9,9,correct_match,0.8783782210058446
2024-08-16_10-26-40-06-00_0004_102MEDIA_DSCF0052_JPG.rf.24feb0100195831230ffb8d9c0c6d580.jpg,9,9,correct_match,0.8903380289941548
2024-08-16_10-26-40-06-00_0004_102MEDIA_DSCF0052_JPG.rf.24feb0100195831230ffb8d9c0c6d580.jpg,9,9,correct_match,0.8724235632830151
2024-08-16_10-26-40-06-00_0004_102MEDIA_DSCF0052_JPG.rf.24feb0100195831230ffb8d9c0c6d580.jpg,9,9,correct_match,0.7581402574491707
2024-08-16_10-26-40-06-00_0004_102MEDIA_DSCF0052_JPG.rf.24feb0100195831230ffb8d9c0c6d580.jpg,9,9,correct_match,0.9039636804761098
2024-08-16_10-26-40-06-00_0004_102MEDIA_DSCF0052_JPG.rf.24feb0100195831230ffb8d9c0c6d580.jpg,9,9,correct_match,0.7298274400322846
2024-08-16_10-26-40-06-00_0004_102MEDIA_DSCF0052_JPG.rf.24feb0100195831230ffb8d9c0c6d580.jpg,9,9,correct_match,0.805393781309825
2024-08-16_10-26-40-06-00_0004_102MEDIA_DSCF0052_JPG.rf.24feb0100195831230ffb8d9c0c6d580.jpg,9,background,unmatched_ground_truth,NA
2024-08-16_10-26-40-06-00_0004_102MEDIA_DSCF0052_JPG.rf.24feb0100195831230ffb8d9c0c6d580.jpg,9,9,correct_match,0.7382331725439979
2024-08-16_10-26-40-06-00_0004_102MEDIA_DSCF0052_JPG.rf.24feb0100195831230ffb8d9c0c6d580.jpg,9,9,correct_match,0.825492753308039
2024-08-16_10-26-40-06-00_0004_102MEDIA_DSCF0052_JPG.rf.24feb0100195831230ffb8d9c0c6d580.jpg,9,background,unmatched_ground_truth,NA
2024-08-16_10-26-40-06-00_0004_102MEDIA_DSCF0052_JPG.rf.24feb0100195831230ffb8d9c0c6d580.jpg,9,background,unmatched_ground_truth,NA
2024-08-16_10-26-40-06-00_0004_102MEDIA_DSCF0052_JPG.rf.24feb0100195831230ffb8d9c0c6d580.jpg,9,9,correct_match,0.855233270269026
2024-08-16_10-26-40-06-00_0004_102MEDIA_DSCF0052_JPG.rf.24feb0100195831230ffb8d9c0c6d580.jpg,9,9,correct_match,0.8440444072713871
2024-08-16_10-26-40-06-00_0004_102MEDIA_DSCF0052_JPG.rf.24feb0100195831230ffb8d9c0c6d580.jpg,9,9,correct_match,0.7504896818527265
2024-08-16_10-26-40-06-00_0004_102MEDIA_DSCF0052_JPG.rf.24feb0100195831230ffb8d9c0c6d580.jpg,9,9,correct_match,0.7513809844624216
2024-08-16_10-26-40-06-00_0004_102MEDIA_DSCF0052_JPG.rf.24feb0100195831230ffb8d9c0c6d580.jpg,9,9,correct_match,0.8520829920087434
2024-08-16_10-26-40-06-00_0004_102MEDIA_DSCF0052_JPG.rf.24feb0100195831230ffb8d9c0c6d580.jpg,9,background,unmatched_ground_truth,NA
2024-08-16_10-26-40-06-00_0004_102MEDIA_DSCF0052_JPG.rf.24feb0100195831230ffb8d9c0c6d580.jpg,9,9,correct_match,0.7193244672732505
2024-08-16_10-26-40-06-00_0004_102MEDIA_DSCF0052_JPG.rf.24feb0100195831230ffb8d9c0c6d580.jpg,9,background,unmatched_ground_truth,NA
2024-08-16_10-26-40-06-00_0004_102MEDIA_DSCF0052_JPG.rf.24feb0100195831230ffb8d9c0c6d580.jpg,9,9,correct_match,0.756211009502471
2024-08-16_10-26-40-06-00_0004_102MEDIA_DSCF0052_JPG.rf.24feb0100195831230ffb8d9c0c6d580.jpg,9,9,correct_match,0.740188127192241
2024-08-16_10-26-40-06-00_0004_102MEDIA_DSCF0052_JPG.rf.24feb0100195831230ffb8d9c0c6d580.jpg,9,9,correct_match,0.7962413575002136
2024-08-16_10-26-40-06-00_0004_102MEDIA_DSCF0052_JPG.rf.24feb0100195831230ffb8d9c0c6d580.jpg,9,background,unmatched_ground_truth,NA
2024-08-16_10-26-40-06-00_0004_102MEDIA_DSCF0052_JPG.rf.24feb0100195831230ffb8d9c0c6d580.jpg,background,9,unmatched_prediction,NA
2024-08-16_10-26-40-06-00_0004_102MEDIA_DSCF0052_JPG.rf.24feb0100195831230ffb8d9c0c6d580.jpg,background,9,unmatched_prediction,NA
Chromis-scotti_39_jpg.rf.259f5ee74353f1bf728d69c364f77b92.jpg,16,16,correct_match,0.981177715251252
Chromis-scotti_39_jpg.rf.259f5ee74353f1bf728d69c364f77b92.jpg,16,16,correct_match,0.9623727478565152
Chromis-scotti_39_jpg.rf.259f5ee74353f1bf728d69c364f77b92.jpg,16,16,correct_match,0.9572371157255778
Haemulon-sciurus_46_jpg.rf.f6d1a9549e480ad65813c729cd068826.jpg,24,background,unmatched_ground_truth,NA
Haemulon-sciurus_46_jpg.rf.f6d1a9549e480ad65813c729cd068826.jpg,24,background,unmatched_ground_truth,NA
Haemulon-sciurus_46_jpg.rf.f6d1a9549e480ad65813c729cd068826.jpg,24,background,unmatched_ground_truth,NA
2024-08-21_10-10-20-06-00_0004_104MEDIA_DSCF0452_JPG.rf.5d1065fb79e7939b5b10871793864430.jpg,42,background,unmatched_ground_truth,NA
2024-08-21_10-10-20-06-00_0004_104MEDIA_DSCF0452_JPG.rf.5d1065fb79e7939b5b10871793864430.jpg,42,42,correct_match,0.7084227172506892
Haemulon-sciurus_45_jpeg.rf.c2cae11d46c34f3d02fe7f8cb0987fa8.jpg,24,24,correct_match,0.922150719485752
Haemulon-sciurus_45_jpeg.rf.c2cae11d46c34f3d02fe7f8cb0987fa8.jpg,24,24,correct_match,0.8995813245924464
Haemulon-sciurus_45_jpeg.rf.c2cae11d46c34f3d02fe7f8cb0987fa8.jpg,24,24,correct_match,0.8391848627279517
Chaetodon-sedentarius_12_jpeg.rf.bfa222bda8488fccb85f3c7613b0527f.jpg,14,background,unmatched_ground_truth,NA
Chaetodon-sedentarius_12_jpeg.rf.bfa222bda8488fccb85f3c7613b0527f.jpg,background,52,unmatched_prediction,NA
Chaetodon-sedentarius_12_jpeg.rf.bfa222bda8488fccb85f3c7613b0527f.jpg,background,52,unmatched_prediction,NA
Calamus-bajonado_40_jpeg.rf.ddfc0c2d902d9eaf9f4616e80d1e83f1.jpg,7,7,correct_match,0.8989220147185182
Chromis-scotti_10_jpeg.rf.26afe66cfcdb593fe80e4ce0c5a7035f.jpg,16,16,correct_match,0.9213437320782846
Chromis-scotti_10_jpeg.rf.26afe66cfcdb593fe80e4ce0c5a7035f.jpg,16,16,correct_match,0.7991334051840266
Sparisoma-aurofrenatum_27_jpeg.rf.1b89ce07e3f9ddbd6fbd625920cbb5bb.jpg,45,48,class_confusion,0.7398102073936975
Sparisoma-aurofrenatum_27_jpeg.rf.1b89ce07e3f9ddbd6fbd625920cbb5bb.jpg,45,48,class_confusion,0.9293256596348491
Sparisoma-aurofrenatum_27_jpeg.rf.1b89ce07e3f9ddbd6fbd625920cbb5bb.jpg,background,45,unmatched_prediction,NA
Sparisoma-aurofrenatum_27_jpeg.rf.1b89ce07e3f9ddbd6fbd625920cbb5bb.jpg,background,45,unmatched_prediction,NA
Cephalopholis-fulva_1_jpg.rf.5fab28a06585e0ee7474fb6d841d0a8f.jpg,background,18,unmatched_prediction,NA
Mycteroperca-bonaci_50_jpg.rf.8012cc18df8224a92cb7c819d1eb0956.jpg,32,32,correct_match,0.9296275379053701
Mycteroperca-bonaci_50_jpg.rf.8012cc18df8224a92cb7c819d1eb0956.jpg,32,32,correct_match,0.9446594839609095
2024-08-13_06-48-04-06-00_0003_100MEDIA_DSCF0543_JPG.rf.199e2c79ded20f9d15a8db89f8853986.jpg,1,1,correct_match,0.9455325077389979
2024-08-13_06-48-04-06-00_0003_100MEDIA_DSCF0543_JPG.rf.199e2c79ded20f9d15a8db89f8853986.jpg,1,1,correct_match,0.8235908009389139
2024-08-13_06-48-04-06-00_0003_100MEDIA_DSCF0543_JPG.rf.199e2c79ded20f9d15a8db89f8853986.jpg,1,1,correct_match,0.6181950097410096
2024-08-13_06-48-04-06-00_0003_100MEDIA_DSCF0543_JPG.rf.199e2c79ded20f9d15a8db89f8853986.jpg,1,1,correct_match,0.8789477943228116
2024-08-13_06-48-04-06-00_0003_100MEDIA_DSCF0543_JPG.rf.199e2c79ded20f9d15a8db89f8853986.jpg,1,1,correct_match,0.8539878758638946
2024-08-13_06-48-04-06-00_0003_100MEDIA_DSCF0543_JPG.rf.199e2c79ded20f9d15a8db89f8853986.jpg,1,1,correct_match,0.7931760634221234
2024-08-13_06-48-04-06-00_0003_100MEDIA_DSCF0543_JPG.rf.199e2c79ded20f9d15a8db89f8853986.jpg,1,background,unmatched_ground_truth,NA
2024-08-13_06-48-04-06-00_0003_100MEDIA_DSCF0543_JPG.rf.199e2c79ded20f9d15a8db89f8853986.jpg,1,1,correct_match,0.9414690042914436
2024-08-13_06-48-04-06-00_0003_100MEDIA_DSCF0543_JPG.rf.199e2c79ded20f9d15a8db89f8853986.jpg,1,1,correct_match,0.6331254228023094
2024-08-13_06-48-04-06-00_0003_100MEDIA_DSCF0543_JPG.rf.199e2c79ded20f9d15a8db89f8853986.jpg,1,1,correct_match,0.8185697468995345
2024-08-13_06-48-04-06-00_0003_100MEDIA_DSCF0543_JPG.rf.199e2c79ded20f9d15a8db89f8853986.jpg,1,1,correct_match,0.9200353998666503
2024-08-13_06-48-04-06-00_0003_100MEDIA_DSCF0543_JPG.rf.199e2c79ded20f9d15a8db89f8853986.jpg,1,1,correct_match,0.8232509250943073
2024-08-13_06-48-04-06-00_0003_100MEDIA_DSCF0543_JPG.rf.199e2c79ded20f9d15a8db89f8853986.jpg,1,background,unmatched_ground_truth,NA
2024-08-13_06-48-04-06-00_0003_100MEDIA_DSCF0543_JPG.rf.199e2c79ded20f9d15a8db89f8853986.jpg,1,1,correct_match,0.8423843200217916
2024-08-13_06-48-04-06-00_0003_100MEDIA_DSCF0543_JPG.rf.199e2c79ded20f9d15a8db89f8853986.jpg,1,1,correct_match,0.769358988592788
2024-08-13_06-48-04-06-00_0003_100MEDIA_DSCF0543_JPG.rf.199e2c79ded20f9d15a8db89f8853986.jpg,1,1,correct_match,0.8119512905538077
2024-08-13_06-48-04-06-00_0003_100MEDIA_DSCF0543_JPG.rf.199e2c79ded20f9d15a8db89f8853986.jpg,1,1,correct_match,0.8840070551840926
2024-08-13_06-48-04-06-00_0003_100MEDIA_DSCF0543_JPG.rf.199e2c79ded20f9d15a8db89f8853986.jpg,1,1,correct_match,0.603847746197806
2024-08-13_06-48-04-06-00_0003_100MEDIA_DSCF0543_JPG.rf.199e2c79ded20f9d15a8db89f8853986.jpg,1,1,correct_match,0.8620175277118726
2024-08-13_06-48-04-06-00_0003_100MEDIA_DSCF0543_JPG.rf.199e2c79ded20f9d15a8db89f8853986.jpg,1,1,correct_match,0.6005111769376796
2024-08-13_06-48-04-06-00_0003_100MEDIA_DSCF0543_JPG.rf.199e2c79ded20f9d15a8db89f8853986.jpg,1,1,correct_match,0.7680326961267212
2024-08-13_06-48-04-06-00_0003_100MEDIA_DSCF0543_JPG.rf.199e2c79ded20f9d15a8db89f8853986.jpg,background,34,unmatched_prediction,NA
2024-08-13_06-48-04-06-00_0003_100MEDIA_DSCF0543_JPG.rf.199e2c79ded20f9d15a8db89f8853986.jpg,background,34,unmatched_prediction,NA
2024-08-13_06-48-04-06-00_0003_100MEDIA_DSCF0543_JPG.rf.199e2c79ded20f9d15a8db89f8853986.jpg,background,1,unmatched_prediction,NA
2024-08-25_07-09-26-06-00_0004_106MEDIA_DSCF0320_JPG.rf.8707b4bd774168fc09b5e4fab175ee29.jpg,22,background,unmatched_ground_truth,NA
2024-08-25_07-09-26-06-00_0004_106MEDIA_DSCF0320_JPG.rf.8707b4bd774168fc09b5e4fab175ee29.jpg,22,background,unmatched_ground_truth,NA
2024-08-25_07-09-26-06-00_0004_106MEDIA_DSCF0320_JPG.rf.8707b4bd774168fc09b5e4fab175ee29.jpg,48,background,unmatched_ground_truth,NA
2024-08-25_07-09-26-06-00_0004_106MEDIA_DSCF0320_JPG.rf.8707b4bd774168fc09b5e4fab175ee29.jpg,34,34,correct_match,0.6562116412368258
2024-08-25_07-09-26-06-00_0004_106MEDIA_DSCF0320_JPG.rf.8707b4bd774168fc09b5e4fab175ee29.jpg,22,background,unmatched_ground_truth,NA
2024-08-25_07-09-26-06-00_0004_106MEDIA_DSCF0320_JPG.rf.8707b4bd774168fc09b5e4fab175ee29.jpg,22,background,unmatched_ground_truth,NA
2024-08-25_07-09-26-06-00_0004_106MEDIA_DSCF0320_JPG.rf.8707b4bd774168fc09b5e4fab175ee29.jpg,22,background,unmatched_ground_truth,NA
2024-08-25_07-09-26-06-00_0004_106MEDIA_DSCF0320_JPG.rf.8707b4bd774168fc09b5e4fab175ee29.jpg,48,background,unmatched_ground_truth,NA
2024-08-25_07-09-26-06-00_0004_106MEDIA_DSCF0320_JPG.rf.8707b4bd774168fc09b5e4fab175ee29.jpg,34,34,correct_match,0.7060576523810295
2024-08-25_07-09-26-06-00_0004_106MEDIA_DSCF0320_JPG.rf.8707b4bd774168fc09b5e4fab175ee29.jpg,22,background,unmatched_ground_truth,NA
Haemulon-flavolineatum_14_jpg.rf.726b4f472ece724c4708300fc7da9c28.jpg,20,20,correct_match,0.9319903499104593
Haemulon-flavolineatum_14_jpg.rf.726b4f472ece724c4708300fc7da9c28.jpg,20,background,unmatched_ground_truth,NA
Chaetodon-sedentarius_16_jpg.rf.81ca34a6762a3fd4a7d3e6d8e13371b2.jpg,14,14,correct_match,0.9236475316909324
Chaetodon-sedentarius_16_jpg.rf.81ca34a6762a3fd4a7d3e6d8e13371b2.jpg,14,14,correct_match,0.8658206572606469
2025-09-16_07-45-06-06-00_0005_109MEDIA_DSCF0826_JPG.rf.60a53ec93f2ef61e72acbf19a93cbee6.jpg,39,39,correct_match,0.871275225954313
2025-09-16_07-45-06-06-00_0005_109MEDIA_DSCF0826_JPG.rf.60a53ec93f2ef61e72acbf19a93cbee6.jpg,39,39,correct_match,0.9561757666954772
Chaetodon-capistratus_8_png.rf.205dccd6b6c37a1130f7670af83285ba.jpg,12,12,correct_match,0.8486292468578867
Chaetodon-capistratus_8_png.rf.205dccd6b6c37a1130f7670af83285ba.jpg,12,12,correct_match,0.8222426709656434
Lutjanus-jocu_35_jpg.rf.0ecc9317a8cf696d2266c402eab2522d.jpg,31,31,correct_match,0.9008553112836029
Lutjanus-jocu_35_jpg.rf.0ecc9317a8cf696d2266c402eab2522d.jpg,31,31,correct_match,0.8805030964726942
Lutjanus-jocu_35_jpg.rf.0ecc9317a8cf696d2266c402eab2522d.jpg,31,31,correct_match,0.8610698359044492
Nicholsina-usta_3_jpg.rf.93676c5a9e72d18da7a517b483860833.jpg,33,background,unmatched_ground_truth,NA
Nicholsina-usta_3_jpg.rf.93676c5a9e72d18da7a517b483860833.jpg,33,background,unmatched_ground_truth,NA
2024-08-26_11-39-26-06-00_0005_106MEDIA_DSCF0848_JPG.rf.2bf7aafce67d6936959303b96d03273d.jpg,23,23,correct_match,0.7684068938992475
2024-08-26_11-39-26-06-00_0005_106MEDIA_DSCF0848_JPG.rf.2bf7aafce67d6936959303b96d03273d.jpg,23,23,correct_match,0.7384332492934151
Calamus-bajonado_19_jpeg.rf.0450815d9fe2585d3fa838c6056afecb.jpg,7,7,correct_match,0.9623383219819933
Calamus-bajonado_19_jpeg.rf.0450815d9fe2585d3fa838c6056afecb.jpg,7,7,correct_match,0.6710552419110057
Calamus-bajonado_19_jpeg.rf.0450815d9fe2585d3fa838c6056afecb.jpg,7,7,correct_match,0.8057860775258026
2025-08-27_10-49-00-06-00_0003_100MEDIA_DSCF0264_JPG.rf.81302d08c9427e720b31fd784768c1a7.jpg,35,background,unmatched_ground_truth,NA
2025-08-27_10-49-00-06-00_0003_100MEDIA_DSCF0264_JPG.rf.81302d08c9427e720b31fd784768c1a7.jpg,35,background,unmatched_ground_truth,NA
2024-08-13_14-49-20-06-00_0001_100MEDIA_DSCF0711_JPG.rf.5049f591b49ab7f381bfdcf703a78750.jpg,22,22,correct_match,0.9348258121976812
2024-08-13_14-49-20-06-00_0001_100MEDIA_DSCF0711_JPG.rf.5049f591b49ab7f381bfdcf703a78750.jpg,1,1,correct_match,0.856813918512238
2024-08-13_14-49-20-06-00_0001_100MEDIA_DSCF0711_JPG.rf.5049f591b49ab7f381bfdcf703a78750.jpg,1,1,correct_match,0.8827307532111797
2024-08-13_14-49-20-06-00_0001_100MEDIA_DSCF0711_JPG.rf.5049f591b49ab7f381bfdcf703a78750.jpg,22,22,correct_match,0.9086695623940817
2024-08-13_14-49-20-06-00_0001_100MEDIA_DSCF0711_JPG.rf.5049f591b49ab7f381bfdcf703a78750.jpg,1,1,correct_match,0.869115027179533
2024-08-13_14-49-20-06-00_0001_100MEDIA_DSCF0711_JPG.rf.5049f591b49ab7f381bfdcf703a78750.jpg,1,1,correct_match,0.8681448698639691
2024-08-15_10-32-26-06-00_0004_101MEDIA_DSCF0573_JPG.rf.cf6e44fc753dce0dd961efd3642a1f29.jpg,34,34,correct_match,0.8886225223817629
2024-08-15_10-32-26-06-00_0004_101MEDIA_DSCF0573_JPG.rf.cf6e44fc753dce0dd961efd3642a1f29.jpg,34,34,correct_match,0.8824088912604228
2024-08-15_10-32-26-06-00_0004_101MEDIA_DSCF0573_JPG.rf.cf6e44fc753dce0dd961efd3642a1f29.jpg,34,34,correct_match,0.8991245390912528
2024-08-15_10-32-26-06-00_0004_101MEDIA_DSCF0573_JPG.rf.cf6e44fc753dce0dd961efd3642a1f29.jpg,34,34,correct_match,0.9096275088943789
Diodon-hystrix_50_jpg.rf.0e86fbe2e4384a994511a3cd48e41007.jpg,17,17,correct_match,0.9063307424192055
Diodon-hystrix_50_jpg.rf.0e86fbe2e4384a994511a3cd48e41007.jpg,17,17,correct_match,0.7088306499770543
Cephalopholis-cruentata_21_jpeg.rf.bbeff014a51da54fbdd97a672fb2c4ac.jpg,11,11,correct_match,0.8493407425060743
Cephalopholis-cruentata_21_jpeg.rf.bbeff014a51da54fbdd97a672fb2c4ac.jpg,11,11,correct_match,0.8948014167525308
Cephalopholis-cruentata_21_jpeg.rf.bbeff014a51da54fbdd97a672fb2c4ac.jpg,11,11,correct_match,0.9208173579376333
Scarus-guacamaia_46_jpg.rf.8dd5224e6e91d7afcc33a2b1fe6f3353.jpg,40,40,correct_match,0.9740006094086796
Scarus-guacamaia_46_jpg.rf.8dd5224e6e91d7afcc33a2b1fe6f3353.jpg,40,40,correct_match,0.9722835780333975
Lutjanus-analis_16_jpg.rf.c5bc1488ff49b236513addfa0d9490ce.jpg,29,29,correct_match,0.9045248675370238
Lutjanus-jocu_jpeg.rf.45cf686c4dc695fb5173e964ac76bfdd.jpg,31,31,correct_match,0.8745969124975517
Rhomboplites-aurorubens_27_jpg.rf.7460a0b95275b10c75c4e370fb244af9.jpg,37,37,correct_match,0.9703170674366586
Azurina-cyanea_45_jpeg.rf.d22cc6941df36e7045a295d23976dcbc.jpg,5,5,correct_match,0.9140267474385837
Azurina-cyanea_45_jpeg.rf.d22cc6941df36e7045a295d23976dcbc.jpg,5,background,unmatched_ground_truth,NA
Azurina-cyanea_45_jpeg.rf.d22cc6941df36e7045a295d23976dcbc.jpg,5,5,correct_match,0.7674923040545882
Azurina-cyanea_45_jpeg.rf.d22cc6941df36e7045a295d23976dcbc.jpg,background,5,unmatched_prediction,NA
2025-09-07_16-30-32-06-00_0003_105MEDIA_DSCF0667_JPG.rf.c0505f951ff8921cd22b8d1267075352.jpg,39,39,correct_match,0.9436495205565787
2025-09-07_16-30-32-06-00_0003_105MEDIA_DSCF0667_JPG.rf.c0505f951ff8921cd22b8d1267075352.jpg,39,39,correct_match,0.7821460415324988
2025-09-07_16-30-32-06-00_0003_105MEDIA_DSCF0667_JPG.rf.c0505f951ff8921cd22b8d1267075352.jpg,39,39,correct_match,0.9188305692751041
2025-09-07_16-30-32-06-00_0003_105MEDIA_DSCF0667_JPG.rf.c0505f951ff8921cd22b8d1267075352.jpg,39,39,correct_match,0.7424878447516199
2025-09-07_16-30-32-06-00_0003_105MEDIA_DSCF0667_JPG.rf.c0505f951ff8921cd22b8d1267075352.jpg,background,41,unmatched_prediction,NA
2025-09-07_16-30-32-06-00_0003_105MEDIA_DSCF0667_JPG.rf.c0505f951ff8921cd22b8d1267075352.jpg,background,41,unmatched_prediction,NA
Diodon-holocanthus_42_jpg.rf.94a02654dcbbaa344f0841f54de661c1.jpg,17,17,correct_match,0.9217266743889772
Diodon-holocanthus_42_jpg.rf.94a02654dcbbaa344f0841f54de661c1.jpg,17,17,correct_match,0.6945260168455792
Diodon-holocanthus_42_jpg.rf.94a02654dcbbaa344f0841f54de661c1.jpg,17,17,correct_match,0.9507893411195694
Diodon-holocanthus_42_jpg.rf.94a02654dcbbaa344f0841f54de661c1.jpg,17,background,unmatched_ground_truth,NA
Diodon-holocanthus_42_jpg.rf.94a02654dcbbaa344f0841f54de661c1.jpg,17,17,correct_match,0.806411543285076
Diodon-holocanthus_42_jpg.rf.94a02654dcbbaa344f0841f54de661c1.jpg,17,17,correct_match,0.9532852030874991
Diodon-holocanthus_42_jpg.rf.94a02654dcbbaa344f0841f54de661c1.jpg,17,background,unmatched_ground_truth,NA
Diodon-holocanthus_42_jpg.rf.94a02654dcbbaa344f0841f54de661c1.jpg,17,17,correct_match,0.9392107333264249
Diodon-holocanthus_42_jpg.rf.94a02654dcbbaa344f0841f54de661c1.jpg,17,background,unmatched_ground_truth,NA
Diodon-holocanthus_42_jpg.rf.94a02654dcbbaa344f0841f54de661c1.jpg,17,17,correct_match,0.7566843781025556
Diodon-holocanthus_42_jpg.rf.94a02654dcbbaa344f0841f54de661c1.jpg,background,17,unmatched_prediction,NA
Diodon-holocanthus_42_jpg.rf.94a02654dcbbaa344f0841f54de661c1.jpg,background,17,unmatched_prediction,NA
Diodon-holocanthus_42_jpg.rf.94a02654dcbbaa344f0841f54de661c1.jpg,background,17,unmatched_prediction,NA
Diodon-holocanthus_42_jpg.rf.94a02654dcbbaa344f0841f54de661c1.jpg,background,17,unmatched_prediction,NA
2024-08-13_14-25-46-06-00_0003_100MEDIA_DSCF0697_JPG.rf.a415caab209d034720fd87a1ea46b748.jpg,1,1,correct_match,0.9132996209522578
2024-08-13_14-25-46-06-00_0003_100MEDIA_DSCF0697_JPG.rf.a415caab209d034720fd87a1ea46b748.jpg,1,1,correct_match,0.9738128991041481
2024-08-13_14-25-46-06-00_0003_100MEDIA_DSCF0697_JPG.rf.a415caab209d034720fd87a1ea46b748.jpg,1,1,correct_match,0.6162649325719444
2024-08-13_14-25-46-06-00_0003_100MEDIA_DSCF0697_JPG.rf.a415caab209d034720fd87a1ea46b748.jpg,1,1,correct_match,0.911268847597944
2024-08-13_14-25-46-06-00_0003_100MEDIA_DSCF0697_JPG.rf.a415caab209d034720fd87a1ea46b748.jpg,1,1,correct_match,0.9217934472656061
2024-08-13_14-25-46-06-00_0003_100MEDIA_DSCF0697_JPG.rf.a415caab209d034720fd87a1ea46b748.jpg,1,1,correct_match,0.55689112518217
2024-08-13_14-25-46-06-00_0003_100MEDIA_DSCF0697_JPG.rf.a415caab209d034720fd87a1ea46b748.jpg,background,1,unmatched_prediction,NA
2024-08-13_14-25-46-06-00_0003_100MEDIA_DSCF0697_JPG.rf.a415caab209d034720fd87a1ea46b748.jpg,background,1,unmatched_prediction,NA
Lachnolaimus-maximus_16_png.rf.b099d5b23becb263b98ea5a7982980b6.jpg,28,28,correct_match,0.9181527916635552
Lachnolaimus-maximus_16_png.rf.b099d5b23becb263b98ea5a7982980b6.jpg,28,background,unmatched_ground_truth,NA
Lachnolaimus-maximus_16_png.rf.b099d5b23becb263b98ea5a7982980b6.jpg,28,background,unmatched_ground_truth,NA
Lachnolaimus-maximus_16_png.rf.b099d5b23becb263b98ea5a7982980b6.jpg,28,background,unmatched_ground_truth,NA
2024-08-13_14-25-18-06-00_0004_100MEDIA_DSCF0691_JPG.rf.12f41264b50e5163ea37305cf36742f0.jpg,34,34,correct_match,0.8966359468043007
2024-08-13_14-25-18-06-00_0004_100MEDIA_DSCF0691_JPG.rf.12f41264b50e5163ea37305cf36742f0.jpg,34,34,correct_match,0.8395173032308252
2024-08-13_14-25-18-06-00_0004_100MEDIA_DSCF0691_JPG.rf.12f41264b50e5163ea37305cf36742f0.jpg,34,34,correct_match,0.780777770238236
2024-08-13_14-25-18-06-00_0004_100MEDIA_DSCF0691_JPG.rf.12f41264b50e5163ea37305cf36742f0.jpg,34,34,correct_match,0.8834277505145991
2024-08-13_14-25-18-06-00_0004_100MEDIA_DSCF0691_JPG.rf.12f41264b50e5163ea37305cf36742f0.jpg,34,background,unmatched_ground_truth,NA
2024-08-13_14-25-18-06-00_0004_100MEDIA_DSCF0691_JPG.rf.12f41264b50e5163ea37305cf36742f0.jpg,34,34,correct_match,0.8645437973634404
2024-08-13_14-25-18-06-00_0004_100MEDIA_DSCF0691_JPG.rf.12f41264b50e5163ea37305cf36742f0.jpg,34,34,correct_match,0.8944365692103193
2024-08-13_14-25-18-06-00_0004_100MEDIA_DSCF0691_JPG.rf.12f41264b50e5163ea37305cf36742f0.jpg,34,34,correct_match,0.6759073102767831
2024-08-13_14-25-18-06-00_0004_100MEDIA_DSCF0691_JPG.rf.12f41264b50e5163ea37305cf36742f0.jpg,34,background,unmatched_ground_truth,NA
2024-08-13_14-25-18-06-00_0004_100MEDIA_DSCF0691_JPG.rf.12f41264b50e5163ea37305cf36742f0.jpg,34,background,unmatched_ground_truth,NA
Acanthurus-tractus_28_jpg.rf.93a0b5a88429118d3a9390e7185fa10f.jpg,background,45,unmatched_prediction,NA
Chaetodon-capistratus_40_jpg.rf.009f45be2843b234abccef70f639b5ae.jpg,12,12,correct_match,0.8594670241753017
Chaetodon-capistratus_40_jpg.rf.009f45be2843b234abccef70f639b5ae.jpg,12,background,unmatched_ground_truth,NA
Scarus-coelestinus_40_jpeg.rf.dbd33b1e96fd1b6c8faa736431b6b4f0.jpg,38,38,correct_match,0.9436831865115254
Scarus-coelestinus_40_jpeg.rf.dbd33b1e96fd1b6c8faa736431b6b4f0.jpg,24,20,class_confusion,0.7605494636727828
Scarus-coelestinus_40_jpeg.rf.dbd33b1e96fd1b6c8faa736431b6b4f0.jpg,38,38,correct_match,0.886126926622276
Scarus-coelestinus_40_jpeg.rf.dbd33b1e96fd1b6c8faa736431b6b4f0.jpg,24,background,unmatched_ground_truth,NA
Cephalopholis-cruentata_23_jpg.rf.05c5d02854afe511089213164ae3d951.jpg,11,11,correct_match,0.8997227637357499
Cephalopholis-cruentata_23_jpg.rf.05c5d02854afe511089213164ae3d951.jpg,11,11,correct_match,0.6845713186917439
Pomacanthus-paru_30_jpg.rf.56e3f720d1793680224d82de70da8d4b.jpg,36,36,correct_match,0.9134304608270081
Calamus-bajonado_46_jpg.rf.c26dda9d9b174dc12d248767811a4788.jpg,7,7,correct_match,0.8962282525097717
Calamus-bajonado_46_jpg.rf.c26dda9d9b174dc12d248767811a4788.jpg,52,background,unmatched_ground_truth,NA
Calamus-bajonado_46_jpg.rf.c26dda9d9b174dc12d248767811a4788.jpg,7,7,correct_match,0.7799495134958849
Calamus-bajonado_46_jpg.rf.c26dda9d9b174dc12d248767811a4788.jpg,7,7,correct_match,0.7036472437037736
2025-09-08_14-18-44-06-00_0003_106MEDIA_DSCF0105_JPG.rf.7303ae54c9db9bb600b3bc7cc292efea.jpg,21,21,correct_match,0.855032184652148
2025-09-08_14-18-44-06-00_0003_106MEDIA_DSCF0105_JPG.rf.7303ae54c9db9bb600b3bc7cc292efea.jpg,21,21,correct_match,0.8566486993501178
Sparisoma-aurofrenatum_36_jpg.rf.f3471e1c6c3234a8e293e9ab5a5f352b.jpg,45,45,correct_match,0.9414551676183368
Sparisoma-aurofrenatum_36_jpg.rf.f3471e1c6c3234a8e293e9ab5a5f352b.jpg,45,45,correct_match,0.9174017213470005
Diodon-hystrix_18_png.rf.4cd6958cb52aa2177d53f69f9eeee156.jpg,17,17,correct_match,0.8543321160799173
Acanthurus-coeruleus_42_jpeg.rf.f537a0c7415b1ae78122d8404723f6ee.jpg,3,3,correct_match,0.9469683569218551
Acanthurus-coeruleus_42_jpeg.rf.f537a0c7415b1ae78122d8404723f6ee.jpg,3,background,unmatched_ground_truth,NA
Acanthurus-coeruleus_42_jpeg.rf.f537a0c7415b1ae78122d8404723f6ee.jpg,3,3,correct_match,0.7953052841029988
Acanthurus-coeruleus_42_jpeg.rf.f537a0c7415b1ae78122d8404723f6ee.jpg,background,3,unmatched_prediction,NA
Cephalopholis-cruentata_40_jpg.rf.644b00fabd0b4a4280a453d357f5c06d.jpg,11,11,correct_match,0.8725628541341992
2024-08-15_16-33-08-06-00_0003_101MEDIA_DSCF0704_JPG.rf.62ede2ae12130730ca45ec5b49b3e257.jpg,47,47,correct_match,0.9402459190409488
2024-08-15_16-33-08-06-00_0003_101MEDIA_DSCF0704_JPG.rf.62ede2ae12130730ca45ec5b49b3e257.jpg,47,47,correct_match,0.9240742320995002
Lachnolaimus-maximus_40_jpg.rf.8fc7811a2dd680421161170a6f5975e4.jpg,28,28,correct_match,0.8804531576621437
Lachnolaimus-maximus_40_jpg.rf.8fc7811a2dd680421161170a6f5975e4.jpg,28,28,correct_match,0.8829558611200766
Lachnolaimus-maximus_40_jpg.rf.8fc7811a2dd680421161170a6f5975e4.jpg,28,background,unmatched_ground_truth,NA
Lachnolaimus-maximus_40_jpg.rf.8fc7811a2dd680421161170a6f5975e4.jpg,28,background,unmatched_ground_truth,NA
Haemulon-sciurus_29_jpg.rf.218e259ced30c672a4c262ee86c22cf0.jpg,24,24,correct_match,0.864704638668016
Diodon-hystrix_40_jpg.rf.3c14b1d539f7cee1bac816c88019813f.jpg,17,17,correct_match,0.8473332550946431
Diodon-hystrix_40_jpg.rf.3c14b1d539f7cee1bac816c88019813f.jpg,17,17,correct_match,0.886225676851017
Lutjanus-jocu_27_jpeg.rf.dbc630c5b50b770145a63bbd76df9733.jpg,31,31,correct_match,0.9362975136987408
Acanthurus-coeruleus_39_jpeg.rf.7937020dc93f69ce9767fae99fd4b771.jpg,3,3,correct_match,0.9493362478648399
Acanthurus-coeruleus_39_jpeg.rf.7937020dc93f69ce9767fae99fd4b771.jpg,3,3,correct_match,0.9298274141471522
Acanthurus-coeruleus_39_jpeg.rf.7937020dc93f69ce9767fae99fd4b771.jpg,3,3,correct_match,0.9296610415038788
Acanthurus-coeruleus_39_jpeg.rf.7937020dc93f69ce9767fae99fd4b771.jpg,3,3,correct_match,0.8920099257253544
Haemulon-flavolineatum_13_jpeg.rf.81cb7a85d004611594da4325a6f3f930.jpg,20,20,correct_match,0.9158817413858068
Haemulon-flavolineatum_13_jpeg.rf.81cb7a85d004611594da4325a6f3f930.jpg,20,20,correct_match,0.8556164370555034
Haemulon-flavolineatum_13_jpeg.rf.81cb7a85d004611594da4325a6f3f930.jpg,20,20,correct_match,0.8411905528781055
Haemulon-flavolineatum_13_jpeg.rf.81cb7a85d004611594da4325a6f3f930.jpg,20,20,correct_match,0.8732310696080334
Haemulon-flavolineatum_13_jpeg.rf.81cb7a85d004611594da4325a6f3f930.jpg,20,background,unmatched_ground_truth,NA
Haemulon-flavolineatum_13_jpeg.rf.81cb7a85d004611594da4325a6f3f930.jpg,20,20,correct_match,0.908834670641014
Haemulon-flavolineatum_13_jpeg.rf.81cb7a85d004611594da4325a6f3f930.jpg,20,20,correct_match,0.9319114746726423
Haemulon-flavolineatum_13_jpeg.rf.81cb7a85d004611594da4325a6f3f930.jpg,20,20,correct_match,0.9119732472548111
Haemulon-flavolineatum_13_jpeg.rf.81cb7a85d004611594da4325a6f3f930.jpg,20,background,unmatched_ground_truth,NA
Haemulon-flavolineatum_13_jpeg.rf.81cb7a85d004611594da4325a6f3f930.jpg,20,20,correct_match,0.8227033468808629
Haemulon-flavolineatum_13_jpeg.rf.81cb7a85d004611594da4325a6f3f930.jpg,20,20,correct_match,0.9167293143013481
Haemulon-flavolineatum_13_jpeg.rf.81cb7a85d004611594da4325a6f3f930.jpg,20,background,unmatched_ground_truth,NA
Haemulon-flavolineatum_13_jpeg.rf.81cb7a85d004611594da4325a6f3f930.jpg,20,background,unmatched_ground_truth,NA
Haemulon-flavolineatum_13_jpeg.rf.81cb7a85d004611594da4325a6f3f930.jpg,20,20,correct_match,0.938868147107996
Haemulon-flavolineatum_13_jpeg.rf.81cb7a85d004611594da4325a6f3f930.jpg,20,background,unmatched_ground_truth,NA
2024-08-18_13-50-02-06-00_0003_103MEDIA_DSCF0094_JPG.rf.edc62511f40bb28fa0e103a381bb5a81.jpg,52,background,unmatched_ground_truth,NA
2024-08-18_13-50-02-06-00_0003_103MEDIA_DSCF0094_JPG.rf.edc62511f40bb28fa0e103a381bb5a81.jpg,19,52,class_confusion,0.8603499073368134
2024-08-18_13-50-02-06-00_0003_103MEDIA_DSCF0094_JPG.rf.edc62511f40bb28fa0e103a381bb5a81.jpg,52,background,unmatched_ground_truth,NA
2024-08-18_13-50-02-06-00_0003_103MEDIA_DSCF0094_JPG.rf.edc62511f40bb28fa0e103a381bb5a81.jpg,19,background,unmatched_ground_truth,NA
Lachnolaimus-maximus_6_jpeg.rf.55d0ec22d1376a80ec3270d8e71f2362.jpg,28,28,correct_match,0.9732521799585461
Lachnolaimus-maximus_6_jpeg.rf.55d0ec22d1376a80ec3270d8e71f2362.jpg,28,background,unmatched_ground_truth,NA
Lachnolaimus-maximus_6_jpeg.rf.55d0ec22d1376a80ec3270d8e71f2362.jpg,28,28,correct_match,0.8342438040518764
Lachnolaimus-maximus_6_jpeg.rf.55d0ec22d1376a80ec3270d8e71f2362.jpg,28,background,unmatched_ground_truth,NA
Lachnolaimus-maximus_6_jpeg.rf.55d0ec22d1376a80ec3270d8e71f2362.jpg,28,background,unmatched_ground_truth,NA
Lachnolaimus-maximus_6_jpeg.rf.55d0ec22d1376a80ec3270d8e71f2362.jpg,background,28,unmatched_prediction,NA
Lachnolaimus-maximus_6_jpeg.rf.55d0ec22d1376a80ec3270d8e71f2362.jpg,background,28,unmatched_prediction,NA
Urobatis-jamaicensis_16_jpg.rf.13cfc429d39eac813300d81ad3a74055.jpg,51,51,correct_match,0.821174578160694
Urobatis-jamaicensis_16_jpg.rf.13cfc429d39eac813300d81ad3a74055.jpg,51,51,correct_match,0.8550479530120411
Sparisoma-viride_38_jpeg.rf.3bbf5b6b0d860976d950303809d39a3c.jpg,48,48,correct_match,0.8523085996750913
Sparisoma-viride_38_jpeg.rf.3bbf5b6b0d860976d950303809d39a3c.jpg,48,background,unmatched_ground_truth,NA
Scarus-coelestinus_60_jpeg.rf.74f22ea3efc27715125e4b617019fa28.jpg,38,38,correct_match,0.8637380772585506
Scarus-coelestinus_60_jpeg.rf.74f22ea3efc27715125e4b617019fa28.jpg,52,background,unmatched_ground_truth,NA
Scarus-coelestinus_60_jpeg.rf.74f22ea3efc27715125e4b617019fa28.jpg,38,38,correct_match,0.8696268735329503
2024-09-01_09-24-48-06-00_0002_102MEDIA_DSCF0341_JPG.rf.eda3963bd81ffe59985c50aa1b3fbad1.jpg,26,26,correct_match,0.8934187238448773
2024-09-01_09-24-48-06-00_0002_102MEDIA_DSCF0341_JPG.rf.eda3963bd81ffe59985c50aa1b3fbad1.jpg,26,26,correct_match,0.8519667744146483
2024-08-13_09-23-26-06-00_0003_100MEDIA_DSCF0595_JPG.rf.530f3081edb6db88727203675f2f952e.jpg,47,34,class_confusion,0.8855138819221751
2024-08-13_09-23-26-06-00_0003_100MEDIA_DSCF0595_JPG.rf.530f3081edb6db88727203675f2f952e.jpg,47,34,class_confusion,0.8644769632871029
2024-08-13_09-23-26-06-00_0003_100MEDIA_DSCF0595_JPG.rf.530f3081edb6db88727203675f2f952e.jpg,background,1,unmatched_prediction,NA
2024-08-13_09-23-26-06-00_0003_100MEDIA_DSCF0595_JPG.rf.530f3081edb6db88727203675f2f952e.jpg,background,1,unmatched_prediction,NA
2024-08-19_15-49-48-06-00_0003_103MEDIA_DSCF0614_JPG.rf.3dc867f5f7a08be82e1d33efd208b3c4.jpg,4,4,correct_match,0.9699751479958555
2024-08-19_15-49-48-06-00_0003_103MEDIA_DSCF0614_JPG.rf.3dc867f5f7a08be82e1d33efd208b3c4.jpg,4,4,correct_match,0.962693997423313
Scarus-coelestinus_51_jpeg.rf.aa2356af71547308048647042eb67687.jpg,38,38,correct_match,0.9353610256121322
Scarus-coelestinus_51_jpeg.rf.aa2356af71547308048647042eb67687.jpg,38,background,unmatched_ground_truth,NA
Scarus-coelestinus_51_jpeg.rf.aa2356af71547308048647042eb67687.jpg,38,38,correct_match,0.7088690650442409
Scarus-coelestinus_51_jpeg.rf.aa2356af71547308048647042eb67687.jpg,38,38,correct_match,0.8612038669719079
Scarus-taeniopterus_32_jpg.rf.8fedcc962b45bda8bfd938239d7bbc95.jpg,43,43,correct_match,0.7474989765961056
Scarus-taeniopterus_32_jpg.rf.8fedcc962b45bda8bfd938239d7bbc95.jpg,43,43,correct_match,0.8939975082727207
Acanthurus-chirurgus_29_jpg.rf.67d67248ed576b97260c1b0cd126a5f2.jpg,2,2,correct_match,0.611710740843273
Acanthurus-chirurgus_29_jpg.rf.67d67248ed576b97260c1b0cd126a5f2.jpg,2,background,unmatched_ground_truth,NA
Acanthurus-chirurgus_29_jpg.rf.67d67248ed576b97260c1b0cd126a5f2.jpg,2,2,correct_match,0.7398788013866714
Acanthurus-chirurgus_29_jpg.rf.67d67248ed576b97260c1b0cd126a5f2.jpg,2,background,unmatched_ground_truth,NA
Acanthurus-chirurgus_29_jpg.rf.67d67248ed576b97260c1b0cd126a5f2.jpg,2,background,unmatched_ground_truth,NA
Acanthurus-chirurgus_29_jpg.rf.67d67248ed576b97260c1b0cd126a5f2.jpg,2,background,unmatched_ground_truth,NA
Acanthurus-chirurgus_29_jpg.rf.67d67248ed576b97260c1b0cd126a5f2.jpg,background,2,unmatched_prediction,NA
2024-09-03_16-07-30-06-00_0002_103MEDIA_DSCF0438_JPG.rf.a2a45f662f950068136ab485a78b3558.jpg,26,26,correct_match,0.8892942333118377
2024-09-03_16-07-30-06-00_0002_103MEDIA_DSCF0438_JPG.rf.a2a45f662f950068136ab485a78b3558.jpg,26,26,correct_match,0.8711906203574582
2024-08-18_13-44-12-06-00_0002_103MEDIA_DSCF0092_JPG.rf.064298884c2a9289611f345f0ac08f74.jpg,10,10,correct_match,0.836810754005063
2024-08-18_13-44-12-06-00_0002_103MEDIA_DSCF0092_JPG.rf.064298884c2a9289611f345f0ac08f74.jpg,10,10,correct_match,0.8373994973994382
2024-08-21_06-34-18-06-00_0001_104MEDIA_DSCF0398_JPG.rf.faf35cc1d5056826d409e2415e1007ba.jpg,47,47,correct_match,0.8770739431259212
2024-08-21_06-34-18-06-00_0001_104MEDIA_DSCF0398_JPG.rf.faf35cc1d5056826d409e2415e1007ba.jpg,47,47,correct_match,0.8947106578001699
2024-08-21_06-14-02-06-00_0003_104MEDIA_DSCF0384_JPG.rf.1e710f977e784157ab08f9894ee2f061.jpg,50,50,correct_match,0.8540135317675969
2024-08-21_06-14-02-06-00_0003_104MEDIA_DSCF0384_JPG.rf.1e710f977e784157ab08f9894ee2f061.jpg,50,50,correct_match,0.8840204545754515
Sparisoma-chrysopterum_18_jpeg.rf.ddc24bde81ac286704d085cd8421be82.jpg,46,46,correct_match,0.9693480158615753
Mycteroperca-bonaci_11_jpg.rf.142f992442a2762b0ef75cc7bf76b743.jpg,32,32,correct_match,0.9018311006767955
Lutjanus-analis_5_jpg.rf.5767224825440ec812c30125e9114018.jpg,29,29,correct_match,0.9836515395421572
Lutjanus-analis_5_jpg.rf.5767224825440ec812c30125e9114018.jpg,29,29,correct_match,0.933425693736215
Lutjanus-analis_5_jpg.rf.5767224825440ec812c30125e9114018.jpg,29,29,correct_match,0.9134549768585127
Lutjanus-analis_5_jpg.rf.5767224825440ec812c30125e9114018.jpg,29,background,unmatched_ground_truth,NA
Lutjanus-analis_5_jpg.rf.5767224825440ec812c30125e9114018.jpg,background,37,unmatched_prediction,NA
2024-08-26_17-35-02-06-00_0002_107MEDIA_DSCF0021_JPG.rf.58d6ee50bd2a6c9ef75c9eb9cf432c46.jpg,30,30,correct_match,0.9267542890783668
2024-08-26_17-35-02-06-00_0002_107MEDIA_DSCF0021_JPG.rf.58d6ee50bd2a6c9ef75c9eb9cf432c46.jpg,30,22,class_confusion,0.9553324253654658
2024-08-26_17-35-02-06-00_0002_107MEDIA_DSCF0021_JPG.rf.58d6ee50bd2a6c9ef75c9eb9cf432c46.jpg,30,background,unmatched_ground_truth,NA
2024-08-26_17-35-02-06-00_0002_107MEDIA_DSCF0021_JPG.rf.58d6ee50bd2a6c9ef75c9eb9cf432c46.jpg,30,30,correct_match,0.8898793813857655
2024-08-26_17-35-02-06-00_0002_107MEDIA_DSCF0021_JPG.rf.58d6ee50bd2a6c9ef75c9eb9cf432c46.jpg,30,background,unmatched_ground_truth,NA
2024-08-26_17-35-02-06-00_0002_107MEDIA_DSCF0021_JPG.rf.58d6ee50bd2a6c9ef75c9eb9cf432c46.jpg,30,background,unmatched_ground_truth,NA
2024-08-26_17-35-02-06-00_0002_107MEDIA_DSCF0021_JPG.rf.58d6ee50bd2a6c9ef75c9eb9cf432c46.jpg,30,background,unmatched_ground_truth,NA
2024-08-26_17-35-02-06-00_0002_107MEDIA_DSCF0021_JPG.rf.58d6ee50bd2a6c9ef75c9eb9cf432c46.jpg,30,background,unmatched_ground_truth,NA
2024-08-26_17-35-02-06-00_0002_107MEDIA_DSCF0021_JPG.rf.58d6ee50bd2a6c9ef75c9eb9cf432c46.jpg,background,22,unmatched_prediction,NA
2024-08-21_06-47-02-06-00_0003_104MEDIA_DSCF0395_JPG.rf.11086f294bd813840b685f13c89182d2.jpg,50,50,correct_match,0.870439315891824
2024-08-21_06-47-02-06-00_0003_104MEDIA_DSCF0395_JPG.rf.11086f294bd813840b685f13c89182d2.jpg,8,8,correct_match,0.9080712346549659
2024-08-21_06-47-02-06-00_0003_104MEDIA_DSCF0395_JPG.rf.11086f294bd813840b685f13c89182d2.jpg,50,50,correct_match,0.9106824587876363
2024-08-21_06-47-02-06-00_0003_104MEDIA_DSCF0395_JPG.rf.11086f294bd813840b685f13c89182d2.jpg,50,background,unmatched_ground_truth,NA
2024-08-21_06-47-02-06-00_0003_104MEDIA_DSCF0395_JPG.rf.11086f294bd813840b685f13c89182d2.jpg,8,8,correct_match,0.8814745128096343
2024-08-21_06-32-02-06-00_0003_104MEDIA_DSCF0390_JPG.rf.3ddcfb31733c3078d18b25e208aa6b71.jpg,8,8,correct_match,0.8753091465571039
2024-08-21_06-32-02-06-00_0003_104MEDIA_DSCF0390_JPG.rf.3ddcfb31733c3078d18b25e208aa6b71.jpg,8,8,correct_match,0.8506798705772647
2024-08-13_09-19-52-06-00_0005_100MEDIA_DSCF0539_JPG.rf.79fc283317ad43e42004dd9080063e11.jpg,10,10,correct_match,0.5641383820976904
2024-08-13_09-19-52-06-00_0005_100MEDIA_DSCF0539_JPG.rf.79fc283317ad43e42004dd9080063e11.jpg,10,10,correct_match,0.6149040966956129
2024-08-26_12-54-28-06-00_0005_106MEDIA_DSCF0873_JPG.rf.82fc4d19543181064f27e46836340a53.jpg,23,23,correct_match,0.8556207934062823
2024-08-26_12-54-28-06-00_0005_106MEDIA_DSCF0873_JPG.rf.82fc4d19543181064f27e46836340a53.jpg,23,background,unmatched_ground_truth,NA
2024-08-26_12-54-28-06-00_0005_106MEDIA_DSCF0873_JPG.rf.82fc4d19543181064f27e46836340a53.jpg,23,23,correct_match,0.8666596318638685
2024-08-21_06-02-22-06-00_0005_104MEDIA_DSCF0329_JPG.rf.26ac0bcca3ba44365a4420fd3ad31c6d.jpg,4,4,correct_match,0.8900672335174402
2024-08-21_06-02-22-06-00_0005_104MEDIA_DSCF0329_JPG.rf.26ac0bcca3ba44365a4420fd3ad31c6d.jpg,4,4,correct_match,0.9069890140015906
2025-09-11_16-55-14-06-00_0003_107MEDIA_DSCF0600_JPG.rf.67c1ab08f6d89ef63d1e785a1d0333e8.jpg,35,background,unmatched_ground_truth,NA
2025-09-11_16-55-14-06-00_0003_107MEDIA_DSCF0600_JPG.rf.67c1ab08f6d89ef63d1e785a1d0333e8.jpg,35,35,correct_match,0.9441973210638569
2025-09-11_16-55-14-06-00_0003_107MEDIA_DSCF0600_JPG.rf.67c1ab08f6d89ef63d1e785a1d0333e8.jpg,35,background,unmatched_ground_truth,NA
2025-09-11_16-55-14-06-00_0003_107MEDIA_DSCF0600_JPG.rf.67c1ab08f6d89ef63d1e785a1d0333e8.jpg,35,35,correct_match,0.882104451842514
2025-09-11_16-55-14-06-00_0003_107MEDIA_DSCF0600_JPG.rf.67c1ab08f6d89ef63d1e785a1d0333e8.jpg,35,35,correct_match,0.947443566210679
Kyphosus-vaigiensis_9_jpeg.rf.b56c37d066a4a746bc6007118efca34b.jpg,27,background,unmatched_ground_truth,NA
Kyphosus-vaigiensis_9_jpeg.rf.b56c37d066a4a746bc6007118efca34b.jpg,52,background,unmatched_ground_truth,NA
Kyphosus-vaigiensis_9_jpeg.rf.b56c37d066a4a746bc6007118efca34b.jpg,27,27,correct_match,0.9834629024370997
Kyphosus-vaigiensis_9_jpeg.rf.b56c37d066a4a746bc6007118efca34b.jpg,27,27,correct_match,0.6945426012441179
Kyphosus-vaigiensis_9_jpeg.rf.b56c37d066a4a746bc6007118efca34b.jpg,52,background,unmatched_ground_truth,NA
Kyphosus-vaigiensis_9_jpeg.rf.b56c37d066a4a746bc6007118efca34b.jpg,27,background,unmatched_ground_truth,NA
Kyphosus-vaigiensis_9_jpeg.rf.b56c37d066a4a746bc6007118efca34b.jpg,27,27,correct_match,0.7410674267711982
Kyphosus-vaigiensis_9_jpeg.rf.b56c37d066a4a746bc6007118efca34b.jpg,27,27,correct_match,0.8857889722708174
Scarus-taeniopterus_26_jpeg.rf.84f3b6c8f0ec7b214e5667e731afd8e5.jpg,43,43,correct_match,0.8981992634752919
2024-08-20_08-46-40-06-00_0003_103MEDIA_DSCF0953_JPG.rf.635b50a2fcad4fae6b8db81764fdc81f.jpg,50,50,correct_match,0.5852983570379975
2024-08-20_08-46-40-06-00_0003_103MEDIA_DSCF0953_JPG.rf.635b50a2fcad4fae6b8db81764fdc81f.jpg,50,50,correct_match,0.6445771534240657
Pomacanthus-arcuatus_8_png.rf.f1da95020aadcc78b7decdcd8b98d162.jpg,35,35,correct_match,0.906926447344248
Pomacanthus-arcuatus_8_png.rf.f1da95020aadcc78b7decdcd8b98d162.jpg,35,35,correct_match,0.7706070186181612
Halichoeres-bivittatus_23_jpeg.rf.de65eb2b4162bed3e31165b09ce73d54.jpg,25,25,correct_match,0.964166108745754
Halichoeres-bivittatus_23_jpeg.rf.de65eb2b4162bed3e31165b09ce73d54.jpg,25,background,unmatched_ground_truth,NA
Halichoeres-bivittatus_23_jpeg.rf.de65eb2b4162bed3e31165b09ce73d54.jpg,25,25,correct_match,0.933215657142988
Halichoeres-bivittatus_23_jpeg.rf.de65eb2b4162bed3e31165b09ce73d54.jpg,25,25,correct_match,0.9269617503002187
Epinephelus-morio_16_jpg.rf.dcdba9ce26b58e63aec419e179b1f364.jpg,18,32,class_confusion,0.9416550008107263
Epinephelus-morio_16_jpg.rf.dcdba9ce26b58e63aec419e179b1f364.jpg,18,32,class_confusion,0.9317889566823463
Epinephelus-morio_16_jpg.rf.dcdba9ce26b58e63aec419e179b1f364.jpg,18,background,unmatched_ground_truth,NA
Epinephelus-morio_16_jpg.rf.dcdba9ce26b58e63aec419e179b1f364.jpg,18,32,class_confusion,0.8918440400562935
Bodianus-rufus_30_jpg.rf.94f776ddbcaf8da9836409c48d3c9be1.jpg,6,6,correct_match,0.9534697076558765
Bodianus-rufus_30_jpg.rf.94f776ddbcaf8da9836409c48d3c9be1.jpg,6,6,correct_match,0.9381050514073195
Bodianus-rufus_30_jpg.rf.94f776ddbcaf8da9836409c48d3c9be1.jpg,6,6,correct_match,0.8833159599971021
Azurina-cyanea_49_jpg.rf.582dac41cd28dce48e38ab3bdf61e07f.jpg,5,5,correct_match,0.9437126025226904
Sparisoma-aurofrenatum_24_jpg.rf.eb755a9db6ac68ff151afa56a84951bc.jpg,45,45,correct_match,0.8980703730023815
Sparisoma-aurofrenatum_24_jpg.rf.eb755a9db6ac68ff151afa56a84951bc.jpg,45,45,correct_match,0.9580044779352664
Sparisoma-aurofrenatum_24_jpg.rf.eb755a9db6ac68ff151afa56a84951bc.jpg,45,45,correct_match,0.5932298912776038
Sparisoma-aurofrenatum_24_jpg.rf.eb755a9db6ac68ff151afa56a84951bc.jpg,45,45,correct_match,0.6414678781640809
Azurina-cyanea_44_jpeg.rf.e38d369de4b7db72116b42820fba2149.jpg,5,5,correct_match,0.8632681519358454
Azurina-cyanea_44_jpeg.rf.e38d369de4b7db72116b42820fba2149.jpg,5,background,unmatched_ground_truth,NA
Sparisoma-aurofrenatum_49_jpg.rf.85841c5c7662316c09a1b77db523e8cc.jpg,45,45,correct_match,0.935067037152542
Sparisoma-aurofrenatum_49_jpg.rf.85841c5c7662316c09a1b77db523e8cc.jpg,45,45,correct_match,0.8683056599443911
Sparisoma-aurofrenatum_49_jpg.rf.85841c5c7662316c09a1b77db523e8cc.jpg,45,45,correct_match,0.9576443956895214
2024-08-16_15-02-50-06-00_0004_102MEDIA_DSCF0144_JPG.rf.02f79b0224472b54e25831f5593bf9fe.jpg,22,22,correct_match,0.7892803574550568
2024-08-16_15-02-50-06-00_0004_102MEDIA_DSCF0144_JPG.rf.02f79b0224472b54e25831f5593bf9fe.jpg,22,22,correct_match,0.8129568693500321
Epinephelus-morio_29_jpg.rf.a6796af8f91f6f1bbfc8bd2ced458227.jpg,18,18,correct_match,0.958666291694147
Epinephelus-morio_29_jpg.rf.a6796af8f91f6f1bbfc8bd2ced458227.jpg,18,18,correct_match,0.7515115686093621
Epinephelus-morio_29_jpg.rf.a6796af8f91f6f1bbfc8bd2ced458227.jpg,18,18,correct_match,0.8995317295715662
Epinephelus-morio_29_jpg.rf.a6796af8f91f6f1bbfc8bd2ced458227.jpg,18,18,correct_match,0.7693774684898429
Azurina-cyanea_51_jpg.rf.a675ebe7bc45da58b1b90956ce914a80.jpg,5,5,correct_match,0.9632930876380228
Azurina-cyanea_51_jpg.rf.a675ebe7bc45da58b1b90956ce914a80.jpg,5,5,correct_match,0.9642440099325874
Azurina-cyanea_51_jpg.rf.a675ebe7bc45da58b1b90956ce914a80.jpg,5,5,correct_match,0.7492628399299002
Azurina-cyanea_51_jpg.rf.a675ebe7bc45da58b1b90956ce914a80.jpg,background,5,unmatched_prediction,NA
Chaetodon-striatus_3_jpeg.rf.a6af87f914f2a75831e8c4c01dce0748.jpg,15,15,correct_match,0.8933269569007315
2024-08-19_16-55-58-06-00_0004_103MEDIA_DSCF0624_JPG.rf.63fb0a31f7a8bc099e73c4999d8ee422.jpg,22,22,correct_match,0.910859818211559
2024-08-19_16-55-58-06-00_0004_103MEDIA_DSCF0624_JPG.rf.63fb0a31f7a8bc099e73c4999d8ee422.jpg,22,22,correct_match,0.9274655400973592
2024-08-19_16-55-58-06-00_0004_103MEDIA_DSCF0624_JPG.rf.63fb0a31f7a8bc099e73c4999d8ee422.jpg,22,22,correct_match,0.812510943189108
Sparisoma-viride_22_jpeg.rf.2a5be32d7af4c815d4445266d110185f.jpg,49,49,correct_match,0.8811144316943391
2024-08-12_11-44-36-06-00_0002_100MEDIA_DSCF0163_JPG.rf.c7fcb0889cf094d267b54a843998330e.jpg,34,34,correct_match,0.8494341595565497
2024-08-12_11-44-36-06-00_0002_100MEDIA_DSCF0163_JPG.rf.c7fcb0889cf094d267b54a843998330e.jpg,34,34,correct_match,0.8786363208100904
2024-08-25_12-55-50-06-00_0004_106MEDIA_DSCF0436_JPG.rf.9af22cbae36f1001ab9cba4451fdf7f0.jpg,23,background,unmatched_ground_truth,NA
2024-08-25_12-55-50-06-00_0004_106MEDIA_DSCF0436_JPG.rf.9af22cbae36f1001ab9cba4451fdf7f0.jpg,23,background,unmatched_ground_truth,NA
Diodon-holocanthus_46_jpeg.rf.d13d63d83b1aa91b9e3a2c987a166191.jpg,17,17,correct_match,0.9682862711781575
Diodon-holocanthus_46_jpeg.rf.d13d63d83b1aa91b9e3a2c987a166191.jpg,17,17,correct_match,0.7558325067798123
Diodon-holocanthus_46_jpeg.rf.d13d63d83b1aa91b9e3a2c987a166191.jpg,17,background,unmatched_ground_truth,NA
Diodon-holocanthus_46_jpeg.rf.d13d63d83b1aa91b9e3a2c987a166191.jpg,17,background,unmatched_ground_truth,NA
Halichoeres-bivittatus_11_jpg.rf.8b59751f39d397f73daf82d6dd5ec591.jpg,25,25,correct_match,0.9021220342043342
Lutjanus-analis_28_jpg.rf.e098816023f5e60c1a86585ebfbf623a.jpg,29,29,correct_match,0.9407554429906767
Lutjanus-analis_28_jpg.rf.e098816023f5e60c1a86585ebfbf623a.jpg,29,29,correct_match,0.5618086433199476
Lutjanus-analis_28_jpg.rf.e098816023f5e60c1a86585ebfbf623a.jpg,29,29,correct_match,0.6889592207754646
2024-08-19_16-08-14-06-00_0002_103MEDIA_DSCF0621_JPG.rf.b92ab96f8c02287ae0a51353a10cb7b6.jpg,34,34,correct_match,0.8672988122109087
2024-08-19_16-08-14-06-00_0002_103MEDIA_DSCF0621_JPG.rf.b92ab96f8c02287ae0a51353a10cb7b6.jpg,34,34,correct_match,0.8767005150249052
Sphyraena-barracuda_16_jpeg.rf.4218f6f369cc1e66841ef98231fe0d10.jpg,50,50,correct_match,0.9665515917725598
Acanthurus-chirurgus_53_jpg.rf.8efe308c3f970948384e4aa0ac206c6d.jpg,2,2,correct_match,0.7132731610898446
Acanthurus-chirurgus_53_jpg.rf.8efe308c3f970948384e4aa0ac206c6d.jpg,2,background,unmatched_ground_truth,NA
Acanthurus-chirurgus_53_jpg.rf.8efe308c3f970948384e4aa0ac206c6d.jpg,2,2,correct_match,0.6016188743799877
Acanthurus-chirurgus_53_jpg.rf.8efe308c3f970948384e4aa0ac206c6d.jpg,2,background,unmatched_ground_truth,NA
Acanthurus-chirurgus_53_jpg.rf.8efe308c3f970948384e4aa0ac206c6d.jpg,2,background,unmatched_ground_truth,NA
2024-08-23_13-08-46-06-00_0001_105MEDIA_DSCF0492_JPG.rf.a337668d693468bebf71d518f946b8ac.jpg,42,21,class_confusion,0.6116905142877191
2024-08-23_13-08-46-06-00_0001_105MEDIA_DSCF0492_JPG.rf.a337668d693468bebf71d518f946b8ac.jpg,42,21,class_confusion,0.5778676845185406
2025-09-01_09-15-22-06-00_0002_102MEDIA_DSCF0644_JPG.rf.2e3df29250c98056147a1c60f32c32a1.jpg,36,background,unmatched_ground_truth,NA
2025-09-01_09-15-22-06-00_0002_102MEDIA_DSCF0644_JPG.rf.2e3df29250c98056147a1c60f32c32a1.jpg,36,background,unmatched_ground_truth,NA
2025-09-01_09-15-22-06-00_0002_102MEDIA_DSCF0644_JPG.rf.2e3df29250c98056147a1c60f32c32a1.jpg,36,background,unmatched_ground_truth,NA
Epinephelus-morio_23_jpg.rf.18996b9d484c98b59752e7df2891d499.jpg,18,background,unmatched_ground_truth,NA
Epinephelus-morio_23_jpg.rf.18996b9d484c98b59752e7df2891d499.jpg,18,background,unmatched_ground_truth,NA
Epinephelus-morio_23_jpg.rf.18996b9d484c98b59752e7df2891d499.jpg,18,18,correct_match,0.8723600937950485
Epinephelus-morio_23_jpg.rf.18996b9d484c98b59752e7df2891d499.jpg,18,7,class_confusion,0.8414474603305576
2025-09-16_13-23-44-06-00_0003_109MEDIA_DSCF0934_JPG.rf.8ac8945eb6b14c549a991ad7b979cb4a.jpg,4,4,correct_match,0.9546789261177963
2025-09-16_13-23-44-06-00_0003_109MEDIA_DSCF0934_JPG.rf.8ac8945eb6b14c549a991ad7b979cb4a.jpg,7,22,class_confusion,0.8898880158186887
2025-09-16_13-23-44-06-00_0003_109MEDIA_DSCF0934_JPG.rf.8ac8945eb6b14c549a991ad7b979cb4a.jpg,4,4,correct_match,0.8643210023773661
2025-09-16_13-23-44-06-00_0003_109MEDIA_DSCF0934_JPG.rf.8ac8945eb6b14c549a991ad7b979cb4a.jpg,4,4,correct_match,0.9323606791217627
2025-09-16_13-23-44-06-00_0003_109MEDIA_DSCF0934_JPG.rf.8ac8945eb6b14c549a991ad7b979cb4a.jpg,7,22,class_confusion,0.8893637547393946
2025-09-16_13-23-44-06-00_0003_109MEDIA_DSCF0934_JPG.rf.8ac8945eb6b14c549a991ad7b979cb4a.jpg,background,7,unmatched_prediction,NA
2025-09-16_13-23-44-06-00_0003_109MEDIA_DSCF0934_JPG.rf.8ac8945eb6b14c549a991ad7b979cb4a.jpg,background,22,unmatched_prediction,NA
2025-09-15_13-30-54-06-00_0003_109MEDIA_DSCF0455_JPG.rf.71717b0b1828d61abfbbac74f32448f3.jpg,21,21,correct_match,0.7497250140790457
2025-09-15_13-30-54-06-00_0003_109MEDIA_DSCF0455_JPG.rf.71717b0b1828d61abfbbac74f32448f3.jpg,21,21,correct_match,0.7761221295368779
2024-08-15_15-53-44-06-00_0005_101MEDIA_DSCF0634_JPG.rf.c9edd4d27fbb3710cf8ba3f07f5ef2b2.jpg,21,21,correct_match,0.8311954795725738
2024-08-15_15-53-44-06-00_0005_101MEDIA_DSCF0634_JPG.rf.c9edd4d27fbb3710cf8ba3f07f5ef2b2.jpg,21,21,correct_match,0.8069029368833893
2024-08-15_15-53-44-06-00_0005_101MEDIA_DSCF0634_JPG.rf.c9edd4d27fbb3710cf8ba3f07f5ef2b2.jpg,21,21,correct_match,0.7906978153974519
2024-08-15_15-53-44-06-00_0005_101MEDIA_DSCF0634_JPG.rf.c9edd4d27fbb3710cf8ba3f07f5ef2b2.jpg,21,21,correct_match,0.6926966243085657
2024-08-15_15-53-44-06-00_0005_101MEDIA_DSCF0634_JPG.rf.c9edd4d27fbb3710cf8ba3f07f5ef2b2.jpg,21,21,correct_match,0.7707063690598522
2024-08-15_15-53-44-06-00_0005_101MEDIA_DSCF0634_JPG.rf.c9edd4d27fbb3710cf8ba3f07f5ef2b2.jpg,21,21,correct_match,0.8570455479485478
2024-08-15_15-53-44-06-00_0005_101MEDIA_DSCF0634_JPG.rf.c9edd4d27fbb3710cf8ba3f07f5ef2b2.jpg,21,21,correct_match,0.776078717742565
2024-08-15_15-53-44-06-00_0005_101MEDIA_DSCF0634_JPG.rf.c9edd4d27fbb3710cf8ba3f07f5ef2b2.jpg,21,21,correct_match,0.9023539601488036
2024-08-15_15-53-44-06-00_0005_101MEDIA_DSCF0634_JPG.rf.c9edd4d27fbb3710cf8ba3f07f5ef2b2.jpg,21,21,correct_match,0.8174256065330414
2024-08-15_15-53-44-06-00_0005_101MEDIA_DSCF0634_JPG.rf.c9edd4d27fbb3710cf8ba3f07f5ef2b2.jpg,21,21,correct_match,0.7424276195434975
2024-08-15_15-53-44-06-00_0005_101MEDIA_DSCF0634_JPG.rf.c9edd4d27fbb3710cf8ba3f07f5ef2b2.jpg,21,background,unmatched_ground_truth,NA
2024-08-15_15-53-44-06-00_0005_101MEDIA_DSCF0634_JPG.rf.c9edd4d27fbb3710cf8ba3f07f5ef2b2.jpg,21,background,unmatched_ground_truth,NA
2024-08-15_15-53-44-06-00_0005_101MEDIA_DSCF0634_JPG.rf.c9edd4d27fbb3710cf8ba3f07f5ef2b2.jpg,21,background,unmatched_ground_truth,NA
2024-08-15_15-53-44-06-00_0005_101MEDIA_DSCF0634_JPG.rf.c9edd4d27fbb3710cf8ba3f07f5ef2b2.jpg,21,background,unmatched_ground_truth,NA
2024-08-15_15-53-44-06-00_0005_101MEDIA_DSCF0634_JPG.rf.c9edd4d27fbb3710cf8ba3f07f5ef2b2.jpg,21,background,unmatched_ground_truth,NA
2024-08-15_15-53-44-06-00_0005_101MEDIA_DSCF0634_JPG.rf.c9edd4d27fbb3710cf8ba3f07f5ef2b2.jpg,21,21,correct_match,0.8566251843999577
2024-08-15_15-53-44-06-00_0005_101MEDIA_DSCF0634_JPG.rf.c9edd4d27fbb3710cf8ba3f07f5ef2b2.jpg,21,21,correct_match,0.8552994140232651
2024-08-15_15-53-44-06-00_0005_101MEDIA_DSCF0634_JPG.rf.c9edd4d27fbb3710cf8ba3f07f5ef2b2.jpg,21,21,correct_match,0.8069132148848517
2024-08-15_15-53-44-06-00_0005_101MEDIA_DSCF0634_JPG.rf.c9edd4d27fbb3710cf8ba3f07f5ef2b2.jpg,21,21,correct_match,0.6921836739461295
2024-08-15_15-53-44-06-00_0005_101MEDIA_DSCF0634_JPG.rf.c9edd4d27fbb3710cf8ba3f07f5ef2b2.jpg,21,21,correct_match,0.7855807033578796
2024-08-15_15-53-44-06-00_0005_101MEDIA_DSCF0634_JPG.rf.c9edd4d27fbb3710cf8ba3f07f5ef2b2.jpg,21,21,correct_match,0.7798894915278062
2024-08-15_15-53-44-06-00_0005_101MEDIA_DSCF0634_JPG.rf.c9edd4d27fbb3710cf8ba3f07f5ef2b2.jpg,21,21,correct_match,0.8648318394903092
2024-08-15_15-53-44-06-00_0005_101MEDIA_DSCF0634_JPG.rf.c9edd4d27fbb3710cf8ba3f07f5ef2b2.jpg,21,21,correct_match,0.8097583531775512
2024-08-15_15-53-44-06-00_0005_101MEDIA_DSCF0634_JPG.rf.c9edd4d27fbb3710cf8ba3f07f5ef2b2.jpg,21,21,correct_match,0.804772621630646
2024-08-15_15-53-44-06-00_0005_101MEDIA_DSCF0634_JPG.rf.c9edd4d27fbb3710cf8ba3f07f5ef2b2.jpg,21,21,correct_match,0.7889543998320625
2024-08-15_15-53-44-06-00_0005_101MEDIA_DSCF0634_JPG.rf.c9edd4d27fbb3710cf8ba3f07f5ef2b2.jpg,21,background,unmatched_ground_truth,NA
2024-08-15_15-53-44-06-00_0005_101MEDIA_DSCF0634_JPG.rf.c9edd4d27fbb3710cf8ba3f07f5ef2b2.jpg,21,background,unmatched_ground_truth,NA
2024-08-15_15-53-44-06-00_0005_101MEDIA_DSCF0634_JPG.rf.c9edd4d27fbb3710cf8ba3f07f5ef2b2.jpg,21,background,unmatched_ground_truth,NA
2025-09-06_11-05-30-06-00_0003_105MEDIA_DSCF0077_JPG.rf.69364f47488597a6b4512da8180627a6.jpg,35,background,unmatched_ground_truth,NA
2025-09-06_11-05-30-06-00_0003_105MEDIA_DSCF0077_JPG.rf.69364f47488597a6b4512da8180627a6.jpg,35,background,unmatched_ground_truth,NA
Chaetodon-sedentarius_40_jpg.rf.6dd40e599a8b4c137f41a87905d76da1.jpg,14,14,correct_match,0.9520638670873705
2024-08-14_12-39-32-06-00_0003_101MEDIA_DSCF0145_JPG.rf.ccc4ee3f10bf52d046c512a495a0cf6f.jpg,8,8,correct_match,0.9162946587556366
2024-08-14_12-39-32-06-00_0003_101MEDIA_DSCF0145_JPG.rf.ccc4ee3f10bf52d046c512a495a0cf6f.jpg,8,8,correct_match,0.507788688755286
2024-08-14_12-39-32-06-00_0003_101MEDIA_DSCF0145_JPG.rf.ccc4ee3f10bf52d046c512a495a0cf6f.jpg,8,background,unmatched_ground_truth,NA
2024-08-14_12-39-32-06-00_0003_101MEDIA_DSCF0145_JPG.rf.ccc4ee3f10bf52d046c512a495a0cf6f.jpg,8,8,correct_match,0.9756879676263938
2024-08-14_12-39-32-06-00_0003_101MEDIA_DSCF0145_JPG.rf.ccc4ee3f10bf52d046c512a495a0cf6f.jpg,8,background,unmatched_ground_truth,NA
Chromis-scotti_17_jpg.rf.38aa3a927e7fad8ac4235ae65fa4cf93.jpg,16,16,correct_match,0.9468087496033281
Chromis-scotti_17_jpg.rf.38aa3a927e7fad8ac4235ae65fa4cf93.jpg,16,16,correct_match,0.7552618582137371
Chromis-scotti_17_jpg.rf.38aa3a927e7fad8ac4235ae65fa4cf93.jpg,16,16,correct_match,0.8798750944962281
Chromis-scotti_17_jpg.rf.38aa3a927e7fad8ac4235ae65fa4cf93.jpg,16,16,correct_match,0.8850301314964475
Chromis-scotti_17_jpg.rf.38aa3a927e7fad8ac4235ae65fa4cf93.jpg,16,16,correct_match,0.897860257965372
Chaetodon-striatus_10_jpeg.rf.d7a1c875b354342e76cfa4ffa21f721a.jpg,15,15,correct_match,0.9181873955811859
Chaetodon-striatus_10_jpeg.rf.d7a1c875b354342e76cfa4ffa21f721a.jpg,15,15,correct_match,0.9779443640631509
2025-09-16_17-59-16-06-00_0003_110MEDIA_DSCF0027_JPG.rf.242a7ff2b1bdeff0bb00b0ca73715092.jpg,39,39,correct_match,0.9359309736516368
2025-09-16_17-59-16-06-00_0003_110MEDIA_DSCF0027_JPG.rf.242a7ff2b1bdeff0bb00b0ca73715092.jpg,39,39,correct_match,0.5765092018658272
2025-09-16_17-59-16-06-00_0003_110MEDIA_DSCF0027_JPG.rf.242a7ff2b1bdeff0bb00b0ca73715092.jpg,39,39,correct_match,0.8506694090366247
2024-08-24_06-56-06-06-00_0002_105MEDIA_DSCF0844_JPG.rf.2f88f203e6489b443a60930e14cdfb2c.jpg,27,30,class_confusion,0.7812288917417567
2024-08-24_06-56-06-06-00_0002_105MEDIA_DSCF0844_JPG.rf.2f88f203e6489b443a60930e14cdfb2c.jpg,27,30,class_confusion,0.7911870251399076
2024-08-24_06-56-06-06-00_0002_105MEDIA_DSCF0844_JPG.rf.2f88f203e6489b443a60930e14cdfb2c.jpg,27,background,unmatched_ground_truth,NA
2024-08-24_06-56-06-06-00_0002_105MEDIA_DSCF0844_JPG.rf.2f88f203e6489b443a60930e14cdfb2c.jpg,27,background,unmatched_ground_truth,NA
2024-08-24_06-56-06-06-00_0002_105MEDIA_DSCF0844_JPG.rf.2f88f203e6489b443a60930e14cdfb2c.jpg,27,background,unmatched_ground_truth,NA
2024-08-24_06-56-06-06-00_0002_105MEDIA_DSCF0844_JPG.rf.2f88f203e6489b443a60930e14cdfb2c.jpg,30,30,correct_match,0.8490963516691925
2024-08-24_06-56-06-06-00_0002_105MEDIA_DSCF0844_JPG.rf.2f88f203e6489b443a60930e14cdfb2c.jpg,30,30,correct_match,0.6597980596676567
2024-08-24_06-56-06-06-00_0002_105MEDIA_DSCF0844_JPG.rf.2f88f203e6489b443a60930e14cdfb2c.jpg,30,30,correct_match,0.817115801720633
2024-08-24_06-56-06-06-00_0002_105MEDIA_DSCF0844_JPG.rf.2f88f203e6489b443a60930e14cdfb2c.jpg,30,30,correct_match,0.742595868284522
2024-08-24_06-56-06-06-00_0002_105MEDIA_DSCF0844_JPG.rf.2f88f203e6489b443a60930e14cdfb2c.jpg,30,30,correct_match,0.8340102420027655
2024-08-24_06-56-06-06-00_0002_105MEDIA_DSCF0844_JPG.rf.2f88f203e6489b443a60930e14cdfb2c.jpg,30,30,correct_match,0.9344778171261588
2024-08-24_06-56-06-06-00_0002_105MEDIA_DSCF0844_JPG.rf.2f88f203e6489b443a60930e14cdfb2c.jpg,30,30,correct_match,0.7803250230455612
2024-08-24_06-56-06-06-00_0002_105MEDIA_DSCF0844_JPG.rf.2f88f203e6489b443a60930e14cdfb2c.jpg,20,background,unmatched_ground_truth,NA
2024-08-24_06-56-06-06-00_0002_105MEDIA_DSCF0844_JPG.rf.2f88f203e6489b443a60930e14cdfb2c.jpg,27,30,class_confusion,0.8906359236254067
2024-08-24_06-56-06-06-00_0002_105MEDIA_DSCF0844_JPG.rf.2f88f203e6489b443a60930e14cdfb2c.jpg,27,30,class_confusion,0.8089536444225974
2024-08-24_06-56-06-06-00_0002_105MEDIA_DSCF0844_JPG.rf.2f88f203e6489b443a60930e14cdfb2c.jpg,27,30,class_confusion,0.7258274250947125
2024-08-24_06-56-06-06-00_0002_105MEDIA_DSCF0844_JPG.rf.2f88f203e6489b443a60930e14cdfb2c.jpg,27,30,class_confusion,0.7078729503091437
2024-08-24_06-56-06-06-00_0002_105MEDIA_DSCF0844_JPG.rf.2f88f203e6489b443a60930e14cdfb2c.jpg,27,30,class_confusion,0.7205496588691989
2024-08-24_06-56-06-06-00_0002_105MEDIA_DSCF0844_JPG.rf.2f88f203e6489b443a60930e14cdfb2c.jpg,30,30,correct_match,0.911055643142007
2024-08-24_06-56-06-06-00_0002_105MEDIA_DSCF0844_JPG.rf.2f88f203e6489b443a60930e14cdfb2c.jpg,30,background,unmatched_ground_truth,NA
2024-08-24_06-56-06-06-00_0002_105MEDIA_DSCF0844_JPG.rf.2f88f203e6489b443a60930e14cdfb2c.jpg,30,30,correct_match,0.7284016160421368
2024-08-24_06-56-06-06-00_0002_105MEDIA_DSCF0844_JPG.rf.2f88f203e6489b443a60930e14cdfb2c.jpg,30,background,unmatched_ground_truth,NA
2024-08-24_06-56-06-06-00_0002_105MEDIA_DSCF0844_JPG.rf.2f88f203e6489b443a60930e14cdfb2c.jpg,30,30,correct_match,0.8027501496307817
2024-08-24_06-56-06-06-00_0002_105MEDIA_DSCF0844_JPG.rf.2f88f203e6489b443a60930e14cdfb2c.jpg,30,30,correct_match,0.7506554354913936
2024-08-24_06-56-06-06-00_0002_105MEDIA_DSCF0844_JPG.rf.2f88f203e6489b443a60930e14cdfb2c.jpg,30,30,correct_match,0.8450863089575785
2024-08-24_06-56-06-06-00_0002_105MEDIA_DSCF0844_JPG.rf.2f88f203e6489b443a60930e14cdfb2c.jpg,30,background,unmatched_ground_truth,NA
2024-08-24_06-56-06-06-00_0002_105MEDIA_DSCF0844_JPG.rf.2f88f203e6489b443a60930e14cdfb2c.jpg,30,background,unmatched_ground_truth,NA
2024-08-24_06-56-06-06-00_0002_105MEDIA_DSCF0844_JPG.rf.2f88f203e6489b443a60930e14cdfb2c.jpg,20,background,unmatched_ground_truth,NA
Chaetodon-ocellatus_29_jpeg.rf.278ef01330461b7ba00c5027b57f7079.jpg,13,13,correct_match,0.7000748338659241
Chaetodon-ocellatus_29_jpeg.rf.278ef01330461b7ba00c5027b57f7079.jpg,13,13,correct_match,0.8196059231690664
Scarus-guacamaia_26_jpeg.rf.93bfa96a3dabccd0cb5cf306376403b3.jpg,40,40,correct_match,0.9527790089872353
Scarus-guacamaia_26_jpeg.rf.93bfa96a3dabccd0cb5cf306376403b3.jpg,40,40,correct_match,0.9295036614982459
Scarus-guacamaia_26_jpeg.rf.93bfa96a3dabccd0cb5cf306376403b3.jpg,40,40,correct_match,0.7767448415950007
Scarus-guacamaia_26_jpeg.rf.93bfa96a3dabccd0cb5cf306376403b3.jpg,40,background,unmatched_ground_truth,NA
Chromis-scotti_15_jpeg.rf.bd9dd22de01f84daf1244e396b1a3788.jpg,16,16,correct_match,0.9340969629760938
Chromis-scotti_15_jpeg.rf.bd9dd22de01f84daf1244e396b1a3788.jpg,16,16,correct_match,0.8291938044623096
Chromis-scotti_15_jpeg.rf.bd9dd22de01f84daf1244e396b1a3788.jpg,16,background,unmatched_ground_truth,NA
2024-08-15_16-02-38-06-00_0004_101MEDIA_DSCF0683_JPG.rf.ffb3d83071bcf9ddff6353f7f0aebb53.jpg,4,4,correct_match,0.92823406091736
2024-08-15_16-02-38-06-00_0004_101MEDIA_DSCF0683_JPG.rf.ffb3d83071bcf9ddff6353f7f0aebb53.jpg,22,22,correct_match,0.9158194992258334
2024-08-15_16-02-38-06-00_0004_101MEDIA_DSCF0683_JPG.rf.ffb3d83071bcf9ddff6353f7f0aebb53.jpg,21,background,unmatched_ground_truth,NA
2024-08-15_16-02-38-06-00_0004_101MEDIA_DSCF0683_JPG.rf.ffb3d83071bcf9ddff6353f7f0aebb53.jpg,4,4,correct_match,0.8189429376917511
2024-08-15_16-02-38-06-00_0004_101MEDIA_DSCF0683_JPG.rf.ffb3d83071bcf9ddff6353f7f0aebb53.jpg,4,4,correct_match,0.7095403119314839
2024-08-15_16-02-38-06-00_0004_101MEDIA_DSCF0683_JPG.rf.ffb3d83071bcf9ddff6353f7f0aebb53.jpg,22,22,correct_match,0.9142719952715933
2024-08-15_16-02-38-06-00_0004_101MEDIA_DSCF0683_JPG.rf.ffb3d83071bcf9ddff6353f7f0aebb53.jpg,21,background,unmatched_ground_truth,NA
2024-08-29_08-26-26-06-00_0002_100MEDIA_DSCF0877_JPG.rf.681a9d2367fa71dee21e720d9cd647c1.jpg,35,background,unmatched_ground_truth,NA
2024-08-29_08-26-26-06-00_0002_100MEDIA_DSCF0877_JPG.rf.681a9d2367fa71dee21e720d9cd647c1.jpg,35,background,unmatched_ground_truth,NA
2024-08-23_18-23-14-06-00_0002_105MEDIA_DSCF0592_JPG.rf.3b4523feb0f1aa9df2ca1a38d0ccbf6b.jpg,34,34,correct_match,0.8929121815946413
2024-08-23_18-23-14-06-00_0002_105MEDIA_DSCF0592_JPG.rf.3b4523feb0f1aa9df2ca1a38d0ccbf6b.jpg,34,34,correct_match,0.8309378632425449
2024-08-23_18-23-14-06-00_0002_105MEDIA_DSCF0592_JPG.rf.3b4523feb0f1aa9df2ca1a38d0ccbf6b.jpg,34,34,correct_match,0.8308218283636017
2024-08-23_18-23-14-06-00_0002_105MEDIA_DSCF0592_JPG.rf.3b4523feb0f1aa9df2ca1a38d0ccbf6b.jpg,27,27,correct_match,0.959438491287493
2024-08-23_18-23-14-06-00_0002_105MEDIA_DSCF0592_JPG.rf.3b4523feb0f1aa9df2ca1a38d0ccbf6b.jpg,34,34,correct_match,0.9049013528905077
2024-08-23_18-23-14-06-00_0002_105MEDIA_DSCF0592_JPG.rf.3b4523feb0f1aa9df2ca1a38d0ccbf6b.jpg,34,34,correct_match,0.7387083487626487
2024-08-23_18-23-14-06-00_0002_105MEDIA_DSCF0592_JPG.rf.3b4523feb0f1aa9df2ca1a38d0ccbf6b.jpg,34,34,correct_match,0.889646930643963
2024-08-23_18-23-14-06-00_0002_105MEDIA_DSCF0592_JPG.rf.3b4523feb0f1aa9df2ca1a38d0ccbf6b.jpg,34,background,unmatched_ground_truth,NA
2024-08-23_18-23-14-06-00_0002_105MEDIA_DSCF0592_JPG.rf.3b4523feb0f1aa9df2ca1a38d0ccbf6b.jpg,27,27,correct_match,0.8984699175644159
2024-09-07_15-57-36-06-00_0005_105MEDIA_DSCF0166_JPG.rf.cd3a934160af87342ef9f0a2ef933e6f.jpg,42,42,correct_match,0.8916772931477955
2024-09-07_15-57-36-06-00_0005_105MEDIA_DSCF0166_JPG.rf.cd3a934160af87342ef9f0a2ef933e6f.jpg,42,42,correct_match,0.8387480866362987
Cephalopholis-cruentata_45_jpeg.rf.1fa407d4320713ef53bf4745cd4642d3.jpg,11,11,correct_match,0.8333306251796546
Cephalopholis-cruentata_45_jpeg.rf.1fa407d4320713ef53bf4745cd4642d3.jpg,11,background,unmatched_ground_truth,NA
Cephalopholis-cruentata_45_jpeg.rf.1fa407d4320713ef53bf4745cd4642d3.jpg,11,background,unmatched_ground_truth,NA
Cephalopholis-cruentata_45_jpeg.rf.1fa407d4320713ef53bf4745cd4642d3.jpg,11,11,correct_match,0.8587174710647782
Haemulon-sciurus_8_jpeg.rf.da80af20403ec47a8039ce37eb36390c.jpg,24,24,correct_match,0.9186447498765183
2024-08-12_18-03-44-06-00_0004_100MEDIA_DSCF0284_JPG.rf.acd9f87e348f6a9b4bf431a055bb160e.jpg,22,22,correct_match,0.9843092098826252
2024-08-12_18-03-44-06-00_0004_100MEDIA_DSCF0284_JPG.rf.acd9f87e348f6a9b4bf431a055bb160e.jpg,21,21,correct_match,0.8196686864251306
2024-08-12_18-03-44-06-00_0004_100MEDIA_DSCF0284_JPG.rf.acd9f87e348f6a9b4bf431a055bb160e.jpg,21,21,correct_match,0.6184232316129163
2024-08-12_18-03-44-06-00_0004_100MEDIA_DSCF0284_JPG.rf.acd9f87e348f6a9b4bf431a055bb160e.jpg,21,21,correct_match,0.8124698621016441
2024-08-12_18-03-44-06-00_0004_100MEDIA_DSCF0284_JPG.rf.acd9f87e348f6a9b4bf431a055bb160e.jpg,21,21,correct_match,0.9715102563611103
2024-08-12_18-03-44-06-00_0004_100MEDIA_DSCF0284_JPG.rf.acd9f87e348f6a9b4bf431a055bb160e.jpg,21,21,correct_match,0.8710476920050768
2024-08-12_18-03-44-06-00_0004_100MEDIA_DSCF0284_JPG.rf.acd9f87e348f6a9b4bf431a055bb160e.jpg,21,21,correct_match,0.6342288164408125
2024-08-12_18-03-44-06-00_0004_100MEDIA_DSCF0284_JPG.rf.acd9f87e348f6a9b4bf431a055bb160e.jpg,21,21,correct_match,0.7819403759387337
2024-08-12_18-03-44-06-00_0004_100MEDIA_DSCF0284_JPG.rf.acd9f87e348f6a9b4bf431a055bb160e.jpg,21,21,correct_match,0.7941166797025878
2024-08-12_18-03-44-06-00_0004_100MEDIA_DSCF0284_JPG.rf.acd9f87e348f6a9b4bf431a055bb160e.jpg,26,background,unmatched_ground_truth,NA
2024-08-12_18-03-44-06-00_0004_100MEDIA_DSCF0284_JPG.rf.acd9f87e348f6a9b4bf431a055bb160e.jpg,21,21,correct_match,0.884051869644605
2024-08-12_18-03-44-06-00_0004_100MEDIA_DSCF0284_JPG.rf.acd9f87e348f6a9b4bf431a055bb160e.jpg,21,21,correct_match,0.54396486633661
2024-08-12_18-03-44-06-00_0004_100MEDIA_DSCF0284_JPG.rf.acd9f87e348f6a9b4bf431a055bb160e.jpg,21,background,unmatched_ground_truth,NA
2024-08-12_18-03-44-06-00_0004_100MEDIA_DSCF0284_JPG.rf.acd9f87e348f6a9b4bf431a055bb160e.jpg,21,21,correct_match,0.6618172172833215
2024-08-12_18-03-44-06-00_0004_100MEDIA_DSCF0284_JPG.rf.acd9f87e348f6a9b4bf431a055bb160e.jpg,21,21,correct_match,0.5801832345999843
2024-08-12_18-03-44-06-00_0004_100MEDIA_DSCF0284_JPG.rf.acd9f87e348f6a9b4bf431a055bb160e.jpg,21,background,unmatched_ground_truth,NA
2024-08-12_18-03-44-06-00_0004_100MEDIA_DSCF0284_JPG.rf.acd9f87e348f6a9b4bf431a055bb160e.jpg,21,background,unmatched_ground_truth,NA
2024-08-12_18-03-44-06-00_0004_100MEDIA_DSCF0284_JPG.rf.acd9f87e348f6a9b4bf431a055bb160e.jpg,22,22,correct_match,0.8873297716129254
2024-08-12_18-03-44-06-00_0004_100MEDIA_DSCF0284_JPG.rf.acd9f87e348f6a9b4bf431a055bb160e.jpg,22,22,correct_match,0.8499789026294761
2024-08-12_18-03-44-06-00_0004_100MEDIA_DSCF0284_JPG.rf.acd9f87e348f6a9b4bf431a055bb160e.jpg,21,21,correct_match,0.8796169652212648
2024-08-12_18-03-44-06-00_0004_100MEDIA_DSCF0284_JPG.rf.acd9f87e348f6a9b4bf431a055bb160e.jpg,21,21,correct_match,0.896279114668231
2024-08-12_18-03-44-06-00_0004_100MEDIA_DSCF0284_JPG.rf.acd9f87e348f6a9b4bf431a055bb160e.jpg,21,21,correct_match,0.8215205688375399
2024-08-12_18-03-44-06-00_0004_100MEDIA_DSCF0284_JPG.rf.acd9f87e348f6a9b4bf431a055bb160e.jpg,21,21,correct_match,0.8489356437965426
2024-08-12_18-03-44-06-00_0004_100MEDIA_DSCF0284_JPG.rf.acd9f87e348f6a9b4bf431a055bb160e.jpg,21,21,correct_match,0.9295826287527033
2024-08-12_18-03-44-06-00_0004_100MEDIA_DSCF0284_JPG.rf.acd9f87e348f6a9b4bf431a055bb160e.jpg,21,21,correct_match,0.7750550897644914
2024-08-12_18-03-44-06-00_0004_100MEDIA_DSCF0284_JPG.rf.acd9f87e348f6a9b4bf431a055bb160e.jpg,21,21,correct_match,0.727820093951468
2024-08-12_18-03-44-06-00_0004_100MEDIA_DSCF0284_JPG.rf.acd9f87e348f6a9b4bf431a055bb160e.jpg,21,21,correct_match,0.723321128511601
2024-08-12_18-03-44-06-00_0004_100MEDIA_DSCF0284_JPG.rf.acd9f87e348f6a9b4bf431a055bb160e.jpg,26,background,unmatched_ground_truth,NA
2024-08-12_18-03-44-06-00_0004_100MEDIA_DSCF0284_JPG.rf.acd9f87e348f6a9b4bf431a055bb160e.jpg,21,background,unmatched_ground_truth,NA
2024-08-12_18-03-44-06-00_0004_100MEDIA_DSCF0284_JPG.rf.acd9f87e348f6a9b4bf431a055bb160e.jpg,21,21,correct_match,0.5798829509680903
2024-08-12_18-03-44-06-00_0004_100MEDIA_DSCF0284_JPG.rf.acd9f87e348f6a9b4bf431a055bb160e.jpg,21,background,unmatched_ground_truth,NA
2024-08-12_18-03-44-06-00_0004_100MEDIA_DSCF0284_JPG.rf.acd9f87e348f6a9b4bf431a055bb160e.jpg,21,background,unmatched_ground_truth,NA
2024-08-12_18-03-44-06-00_0004_100MEDIA_DSCF0284_JPG.rf.acd9f87e348f6a9b4bf431a055bb160e.jpg,21,background,unmatched_ground_truth,NA
2024-08-12_18-03-44-06-00_0004_100MEDIA_DSCF0284_JPG.rf.acd9f87e348f6a9b4bf431a055bb160e.jpg,21,background,unmatched_ground_truth,NA
2024-08-12_18-03-44-06-00_0004_100MEDIA_DSCF0284_JPG.rf.acd9f87e348f6a9b4bf431a055bb160e.jpg,21,background,unmatched_ground_truth,NA
2024-08-12_18-03-44-06-00_0004_100MEDIA_DSCF0284_JPG.rf.acd9f87e348f6a9b4bf431a055bb160e.jpg,background,21,unmatched_prediction,NA
2024-08-12_18-03-44-06-00_0004_100MEDIA_DSCF0284_JPG.rf.acd9f87e348f6a9b4bf431a055bb160e.jpg,background,21,unmatched_prediction,NA
2024-08-14_13-19-52-06-00_0004_101MEDIA_DSCF0149_JPG.rf.506136fa39fca55edfeaa96551ec7b65.jpg,42,52,class_confusion,0.8770852053949948
2024-08-14_13-19-52-06-00_0004_101MEDIA_DSCF0149_JPG.rf.506136fa39fca55edfeaa96551ec7b65.jpg,42,52,class_confusion,0.8653501218367226
Chaetodon-striatus_33_jpg.rf.e23f4fc222e1c952c509e071e1d3d469.jpg,15,15,correct_match,0.8794019144933302
Chaetodon-striatus_33_jpg.rf.e23f4fc222e1c952c509e071e1d3d469.jpg,15,15,correct_match,0.9225892372676298
Chaetodon-striatus_33_jpg.rf.e23f4fc222e1c952c509e071e1d3d469.jpg,15,15,correct_match,0.8878424826408038
Sparisoma-viride_33_jpeg.rf.73bb62768b1745b50ade772642dd8f76.jpg,49,49,correct_match,0.9271906667806764
Sparisoma-viride_33_jpeg.rf.73bb62768b1745b50ade772642dd8f76.jpg,49,49,correct_match,0.8346921965526283
Lachnolaimus-maximus_45_jpg.rf.dbd8fc65ecb1424a29e2c5d0628083cd.jpg,28,28,correct_match,0.9177905805466641
Lachnolaimus-maximus_45_jpg.rf.dbd8fc65ecb1424a29e2c5d0628083cd.jpg,28,background,unmatched_ground_truth,NA
Lachnolaimus-maximus_45_jpg.rf.dbd8fc65ecb1424a29e2c5d0628083cd.jpg,28,28,correct_match,0.7198905614569291
Lachnolaimus-maximus_45_jpg.rf.dbd8fc65ecb1424a29e2c5d0628083cd.jpg,28,28,correct_match,0.905112480316885
Scarus-coelestinus_17_jpg.rf.d56c43c75a9de203a0bdceb413e45ce3.jpg,38,38,correct_match,0.9214909157595691
Scarus-iseri_38_jpeg.rf.40db28f198869b3858d8943ed0c87bb0.jpg,41,41,correct_match,0.9086689878816356
Scarus-iseri_38_jpeg.rf.40db28f198869b3858d8943ed0c87bb0.jpg,41,41,correct_match,0.9104293378170166
2025-09-10_13-53-08-06-00_0003_107MEDIA_DSCF0058_JPG.rf.1fb2cfc3fb6c7919b258b0051d2d1157.jpg,39,41,class_confusion,0.739962859779127
2025-09-10_13-53-08-06-00_0003_107MEDIA_DSCF0058_JPG.rf.1fb2cfc3fb6c7919b258b0051d2d1157.jpg,39,41,class_confusion,0.8322411586276252
2025-09-10_13-53-08-06-00_0003_107MEDIA_DSCF0058_JPG.rf.1fb2cfc3fb6c7919b258b0051d2d1157.jpg,39,41,class_confusion,0.7622058042740452
2025-09-10_13-53-08-06-00_0003_107MEDIA_DSCF0058_JPG.rf.1fb2cfc3fb6c7919b258b0051d2d1157.jpg,39,41,class_confusion,0.8559313887691856
2024-08-18_15-52-14-06-00_0005_103MEDIA_DSCF0081_JPG.rf.77f1635ce8bda275857a43cc4e4387dc.jpg,23,23,correct_match,0.8970710603071929
2024-08-18_15-52-14-06-00_0005_103MEDIA_DSCF0081_JPG.rf.77f1635ce8bda275857a43cc4e4387dc.jpg,23,23,correct_match,0.8965878280409666
Lutjanus-jocu_47_jpg.rf.f05029cb2e0df34a6d97b4bf8361e4dd.jpg,31,31,correct_match,0.8930589760200053
Acanthurus-coeruleus_46_jpeg.rf.90cc928d0aa7f885db60a546cf130baa.jpg,3,3,correct_match,0.9565375320438095
Acanthurus-coeruleus_46_jpeg.rf.90cc928d0aa7f885db60a546cf130baa.jpg,3,3,correct_match,0.8179504187863504
Acanthurus-coeruleus_46_jpeg.rf.90cc928d0aa7f885db60a546cf130baa.jpg,3,3,correct_match,0.6716947596789653
Acanthurus-coeruleus_46_jpeg.rf.90cc928d0aa7f885db60a546cf130baa.jpg,3,3,correct_match,0.7936451336770021
Lutjanus-jocu_46_jpg.rf.d55282be99a874c28ca20fe3bc9786b2.jpg,31,31,correct_match,0.9778977288571523
Bodianus-rufus_55_jpg.rf.dd20e31b2ba01c143d9fddcd54632537.jpg,6,background,unmatched_ground_truth,NA
Bodianus-rufus_55_jpg.rf.dd20e31b2ba01c143d9fddcd54632537.jpg,6,background,unmatched_ground_truth,NA
Bodianus-rufus_55_jpg.rf.dd20e31b2ba01c143d9fddcd54632537.jpg,6,background,unmatched_ground_truth,NA
Bodianus-rufus_55_jpg.rf.dd20e31b2ba01c143d9fddcd54632537.jpg,6,background,unmatched_ground_truth,NA
Bodianus-rufus_55_jpg.rf.dd20e31b2ba01c143d9fddcd54632537.jpg,6,background,unmatched_ground_truth,NA
2024-08-30_08-09-14-06-00_0002_101MEDIA_DSCF0353_JPG.rf.578712c23b8b3e6555a38dd42675e83e.jpg,10,10,correct_match,0.7849150005254095
2024-08-30_08-09-14-06-00_0002_101MEDIA_DSCF0353_JPG.rf.578712c23b8b3e6555a38dd42675e83e.jpg,10,10,correct_match,0.6960046219602147
Sparisoma-aurofrenatum_10_jpeg.rf.c8c503b1ab1fb87ec2aa140982cde270.jpg,45,45,correct_match,0.791214656555384
Sparisoma-aurofrenatum_10_jpeg.rf.c8c503b1ab1fb87ec2aa140982cde270.jpg,45,background,unmatched_ground_truth,NA
Sparisoma-aurofrenatum_10_jpeg.rf.c8c503b1ab1fb87ec2aa140982cde270.jpg,45,45,correct_match,0.86796039072828
Sparisoma-aurofrenatum_10_jpeg.rf.c8c503b1ab1fb87ec2aa140982cde270.jpg,45,background,unmatched_ground_truth,NA
Sparisoma-aurofrenatum_10_jpeg.rf.c8c503b1ab1fb87ec2aa140982cde270.jpg,45,background,unmatched_ground_truth,NA
Sparisoma-aurofrenatum_10_jpeg.rf.c8c503b1ab1fb87ec2aa140982cde270.jpg,45,background,unmatched_ground_truth,NA
Chaetodon-capistratus_26_jpg.rf.50e51b08c80735c61dc40c070fe98fa5.jpg,12,12,correct_match,0.8869970366650867
Chaetodon-ocellatus_38_jpg.rf.a7fe258d726e8af58d666fddf25d661d.jpg,13,26,class_confusion,0.9711152506726918
Chaetodon-ocellatus_38_jpg.rf.a7fe258d726e8af58d666fddf25d661d.jpg,13,26,class_confusion,0.9519523719004426
Chaetodon-ocellatus_38_jpg.rf.a7fe258d726e8af58d666fddf25d661d.jpg,13,26,class_confusion,0.8071126465816164
Chaetodon-ocellatus_38_jpg.rf.a7fe258d726e8af58d666fddf25d661d.jpg,background,13,unmatched_prediction,NA
2025-09-12_16-51-20-06-00_0003_108MEDIA_DSCF0080_JPG.rf.c6b6d65a7e3575fda12e2aeabbfcfe79.jpg,39,39,correct_match,0.9678196611760872
2025-09-12_16-51-20-06-00_0003_108MEDIA_DSCF0080_JPG.rf.c6b6d65a7e3575fda12e2aeabbfcfe79.jpg,39,39,correct_match,0.9511869487059021
Scarus-taeniopterus_3_jpg.rf.ebc0bd10a63ae977f9ce74c9aad28c20.jpg,43,43,correct_match,0.9540744670583851
2024-08-25_10-14-36-06-00_0004_106MEDIA_DSCF0382_JPG.rf.477fe2eb56ab41339337e5820e005a0b.jpg,23,23,correct_match,0.7296461427915514
2024-08-25_10-14-36-06-00_0004_106MEDIA_DSCF0382_JPG.rf.477fe2eb56ab41339337e5820e005a0b.jpg,23,23,correct_match,0.655084601215149
2024-08-25_10-14-36-06-00_0004_106MEDIA_DSCF0382_JPG.rf.477fe2eb56ab41339337e5820e005a0b.jpg,23,23,correct_match,0.7899244245723982
2024-08-25_10-14-36-06-00_0004_106MEDIA_DSCF0382_JPG.rf.477fe2eb56ab41339337e5820e005a0b.jpg,23,background,unmatched_ground_truth,NA
Pomacanthus-paru_24_jpg.rf.373f8bf4d463e5aad36f98adbdbe54b7.jpg,36,36,correct_match,0.8518392696793469
Pomacanthus-paru_24_jpg.rf.373f8bf4d463e5aad36f98adbdbe54b7.jpg,36,background,unmatched_ground_truth,NA
Pomacanthus-paru_24_jpg.rf.373f8bf4d463e5aad36f98adbdbe54b7.jpg,36,36,correct_match,0.6207038405787679
Lutjanus-analis_8_jpg.rf.678e050977e363118a764ecea1d89cbe.jpg,29,29,correct_match,0.9570973451967641
Lutjanus-analis_8_jpg.rf.678e050977e363118a764ecea1d89cbe.jpg,29,29,correct_match,0.8075370771652358
2024-08-21_14-02-08-06-00_0005_104MEDIA_DSCF0489_JPG.rf.e71d602c1a9e5f35fc6e5f9cc25e3dbf.jpg,21,21,correct_match,0.8630832303000298
2024-08-21_14-02-08-06-00_0005_104MEDIA_DSCF0489_JPG.rf.e71d602c1a9e5f35fc6e5f9cc25e3dbf.jpg,21,21,correct_match,0.8426019722791889
2024-08-21_14-02-08-06-00_0005_104MEDIA_DSCF0489_JPG.rf.e71d602c1a9e5f35fc6e5f9cc25e3dbf.jpg,21,21,correct_match,0.8071052979791636
2024-08-21_14-02-08-06-00_0005_104MEDIA_DSCF0489_JPG.rf.e71d602c1a9e5f35fc6e5f9cc25e3dbf.jpg,21,21,correct_match,0.7926154614496912
2024-08-21_14-02-08-06-00_0005_104MEDIA_DSCF0489_JPG.rf.e71d602c1a9e5f35fc6e5f9cc25e3dbf.jpg,21,21,correct_match,0.7748998206672248
2024-08-21_14-02-08-06-00_0005_104MEDIA_DSCF0489_JPG.rf.e71d602c1a9e5f35fc6e5f9cc25e3dbf.jpg,21,21,correct_match,0.81487033388942
2024-08-21_14-02-08-06-00_0005_104MEDIA_DSCF0489_JPG.rf.e71d602c1a9e5f35fc6e5f9cc25e3dbf.jpg,21,21,correct_match,0.8526923417407711
2024-08-21_14-02-08-06-00_0005_104MEDIA_DSCF0489_JPG.rf.e71d602c1a9e5f35fc6e5f9cc25e3dbf.jpg,21,21,correct_match,0.8705421429081156
2024-08-21_14-02-08-06-00_0005_104MEDIA_DSCF0489_JPG.rf.e71d602c1a9e5f35fc6e5f9cc25e3dbf.jpg,21,21,correct_match,0.6903676009133948
2024-08-21_14-02-08-06-00_0005_104MEDIA_DSCF0489_JPG.rf.e71d602c1a9e5f35fc6e5f9cc25e3dbf.jpg,21,21,correct_match,0.8090875661092105
2024-08-21_14-02-08-06-00_0005_104MEDIA_DSCF0489_JPG.rf.e71d602c1a9e5f35fc6e5f9cc25e3dbf.jpg,21,21,correct_match,0.7233065706750997
2024-08-21_14-02-08-06-00_0005_104MEDIA_DSCF0489_JPG.rf.e71d602c1a9e5f35fc6e5f9cc25e3dbf.jpg,21,21,correct_match,0.8263398983998095
2024-08-21_14-02-08-06-00_0005_104MEDIA_DSCF0489_JPG.rf.e71d602c1a9e5f35fc6e5f9cc25e3dbf.jpg,21,21,correct_match,0.7036446362528773
2024-08-21_14-02-08-06-00_0005_104MEDIA_DSCF0489_JPG.rf.e71d602c1a9e5f35fc6e5f9cc25e3dbf.jpg,21,21,correct_match,0.9127741733554132
2024-08-21_14-02-08-06-00_0005_104MEDIA_DSCF0489_JPG.rf.e71d602c1a9e5f35fc6e5f9cc25e3dbf.jpg,21,21,correct_match,0.6901309358221946
2024-08-21_14-02-08-06-00_0005_104MEDIA_DSCF0489_JPG.rf.e71d602c1a9e5f35fc6e5f9cc25e3dbf.jpg,21,21,correct_match,0.8647707445877678
2024-08-21_14-02-08-06-00_0005_104MEDIA_DSCF0489_JPG.rf.e71d602c1a9e5f35fc6e5f9cc25e3dbf.jpg,21,21,correct_match,0.8060598559189939
2024-08-21_14-02-08-06-00_0005_104MEDIA_DSCF0489_JPG.rf.e71d602c1a9e5f35fc6e5f9cc25e3dbf.jpg,21,21,correct_match,0.8938499802025539
2024-08-21_14-02-08-06-00_0005_104MEDIA_DSCF0489_JPG.rf.e71d602c1a9e5f35fc6e5f9cc25e3dbf.jpg,21,21,correct_match,0.714454378650701
2024-08-21_14-02-08-06-00_0005_104MEDIA_DSCF0489_JPG.rf.e71d602c1a9e5f35fc6e5f9cc25e3dbf.jpg,21,21,correct_match,0.8638512516091171
2024-08-21_14-02-08-06-00_0005_104MEDIA_DSCF0489_JPG.rf.e71d602c1a9e5f35fc6e5f9cc25e3dbf.jpg,21,21,correct_match,0.7952079637638678
2024-08-21_14-02-08-06-00_0005_104MEDIA_DSCF0489_JPG.rf.e71d602c1a9e5f35fc6e5f9cc25e3dbf.jpg,21,21,correct_match,0.8108133453032588
2024-08-21_14-02-08-06-00_0005_104MEDIA_DSCF0489_JPG.rf.e71d602c1a9e5f35fc6e5f9cc25e3dbf.jpg,21,21,correct_match,0.6181723736600422
2024-08-21_14-02-08-06-00_0005_104MEDIA_DSCF0489_JPG.rf.e71d602c1a9e5f35fc6e5f9cc25e3dbf.jpg,21,21,correct_match,0.6597263815369437
2024-08-21_14-02-08-06-00_0005_104MEDIA_DSCF0489_JPG.rf.e71d602c1a9e5f35fc6e5f9cc25e3dbf.jpg,21,21,correct_match,0.8082112548635304
2024-08-21_14-02-08-06-00_0005_104MEDIA_DSCF0489_JPG.rf.e71d602c1a9e5f35fc6e5f9cc25e3dbf.jpg,21,background,unmatched_ground_truth,NA
2024-08-21_14-02-08-06-00_0005_104MEDIA_DSCF0489_JPG.rf.e71d602c1a9e5f35fc6e5f9cc25e3dbf.jpg,21,21,correct_match,0.7887701471048407
2024-08-21_14-02-08-06-00_0005_104MEDIA_DSCF0489_JPG.rf.e71d602c1a9e5f35fc6e5f9cc25e3dbf.jpg,21,21,correct_match,0.7829820013525843
2024-08-21_14-02-08-06-00_0005_104MEDIA_DSCF0489_JPG.rf.e71d602c1a9e5f35fc6e5f9cc25e3dbf.jpg,21,21,correct_match,0.7252958844380152
2024-08-21_14-02-08-06-00_0005_104MEDIA_DSCF0489_JPG.rf.e71d602c1a9e5f35fc6e5f9cc25e3dbf.jpg,21,background,unmatched_ground_truth,NA
2024-08-21_14-02-08-06-00_0005_104MEDIA_DSCF0489_JPG.rf.e71d602c1a9e5f35fc6e5f9cc25e3dbf.jpg,background,21,unmatched_prediction,NA
2024-08-21_14-02-08-06-00_0005_104MEDIA_DSCF0489_JPG.rf.e71d602c1a9e5f35fc6e5f9cc25e3dbf.jpg,background,21,unmatched_prediction,NA
2024-08-21_14-02-08-06-00_0005_104MEDIA_DSCF0489_JPG.rf.e71d602c1a9e5f35fc6e5f9cc25e3dbf.jpg,background,21,unmatched_prediction,NA
Sparisoma-viride_28_jpeg.rf.7f04e0132ee6999d80a06d1f3f434cec.jpg,48,48,correct_match,0.9434303701985088
2024-08-13_15-30-30-06-00_0005_100MEDIA_DSCF0663_JPG.rf.4726a8af9616f79c7283c6b6732b907c.jpg,10,10,correct_match,0.8870744469558037
2024-08-13_15-30-30-06-00_0005_100MEDIA_DSCF0663_JPG.rf.4726a8af9616f79c7283c6b6732b907c.jpg,3,background,unmatched_ground_truth,NA
2024-08-13_15-30-30-06-00_0005_100MEDIA_DSCF0663_JPG.rf.4726a8af9616f79c7283c6b6732b907c.jpg,10,10,correct_match,0.7956749375789157
2024-08-13_15-30-30-06-00_0005_100MEDIA_DSCF0663_JPG.rf.4726a8af9616f79c7283c6b6732b907c.jpg,3,background,unmatched_ground_truth,NA
Haemulon-flavolineatum_50_jpeg.rf.838b5ecba1edf9c98c9fa502ee8a917d.jpg,20,20,correct_match,0.9584057081634038
2024-09-03_09-43-50-06-00_0005_103MEDIA_DSCF0119_JPG.rf.f93f5f4ee2b4b2e5be6738d4ca5c7f78.jpg,13,background,unmatched_ground_truth,NA
2024-09-03_09-43-50-06-00_0005_103MEDIA_DSCF0119_JPG.rf.f93f5f4ee2b4b2e5be6738d4ca5c7f78.jpg,13,background,unmatched_ground_truth,NA
2024-09-03_09-43-50-06-00_0005_103MEDIA_DSCF0119_JPG.rf.f93f5f4ee2b4b2e5be6738d4ca5c7f78.jpg,background,4,unmatched_prediction,NA
2024-09-03_09-43-50-06-00_0005_103MEDIA_DSCF0119_JPG.rf.f93f5f4ee2b4b2e5be6738d4ca5c7f78.jpg,background,4,unmatched_prediction,NA
2024-08-13_16-28-12-06-00_0003_100MEDIA_DSCF0738_JPG.rf.1fb9ee0b25ce6b1a25f3ae65697d9422.jpg,1,background,unmatched_ground_truth,NA
2024-08-13_16-28-12-06-00_0003_100MEDIA_DSCF0738_JPG.rf.1fb9ee0b25ce6b1a25f3ae65697d9422.jpg,1,1,correct_match,0.8547384676753438
2024-08-13_16-28-12-06-00_0003_100MEDIA_DSCF0738_JPG.rf.1fb9ee0b25ce6b1a25f3ae65697d9422.jpg,1,1,correct_match,0.9359047141855019
2024-08-13_16-28-12-06-00_0003_100MEDIA_DSCF0738_JPG.rf.1fb9ee0b25ce6b1a25f3ae65697d9422.jpg,1,1,correct_match,0.8582576880425224
Lutjanus-jocu_2_jpg.rf.22fd67592f6044f2f52151bc4c6042bf.jpg,31,31,correct_match,0.8774441977289814
Lutjanus-jocu_2_jpg.rf.22fd67592f6044f2f52151bc4c6042bf.jpg,31,31,correct_match,0.7900605536695939
Lutjanus-jocu_2_jpg.rf.22fd67592f6044f2f52151bc4c6042bf.jpg,31,31,correct_match,0.7235760277358845
Lutjanus-jocu_2_jpg.rf.22fd67592f6044f2f52151bc4c6042bf.jpg,31,background,unmatched_ground_truth,NA
Lutjanus-jocu_2_jpg.rf.22fd67592f6044f2f52151bc4c6042bf.jpg,31,31,correct_match,0.72105001615569
Lutjanus-jocu_2_jpg.rf.22fd67592f6044f2f52151bc4c6042bf.jpg,background,24,unmatched_prediction,NA
2025-09-05_15-08-56-06-00_0001_104MEDIA_DSCF0679_JPG.rf.c37a8f3a2e988c60658d094f252890d9.jpg,36,30,class_confusion,0.959890053712243
2025-09-05_15-08-56-06-00_0001_104MEDIA_DSCF0679_JPG.rf.c37a8f3a2e988c60658d094f252890d9.jpg,36,background,unmatched_ground_truth,NA
2025-09-05_15-08-56-06-00_0001_104MEDIA_DSCF0679_JPG.rf.c37a8f3a2e988c60658d094f252890d9.jpg,36,30,class_confusion,0.9665376011006885
Rhomboplites-aurorubens_50_jpg.rf.72a3b46ae4fb85fef77edf170bc027e2.jpg,37,37,correct_match,0.9618216412588426
Rhomboplites-aurorubens_50_jpg.rf.72a3b46ae4fb85fef77edf170bc027e2.jpg,37,37,correct_match,0.8688605789460595
Rhomboplites-aurorubens_50_jpg.rf.72a3b46ae4fb85fef77edf170bc027e2.jpg,37,37,correct_match,0.7445596668457134
Rhomboplites-aurorubens_50_jpg.rf.72a3b46ae4fb85fef77edf170bc027e2.jpg,37,37,correct_match,0.9535889771645615
Chromis-scotti_46_jpg.rf.a8d694d24041218a601baf2cc128d832.jpg,16,16,correct_match,0.9109157878608991
Chromis-scotti_46_jpg.rf.a8d694d24041218a601baf2cc128d832.jpg,16,16,correct_match,0.8971558230799469
Nicholsina-usta_37_jpeg.rf.29d36db83cc4ae818f2d678a0a7a2de4.jpg,33,33,correct_match,0.8962050159872712
Nicholsina-usta_37_jpeg.rf.29d36db83cc4ae818f2d678a0a7a2de4.jpg,33,33,correct_match,0.8676711457002138
Nicholsina-usta_37_jpeg.rf.29d36db83cc4ae818f2d678a0a7a2de4.jpg,33,background,unmatched_ground_truth,NA
Nicholsina-usta_37_jpeg.rf.29d36db83cc4ae818f2d678a0a7a2de4.jpg,33,33,correct_match,0.7410667803604503
Nicholsina-usta_37_jpeg.rf.29d36db83cc4ae818f2d678a0a7a2de4.jpg,background,33,unmatched_prediction,NA
Nicholsina-usta_37_jpeg.rf.29d36db83cc4ae818f2d678a0a7a2de4.jpg,background,33,unmatched_prediction,NA
2024-09-04_12-55-40-06-00_0005_103MEDIA_DSCF0663_JPG.rf.87db22e62dc8919abd7d512d1138e972.jpg,13,background,unmatched_ground_truth,NA
2024-09-04_12-55-40-06-00_0005_103MEDIA_DSCF0663_JPG.rf.87db22e62dc8919abd7d512d1138e972.jpg,13,34,class_confusion,0.5569955647727413
Lutjanus-analis_47_jpeg.rf.7d9321635d989bf56fef4e288791d8c5.jpg,29,29,correct_match,0.8946463697961871
Lutjanus-analis_47_jpeg.rf.7d9321635d989bf56fef4e288791d8c5.jpg,29,29,correct_match,0.7099033257298941
Lutjanus-analis_47_jpeg.rf.7d9321635d989bf56fef4e288791d8c5.jpg,29,background,unmatched_ground_truth,NA
Lutjanus-analis_47_jpeg.rf.7d9321635d989bf56fef4e288791d8c5.jpg,29,background,unmatched_ground_truth,NA
Lutjanus-analis_47_jpeg.rf.7d9321635d989bf56fef4e288791d8c5.jpg,background,29,unmatched_prediction,NA
Sparisoma-aurofrenatum_12_jpg.rf.2d2b6200dae09cfd7904a667bfc51c1d.jpg,45,45,correct_match,0.9166608994214691
Haemulon-sciurus_7_jpeg.rf.b422f13375476fe45ccb1987a19f07ff.jpg,24,24,correct_match,0.920325162638622
Haemulon-sciurus_7_jpeg.rf.b422f13375476fe45ccb1987a19f07ff.jpg,24,24,correct_match,0.8856736201962615
Haemulon-sciurus_7_jpeg.rf.b422f13375476fe45ccb1987a19f07ff.jpg,24,24,correct_match,0.7818512421647087
Haemulon-sciurus_7_jpeg.rf.b422f13375476fe45ccb1987a19f07ff.jpg,24,background,unmatched_ground_truth,NA
Haemulon-sciurus_7_jpeg.rf.b422f13375476fe45ccb1987a19f07ff.jpg,24,24,correct_match,0.7850827172160655
2024-08-14_10-25-48-06-00_0004_101MEDIA_DSCF0091_JPG.rf.8f4c16fb5b9083d1ab7c764854a349f4.jpg,10,52,class_confusion,0.5848346128929447
2024-08-14_10-25-48-06-00_0004_101MEDIA_DSCF0091_JPG.rf.8f4c16fb5b9083d1ab7c764854a349f4.jpg,10,52,class_confusion,0.5785851588183414
Sparisoma-viride_35_jpg.rf.65ca1213ca44b206d379bfd5e95e262b.jpg,48,48,correct_match,0.952362308748245
Sparisoma-viride_35_jpg.rf.65ca1213ca44b206d379bfd5e95e262b.jpg,48,background,unmatched_ground_truth,NA
Diodon-hystrix_44_jpg.rf.2f395028693c8b73d603ac2f30015c1c.jpg,17,17,correct_match,0.9714704412390104
Diodon-hystrix_44_jpg.rf.2f395028693c8b73d603ac2f30015c1c.jpg,17,17,correct_match,0.879859692937563
Diodon-hystrix_44_jpg.rf.2f395028693c8b73d603ac2f30015c1c.jpg,17,17,correct_match,0.914992405930386
2024-08-16_16-53-52-06-00_0004_102MEDIA_DSCF0181_JPG.rf.fb0959c84e95973534e9a394c8c7efb0.jpg,22,22,correct_match,0.9539613846792362
2024-08-16_16-53-52-06-00_0004_102MEDIA_DSCF0181_JPG.rf.fb0959c84e95973534e9a394c8c7efb0.jpg,22,22,correct_match,0.8900942298799883
2024-08-19_12-40-52-06-00_0003_103MEDIA_DSCF0551_JPG.rf.af4cfcf66c8aec6789bcafbcdbec35d5.jpg,34,34,correct_match,0.7555731849251742
2024-08-19_12-40-52-06-00_0003_103MEDIA_DSCF0551_JPG.rf.af4cfcf66c8aec6789bcafbcdbec35d5.jpg,34,background,unmatched_ground_truth,NA
2024-08-19_12-40-52-06-00_0003_103MEDIA_DSCF0551_JPG.rf.af4cfcf66c8aec6789bcafbcdbec35d5.jpg,34,background,unmatched_ground_truth,NA
Acanthurus-chirurgus_42_jpeg.rf.851e518f7d049b95d9fd307a4b922084.jpg,2,2,correct_match,0.9202401400618871
Lutjanus-analis_14_jpeg.rf.8bc055db49ae1ca903fec7041552ce10.jpg,29,29,correct_match,0.9671023710833767
Lutjanus-analis_14_jpeg.rf.8bc055db49ae1ca903fec7041552ce10.jpg,29,29,correct_match,0.8059582178371368
Nicholsina-usta_54_jpg.rf.3ad09174cbd970d0386c557eea7eec6f.jpg,33,background,unmatched_ground_truth,NA
Nicholsina-usta_54_jpg.rf.3ad09174cbd970d0386c557eea7eec6f.jpg,33,41,class_confusion,0.7607240394071703
Nicholsina-usta_54_jpg.rf.3ad09174cbd970d0386c557eea7eec6f.jpg,33,background,unmatched_ground_truth,NA
Nicholsina-usta_54_jpg.rf.3ad09174cbd970d0386c557eea7eec6f.jpg,33,background,unmatched_ground_truth,NA
Nicholsina-usta_54_jpg.rf.3ad09174cbd970d0386c557eea7eec6f.jpg,33,41,class_confusion,0.8256594836645722
Nicholsina-usta_54_jpg.rf.3ad09174cbd970d0386c557eea7eec6f.jpg,33,background,unmatched_ground_truth,NA
2024-08-16_07-08-34-06-00_0004_101MEDIA_DSCF0985_JPG.rf.b9bbcaf98d602477eb865c99d4f49e98.jpg,9,9,correct_match,0.8833772667651539
2024-08-16_07-08-34-06-00_0004_101MEDIA_DSCF0985_JPG.rf.b9bbcaf98d602477eb865c99d4f49e98.jpg,9,9,correct_match,0.8750759925008723
2024-08-16_07-08-34-06-00_0004_101MEDIA_DSCF0985_JPG.rf.b9bbcaf98d602477eb865c99d4f49e98.jpg,9,9,correct_match,0.8841578769595544
2024-08-16_07-08-34-06-00_0004_101MEDIA_DSCF0985_JPG.rf.b9bbcaf98d602477eb865c99d4f49e98.jpg,9,9,correct_match,0.7179952404148805
2024-08-16_07-08-34-06-00_0004_101MEDIA_DSCF0985_JPG.rf.b9bbcaf98d602477eb865c99d4f49e98.jpg,9,background,unmatched_ground_truth,NA
2024-08-16_07-08-34-06-00_0004_101MEDIA_DSCF0985_JPG.rf.b9bbcaf98d602477eb865c99d4f49e98.jpg,9,background,unmatched_ground_truth,NA
2024-08-16_07-08-34-06-00_0004_101MEDIA_DSCF0985_JPG.rf.b9bbcaf98d602477eb865c99d4f49e98.jpg,9,9,correct_match,0.7886162672089129
2024-08-16_07-08-34-06-00_0004_101MEDIA_DSCF0985_JPG.rf.b9bbcaf98d602477eb865c99d4f49e98.jpg,9,9,correct_match,0.8220679483170023
2024-08-16_07-08-34-06-00_0004_101MEDIA_DSCF0985_JPG.rf.b9bbcaf98d602477eb865c99d4f49e98.jpg,9,9,correct_match,0.7656336661088368
2024-08-16_07-08-34-06-00_0004_101MEDIA_DSCF0985_JPG.rf.b9bbcaf98d602477eb865c99d4f49e98.jpg,9,9,correct_match,0.8875451390705488
2024-08-16_07-08-34-06-00_0004_101MEDIA_DSCF0985_JPG.rf.b9bbcaf98d602477eb865c99d4f49e98.jpg,9,9,correct_match,0.7094624227258306
2024-08-16_07-08-34-06-00_0004_101MEDIA_DSCF0985_JPG.rf.b9bbcaf98d602477eb865c99d4f49e98.jpg,9,background,unmatched_ground_truth,NA
2024-08-16_07-08-34-06-00_0004_101MEDIA_DSCF0985_JPG.rf.b9bbcaf98d602477eb865c99d4f49e98.jpg,9,background,unmatched_ground_truth,NA
2024-08-16_07-08-34-06-00_0004_101MEDIA_DSCF0985_JPG.rf.b9bbcaf98d602477eb865c99d4f49e98.jpg,9,background,unmatched_ground_truth,NA
2024-08-16_16-26-52-06-00_0004_102MEDIA_DSCF0172_JPG.rf.b552844fb022351a0624cdbcb7c5eb0b.jpg,22,22,correct_match,0.885477463575636
2024-08-16_16-26-52-06-00_0004_102MEDIA_DSCF0172_JPG.rf.b552844fb022351a0624cdbcb7c5eb0b.jpg,22,22,correct_match,0.8713774450237776
2024-08-21_08-44-04-06-00_0002_104MEDIA_DSCF0436_JPG.rf.9c44287913b03f2e2ba2b86513c43cde.jpg,22,22,correct_match,0.957222962377576
2024-08-21_08-44-04-06-00_0002_104MEDIA_DSCF0436_JPG.rf.9c44287913b03f2e2ba2b86513c43cde.jpg,22,22,correct_match,0.9118014215274839
2024-08-19_11-53-10-06-00_0002_103MEDIA_DSCF0536_JPG.rf.ccce676ea8f02a6f7f8ced7aefe84a23.jpg,21,21,correct_match,0.8684779938438609
2024-08-19_11-53-10-06-00_0002_103MEDIA_DSCF0536_JPG.rf.ccce676ea8f02a6f7f8ced7aefe84a23.jpg,21,21,correct_match,0.9143397527734738
2024-08-19_11-53-10-06-00_0002_103MEDIA_DSCF0536_JPG.rf.ccce676ea8f02a6f7f8ced7aefe84a23.jpg,21,21,correct_match,0.8860360815973926
2024-08-19_11-53-10-06-00_0002_103MEDIA_DSCF0536_JPG.rf.ccce676ea8f02a6f7f8ced7aefe84a23.jpg,21,21,correct_match,0.9031543585180823
2024-08-19_11-53-10-06-00_0002_103MEDIA_DSCF0536_JPG.rf.ccce676ea8f02a6f7f8ced7aefe84a23.jpg,21,21,correct_match,0.955127165020444
2024-08-19_11-53-10-06-00_0002_103MEDIA_DSCF0536_JPG.rf.ccce676ea8f02a6f7f8ced7aefe84a23.jpg,21,21,correct_match,0.7881243046369559
2024-08-19_11-53-10-06-00_0002_103MEDIA_DSCF0536_JPG.rf.ccce676ea8f02a6f7f8ced7aefe84a23.jpg,21,21,correct_match,0.8810875164912025
2024-08-19_11-53-10-06-00_0002_103MEDIA_DSCF0536_JPG.rf.ccce676ea8f02a6f7f8ced7aefe84a23.jpg,21,21,correct_match,0.8635056621131071
2024-08-19_11-53-10-06-00_0002_103MEDIA_DSCF0536_JPG.rf.ccce676ea8f02a6f7f8ced7aefe84a23.jpg,21,21,correct_match,0.8065163528395467
2024-08-19_11-53-10-06-00_0002_103MEDIA_DSCF0536_JPG.rf.ccce676ea8f02a6f7f8ced7aefe84a23.jpg,22,22,correct_match,0.9473884785039435
2024-08-19_11-53-10-06-00_0002_103MEDIA_DSCF0536_JPG.rf.ccce676ea8f02a6f7f8ced7aefe84a23.jpg,21,21,correct_match,0.9292358463209728
2024-08-19_11-53-10-06-00_0002_103MEDIA_DSCF0536_JPG.rf.ccce676ea8f02a6f7f8ced7aefe84a23.jpg,21,21,correct_match,0.75933671468701
2024-08-19_11-53-10-06-00_0002_103MEDIA_DSCF0536_JPG.rf.ccce676ea8f02a6f7f8ced7aefe84a23.jpg,21,21,correct_match,0.8717126951688403
2024-08-19_11-53-10-06-00_0002_103MEDIA_DSCF0536_JPG.rf.ccce676ea8f02a6f7f8ced7aefe84a23.jpg,21,21,correct_match,0.9076307775820288
2024-08-19_11-53-10-06-00_0002_103MEDIA_DSCF0536_JPG.rf.ccce676ea8f02a6f7f8ced7aefe84a23.jpg,21,21,correct_match,0.8540009008355883
2024-08-19_11-53-10-06-00_0002_103MEDIA_DSCF0536_JPG.rf.ccce676ea8f02a6f7f8ced7aefe84a23.jpg,21,background,unmatched_ground_truth,NA
2024-08-19_11-53-10-06-00_0002_103MEDIA_DSCF0536_JPG.rf.ccce676ea8f02a6f7f8ced7aefe84a23.jpg,21,21,correct_match,0.9100723720476844
2024-08-19_11-53-10-06-00_0002_103MEDIA_DSCF0536_JPG.rf.ccce676ea8f02a6f7f8ced7aefe84a23.jpg,21,21,correct_match,0.92680566296127
2024-08-19_11-53-10-06-00_0002_103MEDIA_DSCF0536_JPG.rf.ccce676ea8f02a6f7f8ced7aefe84a23.jpg,21,21,correct_match,0.9424099146999737
2024-08-19_11-53-10-06-00_0002_103MEDIA_DSCF0536_JPG.rf.ccce676ea8f02a6f7f8ced7aefe84a23.jpg,21,21,correct_match,0.914009300182707
2024-08-19_11-53-10-06-00_0002_103MEDIA_DSCF0536_JPG.rf.ccce676ea8f02a6f7f8ced7aefe84a23.jpg,21,21,correct_match,0.9072564881971247
2024-08-19_11-53-10-06-00_0002_103MEDIA_DSCF0536_JPG.rf.ccce676ea8f02a6f7f8ced7aefe84a23.jpg,21,21,correct_match,0.815444006404381
2024-08-19_11-53-10-06-00_0002_103MEDIA_DSCF0536_JPG.rf.ccce676ea8f02a6f7f8ced7aefe84a23.jpg,21,21,correct_match,0.8637185727054721
2024-08-19_11-53-10-06-00_0002_103MEDIA_DSCF0536_JPG.rf.ccce676ea8f02a6f7f8ced7aefe84a23.jpg,21,21,correct_match,0.7821916363756115
2024-08-19_11-53-10-06-00_0002_103MEDIA_DSCF0536_JPG.rf.ccce676ea8f02a6f7f8ced7aefe84a23.jpg,21,21,correct_match,0.8193482980784786
2024-08-19_11-53-10-06-00_0002_103MEDIA_DSCF0536_JPG.rf.ccce676ea8f02a6f7f8ced7aefe84a23.jpg,22,22,correct_match,0.8610145869102989
2024-08-19_11-53-10-06-00_0002_103MEDIA_DSCF0536_JPG.rf.ccce676ea8f02a6f7f8ced7aefe84a23.jpg,21,21,correct_match,0.8786838218341531
2024-08-19_11-53-10-06-00_0002_103MEDIA_DSCF0536_JPG.rf.ccce676ea8f02a6f7f8ced7aefe84a23.jpg,21,21,correct_match,0.628768499568472
2024-08-19_11-53-10-06-00_0002_103MEDIA_DSCF0536_JPG.rf.ccce676ea8f02a6f7f8ced7aefe84a23.jpg,21,21,correct_match,0.8789360193714773
2024-08-19_11-53-10-06-00_0002_103MEDIA_DSCF0536_JPG.rf.ccce676ea8f02a6f7f8ced7aefe84a23.jpg,21,21,correct_match,0.8857550898201071
2024-08-19_11-53-10-06-00_0002_103MEDIA_DSCF0536_JPG.rf.ccce676ea8f02a6f7f8ced7aefe84a23.jpg,21,21,correct_match,0.7681643044566264
2024-08-19_11-53-10-06-00_0002_103MEDIA_DSCF0536_JPG.rf.ccce676ea8f02a6f7f8ced7aefe84a23.jpg,21,21,correct_match,0.5513752849494113
2024-08-19_11-53-10-06-00_0002_103MEDIA_DSCF0536_JPG.rf.ccce676ea8f02a6f7f8ced7aefe84a23.jpg,background,21,unmatched_prediction,NA
2024-08-19_11-53-10-06-00_0002_103MEDIA_DSCF0536_JPG.rf.ccce676ea8f02a6f7f8ced7aefe84a23.jpg,background,21,unmatched_prediction,NA
2024-08-19_11-53-10-06-00_0002_103MEDIA_DSCF0536_JPG.rf.ccce676ea8f02a6f7f8ced7aefe84a23.jpg,background,21,unmatched_prediction,NA
2025-09-06_07-23-06-06-00_0001_105MEDIA_DSCF0005_JPG.rf.5663b71e4668017687c69bf39c3d3647.jpg,7,52,class_confusion,0.952615491743722
2025-09-06_07-23-06-06-00_0001_105MEDIA_DSCF0005_JPG.rf.5663b71e4668017687c69bf39c3d3647.jpg,7,52,class_confusion,0.9467622425212451
Epinephelus-morio_6_png.rf.9f4be5b6eeb2c87dc90056ec2f7dde61.jpg,18,18,correct_match,0.9694492238573641
Epinephelus-morio_6_png.rf.9f4be5b6eeb2c87dc90056ec2f7dde61.jpg,18,18,correct_match,0.9155401660738326
Epinephelus-morio_6_png.rf.9f4be5b6eeb2c87dc90056ec2f7dde61.jpg,18,18,correct_match,0.9381167638900592
Diodon-holocanthus_28_jpeg.rf.6c78c5bcca94ff39b762ea9d2241735d.jpg,17,17,correct_match,0.892329524064278
Diodon-holocanthus_28_jpeg.rf.6c78c5bcca94ff39b762ea9d2241735d.jpg,17,17,correct_match,0.7191559405688398
Diodon-holocanthus_28_jpeg.rf.6c78c5bcca94ff39b762ea9d2241735d.jpg,17,background,unmatched_ground_truth,NA
Diodon-holocanthus_28_jpeg.rf.6c78c5bcca94ff39b762ea9d2241735d.jpg,17,17,correct_match,0.9426057996481932
Urobatis-jamaicensis_17_jpeg.rf.cbce6de0be2698ad62dd98000f910610.jpg,51,51,correct_match,0.9806992839760005
Urobatis-jamaicensis_17_jpeg.rf.cbce6de0be2698ad62dd98000f910610.jpg,51,51,correct_match,0.8522289123222867
Urobatis-jamaicensis_17_jpeg.rf.cbce6de0be2698ad62dd98000f910610.jpg,51,background,unmatched_ground_truth,NA
Pomacanthus-paru_23_jpg.rf.88d7eb80e40a6fa1bb19705124be3a3c.jpg,36,36,correct_match,0.8435922138216682
Lutjanus-analis_6_jpg.rf.2e5ec45d746a72129d9e068a467e1fe7.jpg,29,29,correct_match,0.9576020525116331
Lutjanus-analis_6_jpg.rf.2e5ec45d746a72129d9e068a467e1fe7.jpg,29,background,unmatched_ground_truth,NA
Lutjanus-analis_6_jpg.rf.2e5ec45d746a72129d9e068a467e1fe7.jpg,29,29,correct_match,0.9291759030156244
Lutjanus-analis_6_jpg.rf.2e5ec45d746a72129d9e068a467e1fe7.jpg,29,background,unmatched_ground_truth,NA
Lutjanus-analis_6_jpg.rf.2e5ec45d746a72129d9e068a467e1fe7.jpg,29,29,correct_match,0.6015926969359269
2024-08-16_08-26-38-06-00_0004_102MEDIA_DSCF0012_JPG.rf.d5e49b091160d3ac3900a1108d6b4a40.jpg,9,9,correct_match,0.8981599627720395
2024-08-16_08-26-38-06-00_0004_102MEDIA_DSCF0012_JPG.rf.d5e49b091160d3ac3900a1108d6b4a40.jpg,9,9,correct_match,0.8982559326837777
2024-08-16_08-26-38-06-00_0004_102MEDIA_DSCF0012_JPG.rf.d5e49b091160d3ac3900a1108d6b4a40.jpg,9,9,correct_match,0.903242237622444
2024-08-16_08-26-38-06-00_0004_102MEDIA_DSCF0012_JPG.rf.d5e49b091160d3ac3900a1108d6b4a40.jpg,9,9,correct_match,0.8572957079660027
2024-08-16_08-26-38-06-00_0004_102MEDIA_DSCF0012_JPG.rf.d5e49b091160d3ac3900a1108d6b4a40.jpg,9,9,correct_match,0.8489932606147615
2024-08-16_08-26-38-06-00_0004_102MEDIA_DSCF0012_JPG.rf.d5e49b091160d3ac3900a1108d6b4a40.jpg,9,9,correct_match,0.8526891983206457
2024-08-16_08-26-38-06-00_0004_102MEDIA_DSCF0012_JPG.rf.d5e49b091160d3ac3900a1108d6b4a40.jpg,9,9,correct_match,0.7669821074418388
2024-08-16_08-26-38-06-00_0004_102MEDIA_DSCF0012_JPG.rf.d5e49b091160d3ac3900a1108d6b4a40.jpg,9,background,unmatched_ground_truth,NA
2024-08-16_08-26-38-06-00_0004_102MEDIA_DSCF0012_JPG.rf.d5e49b091160d3ac3900a1108d6b4a40.jpg,9,background,unmatched_ground_truth,NA
2024-08-16_08-26-38-06-00_0004_102MEDIA_DSCF0012_JPG.rf.d5e49b091160d3ac3900a1108d6b4a40.jpg,9,background,unmatched_ground_truth,NA
2024-08-16_08-26-38-06-00_0004_102MEDIA_DSCF0012_JPG.rf.d5e49b091160d3ac3900a1108d6b4a40.jpg,9,background,unmatched_ground_truth,NA
2024-08-16_08-26-38-06-00_0004_102MEDIA_DSCF0012_JPG.rf.d5e49b091160d3ac3900a1108d6b4a40.jpg,9,9,correct_match,0.8828019939471288
2024-08-16_08-26-38-06-00_0004_102MEDIA_DSCF0012_JPG.rf.d5e49b091160d3ac3900a1108d6b4a40.jpg,9,9,correct_match,0.8534034210830233
2024-08-16_08-26-38-06-00_0004_102MEDIA_DSCF0012_JPG.rf.d5e49b091160d3ac3900a1108d6b4a40.jpg,9,9,correct_match,0.8787376063786075
2024-08-16_08-26-38-06-00_0004_102MEDIA_DSCF0012_JPG.rf.d5e49b091160d3ac3900a1108d6b4a40.jpg,9,9,correct_match,0.8441882505299338
2024-08-16_08-26-38-06-00_0004_102MEDIA_DSCF0012_JPG.rf.d5e49b091160d3ac3900a1108d6b4a40.jpg,9,9,correct_match,0.7227919264023859
2024-08-16_08-26-38-06-00_0004_102MEDIA_DSCF0012_JPG.rf.d5e49b091160d3ac3900a1108d6b4a40.jpg,9,background,unmatched_ground_truth,NA
2024-08-16_08-26-38-06-00_0004_102MEDIA_DSCF0012_JPG.rf.d5e49b091160d3ac3900a1108d6b4a40.jpg,9,9,correct_match,0.9129463316157886
2024-08-16_08-26-38-06-00_0004_102MEDIA_DSCF0012_JPG.rf.d5e49b091160d3ac3900a1108d6b4a40.jpg,9,background,unmatched_ground_truth,NA
2024-08-16_08-26-38-06-00_0004_102MEDIA_DSCF0012_JPG.rf.d5e49b091160d3ac3900a1108d6b4a40.jpg,9,background,unmatched_ground_truth,NA
2024-08-16_08-26-38-06-00_0004_102MEDIA_DSCF0012_JPG.rf.d5e49b091160d3ac3900a1108d6b4a40.jpg,9,background,unmatched_ground_truth,NA
2024-08-16_08-26-38-06-00_0004_102MEDIA_DSCF0012_JPG.rf.d5e49b091160d3ac3900a1108d6b4a40.jpg,9,background,unmatched_ground_truth,NA
2024-08-16_08-26-38-06-00_0004_102MEDIA_DSCF0012_JPG.rf.d5e49b091160d3ac3900a1108d6b4a40.jpg,background,9,unmatched_prediction,NA
2024-08-21_08-41-06-06-00_0003_104MEDIA_DSCF0433_JPG.rf.9df13d53bacf790da714173e5e9560f4.jpg,4,4,correct_match,0.8643877711462901
2024-08-21_08-41-06-06-00_0003_104MEDIA_DSCF0433_JPG.rf.9df13d53bacf790da714173e5e9560f4.jpg,4,4,correct_match,0.8560933047767924
Acanthurus-chirurgus_51_jpeg.rf.dc8e0bc77be910677d5d915a40a1ecdf.jpg,2,35,class_confusion,0.8592743113377275
Acanthurus-chirurgus_51_jpeg.rf.dc8e0bc77be910677d5d915a40a1ecdf.jpg,2,background,unmatched_ground_truth,NA
Epinephelus-morio_30_jpg.rf.9cf57131d2d6053d868e0701ab921597.jpg,18,18,correct_match,0.9603799374482321
Epinephelus-morio_30_jpg.rf.9cf57131d2d6053d868e0701ab921597.jpg,18,18,correct_match,0.6115320936482492
Epinephelus-morio_30_jpg.rf.9cf57131d2d6053d868e0701ab921597.jpg,18,18,correct_match,0.9409971058864905
Pomacanthus-arcuatus_6_jpg.rf.463d45a2b357524b58c5fa2a09c958ae.jpg,35,35,correct_match,0.8503532412878765
Pomacanthus-arcuatus_6_jpg.rf.463d45a2b357524b58c5fa2a09c958ae.jpg,35,background,unmatched_ground_truth,NA
Pomacanthus-arcuatus_6_jpg.rf.463d45a2b357524b58c5fa2a09c958ae.jpg,35,background,unmatched_ground_truth,NA
Pomacanthus-arcuatus_6_jpg.rf.463d45a2b357524b58c5fa2a09c958ae.jpg,35,35,correct_match,0.9450917223350428
Pomacanthus-arcuatus_6_jpg.rf.463d45a2b357524b58c5fa2a09c958ae.jpg,background,35,unmatched_prediction,NA
2024-08-16_07-08-30-06-00_0003_101MEDIA_DSCF0996_JPG.rf.6f4c8f41310c1d266f9ea267ece69195.jpg,19,19,correct_match,0.8022395029289553
2024-08-16_07-08-30-06-00_0003_101MEDIA_DSCF0996_JPG.rf.6f4c8f41310c1d266f9ea267ece69195.jpg,19,19,correct_match,0.7234207229082245
2024-08-16_07-08-30-06-00_0003_101MEDIA_DSCF0996_JPG.rf.6f4c8f41310c1d266f9ea267ece69195.jpg,background,52,unmatched_prediction,NA
2024-08-16_07-08-30-06-00_0003_101MEDIA_DSCF0996_JPG.rf.6f4c8f41310c1d266f9ea267ece69195.jpg,background,52,unmatched_prediction,NA
Halichoeres-bivittatus_20_jpeg.rf.b38b999301cb2234ef042c876e1c5c68.jpg,25,25,correct_match,0.9371008380780929
Halichoeres-bivittatus_20_jpeg.rf.b38b999301cb2234ef042c876e1c5c68.jpg,25,25,correct_match,0.7942214173517318
Epinephelus-morio_34_jpeg.rf.60721d2bad67e16a8ebf4f0938869140.jpg,18,18,correct_match,0.9371195501908277
Azurina-cyanea_8_jpg.rf.1a3ddbd621583aa1ca11d008cc0af5fe.jpg,5,5,correct_match,0.9681013409455406
Azurina-cyanea_8_jpg.rf.1a3ddbd621583aa1ca11d008cc0af5fe.jpg,5,background,unmatched_ground_truth,NA
Azurina-cyanea_8_jpg.rf.1a3ddbd621583aa1ca11d008cc0af5fe.jpg,5,background,unmatched_ground_truth,NA
Azurina-cyanea_8_jpg.rf.1a3ddbd621583aa1ca11d008cc0af5fe.jpg,5,background,unmatched_ground_truth,NA
Sparisoma-viride_20_jpeg.rf.bdbd62c048639e5c1c5361523fc6c0c1.jpg,49,49,correct_match,0.8832479129917605
2024-08-16_09-02-38-06-00_0004_102MEDIA_DSCF0024_JPG.rf.c1c86addcae070d1e985d85b055e1568.jpg,9,9,correct_match,0.5937141234649443
2024-08-16_09-02-38-06-00_0004_102MEDIA_DSCF0024_JPG.rf.c1c86addcae070d1e985d85b055e1568.jpg,9,9,correct_match,0.7820781568137787
2024-08-16_09-02-38-06-00_0004_102MEDIA_DSCF0024_JPG.rf.c1c86addcae070d1e985d85b055e1568.jpg,9,9,correct_match,0.9300432277236022
2024-08-16_09-02-38-06-00_0004_102MEDIA_DSCF0024_JPG.rf.c1c86addcae070d1e985d85b055e1568.jpg,9,9,correct_match,0.8174545464881984
2024-08-16_09-02-38-06-00_0004_102MEDIA_DSCF0024_JPG.rf.c1c86addcae070d1e985d85b055e1568.jpg,9,9,correct_match,0.6830866361072667
2024-08-16_09-02-38-06-00_0004_102MEDIA_DSCF0024_JPG.rf.c1c86addcae070d1e985d85b055e1568.jpg,9,background,unmatched_ground_truth,NA
2024-08-16_09-02-38-06-00_0004_102MEDIA_DSCF0024_JPG.rf.c1c86addcae070d1e985d85b055e1568.jpg,9,background,unmatched_ground_truth,NA
2024-08-16_09-02-38-06-00_0004_102MEDIA_DSCF0024_JPG.rf.c1c86addcae070d1e985d85b055e1568.jpg,9,9,correct_match,0.7413999026219513
2024-08-16_09-02-38-06-00_0004_102MEDIA_DSCF0024_JPG.rf.c1c86addcae070d1e985d85b055e1568.jpg,9,9,correct_match,0.8468996574842854
2024-08-16_09-02-38-06-00_0004_102MEDIA_DSCF0024_JPG.rf.c1c86addcae070d1e985d85b055e1568.jpg,9,9,correct_match,0.9347391196410688
2024-08-16_09-02-38-06-00_0004_102MEDIA_DSCF0024_JPG.rf.c1c86addcae070d1e985d85b055e1568.jpg,9,9,correct_match,0.8056538078551733
2024-08-16_09-02-38-06-00_0004_102MEDIA_DSCF0024_JPG.rf.c1c86addcae070d1e985d85b055e1568.jpg,9,background,unmatched_ground_truth,NA
2024-08-16_09-02-38-06-00_0004_102MEDIA_DSCF0024_JPG.rf.c1c86addcae070d1e985d85b055e1568.jpg,9,background,unmatched_ground_truth,NA
2024-08-16_09-02-38-06-00_0004_102MEDIA_DSCF0024_JPG.rf.c1c86addcae070d1e985d85b055e1568.jpg,9,background,unmatched_ground_truth,NA
Halichoeres-bivittatus_45_jpg.rf.50dcfdb443c077d80205df4ce743cf52.jpg,25,25,correct_match,0.8730016205657136
Sparisoma-aurofrenatum_23_jpeg.rf.8c71951e8333f2b5cac9c8c947df6d7a.jpg,45,45,correct_match,0.9092055780516288
Sparisoma-aurofrenatum_23_jpeg.rf.8c71951e8333f2b5cac9c8c947df6d7a.jpg,45,background,unmatched_ground_truth,NA
Scarus-taeniopterus_15_png.rf.f2eb778abe0305429b0bcc1bfd984eb4.jpg,43,41,class_confusion,0.9388172322184852
Scarus-taeniopterus_15_png.rf.f2eb778abe0305429b0bcc1bfd984eb4.jpg,43,41,class_confusion,0.9294211925176488
Nicholsina-usta_13_png.rf.320c148f926144c9c2bc5af815438e8d.jpg,33,18,class_confusion,0.6365395188602302
Cephalopholis-fulva_26_jpeg.rf.dbe19d283197f8c2308d109c962a309e.jpg,background,32,unmatched_prediction,NA
2024-09-03_14-25-08-06-00_0001_103MEDIA_DSCF0402_JPG.rf.4f0d25d262301be1b82477daca2da5bc.jpg,42,background,unmatched_ground_truth,NA
2024-09-03_14-25-08-06-00_0001_103MEDIA_DSCF0402_JPG.rf.4f0d25d262301be1b82477daca2da5bc.jpg,42,background,unmatched_ground_truth,NA
2024-08-19_06-23-28-06-00_0005_103MEDIA_DSCF0372_JPG.rf.a1162c7f298fe000d8b398337e5a8f0a.jpg,30,30,correct_match,0.8612412999390329
2024-08-19_06-23-28-06-00_0005_103MEDIA_DSCF0372_JPG.rf.a1162c7f298fe000d8b398337e5a8f0a.jpg,30,30,correct_match,0.8065568370804698
Bodianus-rufus_6_jpeg.rf.b457ecd91e29bdc7918eddec8be0dc50.jpg,6,26,class_confusion,0.9193883422111698
Bodianus-rufus_6_jpeg.rf.b457ecd91e29bdc7918eddec8be0dc50.jpg,52,background,unmatched_ground_truth,NA
Bodianus-rufus_6_jpeg.rf.b457ecd91e29bdc7918eddec8be0dc50.jpg,52,background,unmatched_ground_truth,NA
Lachnolaimus-maximus_5_png.rf.e4fb3ca790a1df786c204bfa8bc82013.jpg,28,28,correct_match,0.9415402689267441
Lachnolaimus-maximus_5_png.rf.e4fb3ca790a1df786c204bfa8bc82013.jpg,28,background,unmatched_ground_truth,NA
Lachnolaimus-maximus_5_png.rf.e4fb3ca790a1df786c204bfa8bc82013.jpg,28,28,correct_match,0.7519774419000044
Lachnolaimus-maximus_5_png.rf.e4fb3ca790a1df786c204bfa8bc82013.jpg,28,background,unmatched_ground_truth,NA
Lachnolaimus-maximus_5_png.rf.e4fb3ca790a1df786c204bfa8bc82013.jpg,28,28,correct_match,0.8435063475928684
Haemulon-sciurus_40_jpeg.rf.1a0cc20ae3bf0eaf8e3abcb0029f4f9b.jpg,20,24,class_confusion,0.8931853290114152
Haemulon-sciurus_40_jpeg.rf.1a0cc20ae3bf0eaf8e3abcb0029f4f9b.jpg,24,24,correct_match,0.9192465138019552
2024-08-18_17-01-48-06-00_0003_103MEDIA_DSCF0158_JPG.rf.1e9da9cc70a06acc209e4600fb403b65.jpg,8,background,unmatched_ground_truth,NA
2024-08-18_17-01-48-06-00_0003_103MEDIA_DSCF0158_JPG.rf.1e9da9cc70a06acc209e4600fb403b65.jpg,8,8,correct_match,0.9226591508452583
2024-08-18_17-01-48-06-00_0003_103MEDIA_DSCF0158_JPG.rf.1e9da9cc70a06acc209e4600fb403b65.jpg,8,background,unmatched_ground_truth,NA
2024-08-18_17-01-48-06-00_0003_103MEDIA_DSCF0158_JPG.rf.1e9da9cc70a06acc209e4600fb403b65.jpg,8,8,correct_match,0.8804822011431226
2024-08-18_17-01-48-06-00_0003_103MEDIA_DSCF0158_JPG.rf.1e9da9cc70a06acc209e4600fb403b65.jpg,8,8,correct_match,0.8949497091661768
Chromis-scotti_25_jpg.rf.c300a8387ef2ccdc0ccb1a36f5f4f461.jpg,16,16,correct_match,0.9889710065596897
Chromis-scotti_25_jpg.rf.c300a8387ef2ccdc0ccb1a36f5f4f461.jpg,16,16,correct_match,0.7694541395815002
Chromis-scotti_25_jpg.rf.c300a8387ef2ccdc0ccb1a36f5f4f461.jpg,16,16,correct_match,0.9236694072109701
Chromis-scotti_25_jpg.rf.c300a8387ef2ccdc0ccb1a36f5f4f461.jpg,16,16,correct_match,0.8685880278583422
Haemulon-flavolineatum_7_jpg.rf.646633d98869956769396453d73ddca9.jpg,20,20,correct_match,0.9632565713258001
Haemulon-flavolineatum_7_jpg.rf.646633d98869956769396453d73ddca9.jpg,20,20,correct_match,0.7221918862471309
Haemulon-flavolineatum_7_jpg.rf.646633d98869956769396453d73ddca9.jpg,20,20,correct_match,0.6632329804262076
Haemulon-flavolineatum_7_jpg.rf.646633d98869956769396453d73ddca9.jpg,20,20,correct_match,0.8780196492364546
Scarus-taeniopterus_25_jpg.rf.e3f2bff8d752623d4e423890a0e2e7a1.jpg,43,43,correct_match,0.9331368412393484
Scarus-taeniopterus_25_jpg.rf.e3f2bff8d752623d4e423890a0e2e7a1.jpg,43,43,correct_match,0.9133275279578256
Haemulon-sciurus_23_jpeg.rf.ec8fef390243dee7c3100cb65768bd26.jpg,24,24,correct_match,0.8984922991768113
Scarus-coelestinus_33_jpg.rf.c5f2bd91621a8ab18c1fdaafc4493cb9.jpg,38,38,correct_match,0.9208640684612307
Scarus-guacamaia_42_jpeg.rf.7c15b394944d918900937d17f5665f74.jpg,40,40,correct_match,0.9431629297324532
Scarus-guacamaia_42_jpeg.rf.7c15b394944d918900937d17f5665f74.jpg,40,40,correct_match,0.8831647846880515
Acanthurus-coeruleus_12_jpeg.rf.dd7a1555cb6665660059c31526ab616b.jpg,3,3,correct_match,0.92157583869535
Acanthurus-coeruleus_12_jpeg.rf.dd7a1555cb6665660059c31526ab616b.jpg,3,background,unmatched_ground_truth,NA
Acanthurus-coeruleus_12_jpeg.rf.dd7a1555cb6665660059c31526ab616b.jpg,3,3,correct_match,0.9352457743124144
Chaetodon-striatus_44_jpeg.rf.e2adca49bfa46dc0ba4131d7e5c7763c.jpg,15,15,correct_match,0.9342722590945336
Chaetodon-striatus_44_jpeg.rf.e2adca49bfa46dc0ba4131d7e5c7763c.jpg,15,15,correct_match,0.9529101655218893
Chaetodon-striatus_44_jpeg.rf.e2adca49bfa46dc0ba4131d7e5c7763c.jpg,15,background,unmatched_ground_truth,NA
Chaetodon-striatus_44_jpeg.rf.e2adca49bfa46dc0ba4131d7e5c7763c.jpg,15,15,correct_match,0.8695654663002746
Chaetodon-striatus_44_jpeg.rf.e2adca49bfa46dc0ba4131d7e5c7763c.jpg,15,15,correct_match,0.928355507259205
Halichoeres-bivittatus_18_jpeg.rf.840b09529bf388bde4b995b0085b909a.jpg,25,25,correct_match,0.7680655759906521
Mycteroperca-bonaci_8_jpeg.rf.356a2f6c5d2c4f89ef5fbdd5c59a13c1.jpg,32,32,correct_match,0.9369114025571879
Mycteroperca-bonaci_8_jpeg.rf.356a2f6c5d2c4f89ef5fbdd5c59a13c1.jpg,32,background,unmatched_ground_truth,NA
Mycteroperca-bonaci_8_jpeg.rf.356a2f6c5d2c4f89ef5fbdd5c59a13c1.jpg,32,32,correct_match,0.9786561092140016
Mycteroperca-bonaci_8_jpeg.rf.356a2f6c5d2c4f89ef5fbdd5c59a13c1.jpg,32,background,unmatched_ground_truth,NA
2024-08-24_11-00-06-06-00_0004_105MEDIA_DSCF0914_JPG.rf.bef53ac29b49baee28aa2a8c93d98de5.jpg,23,background,unmatched_ground_truth,NA
2024-08-24_11-00-06-06-00_0004_105MEDIA_DSCF0914_JPG.rf.bef53ac29b49baee28aa2a8c93d98de5.jpg,23,background,unmatched_ground_truth,NA
Scarus-guacamaia_16_jpeg.rf.5b19e81a63d64794c0041ab392839922.jpg,40,40,correct_match,0.9454921898099018
Scarus-guacamaia_16_jpeg.rf.5b19e81a63d64794c0041ab392839922.jpg,40,40,correct_match,0.8808562289154138
Scarus-guacamaia_16_jpeg.rf.5b19e81a63d64794c0041ab392839922.jpg,40,background,unmatched_ground_truth,NA
Scarus-guacamaia_16_jpeg.rf.5b19e81a63d64794c0041ab392839922.jpg,40,background,unmatched_ground_truth,NA
Scarus-guacamaia_16_jpeg.rf.5b19e81a63d64794c0041ab392839922.jpg,40,background,unmatched_ground_truth,NA
Scarus-guacamaia_16_jpeg.rf.5b19e81a63d64794c0041ab392839922.jpg,40,background,unmatched_ground_truth,NA
Chaetodon-striatus_35_jpeg.rf.d76b83e947f167a66470556f6998c5d6.jpg,15,15,correct_match,0.94796714995054
Chaetodon-striatus_35_jpeg.rf.d76b83e947f167a66470556f6998c5d6.jpg,15,15,correct_match,0.9377565631798627
2024-08-17_08-41-16-06-00_0003_102MEDIA_DSCF0509_JPG.rf.9d2a148076d883335017b6a5aa836d2e.jpg,1,background,unmatched_ground_truth,NA
2024-08-17_08-41-16-06-00_0003_102MEDIA_DSCF0509_JPG.rf.9d2a148076d883335017b6a5aa836d2e.jpg,19,19,correct_match,0.8422436727050124
2024-08-17_08-41-16-06-00_0003_102MEDIA_DSCF0509_JPG.rf.9d2a148076d883335017b6a5aa836d2e.jpg,1,1,correct_match,0.5073000309086326
2024-08-17_08-41-16-06-00_0003_102MEDIA_DSCF0509_JPG.rf.9d2a148076d883335017b6a5aa836d2e.jpg,19,19,correct_match,0.8655658064419568
2024-08-17_08-41-16-06-00_0003_102MEDIA_DSCF0509_JPG.rf.9d2a148076d883335017b6a5aa836d2e.jpg,background,1,unmatched_prediction,NA
Sparisoma-viride_ip_20_jpg.rf.18ef7a4712377666cb87909db919f8aa.jpg,49,49,correct_match,0.9117343714777931
2024-09-04_15-52-42-06-00_0005_103MEDIA_DSCF0722_JPG.rf.050b1bb590aa89bcb1c58fc365df6356.jpg,4,34,class_confusion,0.8857051284239229
2024-09-04_15-52-42-06-00_0005_103MEDIA_DSCF0722_JPG.rf.050b1bb590aa89bcb1c58fc365df6356.jpg,33,background,unmatched_ground_truth,NA
2024-09-04_15-52-42-06-00_0005_103MEDIA_DSCF0722_JPG.rf.050b1bb590aa89bcb1c58fc365df6356.jpg,4,34,class_confusion,0.8866786912076325
2024-09-04_15-52-42-06-00_0005_103MEDIA_DSCF0722_JPG.rf.050b1bb590aa89bcb1c58fc365df6356.jpg,33,background,unmatched_ground_truth,NA
Sparisoma-aurofrenatum_37_jpeg.rf.a6b2c13cbf8f4f93e8edc462c3653dbd.jpg,45,46,class_confusion,0.8853687567085652
Sparisoma-aurofrenatum_37_jpeg.rf.a6b2c13cbf8f4f93e8edc462c3653dbd.jpg,45,45,correct_match,0.7478988883777031
Sparisoma-aurofrenatum_37_jpeg.rf.a6b2c13cbf8f4f93e8edc462c3653dbd.jpg,45,background,unmatched_ground_truth,NA
Sparisoma-aurofrenatum_37_jpeg.rf.a6b2c13cbf8f4f93e8edc462c3653dbd.jpg,background,45,unmatched_prediction,NA
Rhomboplites-aurorubens_3_jpg.rf.76adf91584c9e08c418d3af068abbbe4.jpg,37,37,correct_match,0.9466186619963749
Rhomboplites-aurorubens_3_jpg.rf.76adf91584c9e08c418d3af068abbbe4.jpg,37,background,unmatched_ground_truth,NA
Rhomboplites-aurorubens_3_jpg.rf.76adf91584c9e08c418d3af068abbbe4.jpg,background,37,unmatched_prediction,NA
Chaetodon-sedentarius_41_jpg.rf.da421d00f5ecc8bb469699988662ba64.jpg,14,background,unmatched_ground_truth,NA
Chaetodon-sedentarius_41_jpg.rf.da421d00f5ecc8bb469699988662ba64.jpg,14,background,unmatched_ground_truth,NA
2024-08-14_13-55-52-06-00_0004_101MEDIA_DSCF0161_JPG.rf.273eec47bcbb73a50d1e5a30d22da7c9.jpg,9,9,correct_match,0.9286374657315974
2024-08-14_13-55-52-06-00_0004_101MEDIA_DSCF0161_JPG.rf.273eec47bcbb73a50d1e5a30d22da7c9.jpg,9,9,correct_match,0.8051551253750444
2024-08-14_13-55-52-06-00_0004_101MEDIA_DSCF0161_JPG.rf.273eec47bcbb73a50d1e5a30d22da7c9.jpg,9,9,correct_match,0.854826570848388
2024-08-14_13-55-52-06-00_0004_101MEDIA_DSCF0161_JPG.rf.273eec47bcbb73a50d1e5a30d22da7c9.jpg,9,9,correct_match,0.8694350382247561
Urobatis-jamaicensis_37_jpeg.rf.95f86fc72ff00b30ab7b1eb329693947.jpg,51,51,correct_match,0.959067587210654
2024-08-19_07-58-52-06-00_0004_103MEDIA_DSCF0445_JPG.rf.ea08145b2eda12ab62f3b4a687c566f3.jpg,4,4,correct_match,0.8745075555502355
2024-08-19_07-58-52-06-00_0004_103MEDIA_DSCF0445_JPG.rf.ea08145b2eda12ab62f3b4a687c566f3.jpg,4,4,correct_match,0.816245611438445
Lachnolaimus-maximus_17_jpeg.rf.67872150529f1a5dd648366664f65ef3.jpg,28,28,correct_match,0.786397669523985
Lachnolaimus-maximus_17_jpeg.rf.67872150529f1a5dd648366664f65ef3.jpg,28,background,unmatched_ground_truth,NA
Acanthurus-coeruleus_6_jpeg.rf.c7b182ade92721cb50620b8af8f8b0ae.jpg,3,3,correct_match,0.9409394758011331
Acanthurus-coeruleus_6_jpeg.rf.c7b182ade92721cb50620b8af8f8b0ae.jpg,3,3,correct_match,0.7937655478877315
Acanthurus-coeruleus_6_jpeg.rf.c7b182ade92721cb50620b8af8f8b0ae.jpg,3,3,correct_match,0.7182549658660032
Scarus-coelestinus_49_jpg.rf.d680e69292500ce4de506c9b0551ec8d.jpg,38,38,correct_match,0.9217448870106563
Lutjanus-jocu_24_jpg.rf.51fcf18ce06a0e922c63824b525e4ac9.jpg,31,31,correct_match,0.9001309221739838
Lutjanus-jocu_24_jpg.rf.51fcf18ce06a0e922c63824b525e4ac9.jpg,31,31,correct_match,0.8898452572163591
Lutjanus-jocu_24_jpg.rf.51fcf18ce06a0e922c63824b525e4ac9.jpg,31,31,correct_match,0.9407564003513437
2025-09-12_14-51-48-06-00_0005_108MEDIA_DSCF0044_JPG.rf.8520cb12943f4f5abc4f05e3b7ef582b.jpg,42,background,unmatched_ground_truth,NA
2025-09-12_14-51-48-06-00_0005_108MEDIA_DSCF0044_JPG.rf.8520cb12943f4f5abc4f05e3b7ef582b.jpg,42,background,unmatched_ground_truth,NA
2024-08-19_07-26-08-06-00_0002_103MEDIA_DSCF0447_JPG.rf.0d7937716fade9e6e3458a71a3dc90d3.jpg,22,22,correct_match,0.9465534343881299
2024-08-19_07-26-08-06-00_0002_103MEDIA_DSCF0447_JPG.rf.0d7937716fade9e6e3458a71a3dc90d3.jpg,22,22,correct_match,0.8171643739528048
2024-08-19_07-26-08-06-00_0002_103MEDIA_DSCF0447_JPG.rf.0d7937716fade9e6e3458a71a3dc90d3.jpg,22,22,correct_match,0.9098145121852407
2024-08-19_07-26-08-06-00_0002_103MEDIA_DSCF0447_JPG.rf.0d7937716fade9e6e3458a71a3dc90d3.jpg,22,22,correct_match,0.5769285168973962
2024-08-19_07-26-08-06-00_0002_103MEDIA_DSCF0447_JPG.rf.0d7937716fade9e6e3458a71a3dc90d3.jpg,22,22,correct_match,0.8463249918530159
2024-08-19_07-26-08-06-00_0002_103MEDIA_DSCF0447_JPG.rf.0d7937716fade9e6e3458a71a3dc90d3.jpg,22,22,correct_match,0.9368538733738827
2024-08-19_07-26-08-06-00_0002_103MEDIA_DSCF0447_JPG.rf.0d7937716fade9e6e3458a71a3dc90d3.jpg,22,background,unmatched_ground_truth,NA
2024-08-19_07-26-08-06-00_0002_103MEDIA_DSCF0447_JPG.rf.0d7937716fade9e6e3458a71a3dc90d3.jpg,22,22,correct_match,0.7602595455484848
2024-08-19_07-26-08-06-00_0002_103MEDIA_DSCF0447_JPG.rf.0d7937716fade9e6e3458a71a3dc90d3.jpg,22,22,correct_match,0.7786155272054108
2024-08-19_07-26-08-06-00_0002_103MEDIA_DSCF0447_JPG.rf.0d7937716fade9e6e3458a71a3dc90d3.jpg,22,background,unmatched_ground_truth,NA
2024-08-19_07-26-08-06-00_0002_103MEDIA_DSCF0447_JPG.rf.0d7937716fade9e6e3458a71a3dc90d3.jpg,30,30,correct_match,0.9436665016241258
2024-08-19_07-26-08-06-00_0002_103MEDIA_DSCF0447_JPG.rf.0d7937716fade9e6e3458a71a3dc90d3.jpg,22,22,correct_match,0.8931194995160283
2024-08-19_07-26-08-06-00_0002_103MEDIA_DSCF0447_JPG.rf.0d7937716fade9e6e3458a71a3dc90d3.jpg,30,30,correct_match,0.8396602157275227
2024-08-19_07-26-08-06-00_0002_103MEDIA_DSCF0447_JPG.rf.0d7937716fade9e6e3458a71a3dc90d3.jpg,22,background,unmatched_ground_truth,NA
2024-08-19_07-26-08-06-00_0002_103MEDIA_DSCF0447_JPG.rf.0d7937716fade9e6e3458a71a3dc90d3.jpg,22,22,correct_match,0.8626151834758767
2024-08-19_07-26-08-06-00_0002_103MEDIA_DSCF0447_JPG.rf.0d7937716fade9e6e3458a71a3dc90d3.jpg,22,22,correct_match,0.8957202451985959
2024-08-19_07-26-08-06-00_0002_103MEDIA_DSCF0447_JPG.rf.0d7937716fade9e6e3458a71a3dc90d3.jpg,22,background,unmatched_ground_truth,NA
2024-08-19_07-26-08-06-00_0002_103MEDIA_DSCF0447_JPG.rf.0d7937716fade9e6e3458a71a3dc90d3.jpg,22,22,correct_match,0.8172752736995071
2024-08-19_07-26-08-06-00_0002_103MEDIA_DSCF0447_JPG.rf.0d7937716fade9e6e3458a71a3dc90d3.jpg,22,22,correct_match,0.8787124936167288
2024-08-19_07-26-08-06-00_0002_103MEDIA_DSCF0447_JPG.rf.0d7937716fade9e6e3458a71a3dc90d3.jpg,22,22,correct_match,0.5904383968723925
2024-08-19_07-26-08-06-00_0002_103MEDIA_DSCF0447_JPG.rf.0d7937716fade9e6e3458a71a3dc90d3.jpg,22,22,correct_match,0.9071541992472885
2024-08-19_07-26-08-06-00_0002_103MEDIA_DSCF0447_JPG.rf.0d7937716fade9e6e3458a71a3dc90d3.jpg,22,22,correct_match,0.957058132987059
2024-08-19_07-26-08-06-00_0002_103MEDIA_DSCF0447_JPG.rf.0d7937716fade9e6e3458a71a3dc90d3.jpg,22,22,correct_match,0.9528038677118595
2024-08-19_07-26-08-06-00_0002_103MEDIA_DSCF0447_JPG.rf.0d7937716fade9e6e3458a71a3dc90d3.jpg,22,background,unmatched_ground_truth,NA
2024-08-19_07-26-08-06-00_0002_103MEDIA_DSCF0447_JPG.rf.0d7937716fade9e6e3458a71a3dc90d3.jpg,22,22,correct_match,0.5968038140947608
2024-08-19_07-26-08-06-00_0002_103MEDIA_DSCF0447_JPG.rf.0d7937716fade9e6e3458a71a3dc90d3.jpg,22,22,correct_match,0.9027339589000907
2024-08-19_07-26-08-06-00_0002_103MEDIA_DSCF0447_JPG.rf.0d7937716fade9e6e3458a71a3dc90d3.jpg,22,22,correct_match,0.9355557376319504
2024-08-19_07-26-08-06-00_0002_103MEDIA_DSCF0447_JPG.rf.0d7937716fade9e6e3458a71a3dc90d3.jpg,22,22,correct_match,0.8470208664017749
2024-08-19_07-26-08-06-00_0002_103MEDIA_DSCF0447_JPG.rf.0d7937716fade9e6e3458a71a3dc90d3.jpg,22,22,correct_match,0.7923810369441262
2024-08-19_07-26-08-06-00_0002_103MEDIA_DSCF0447_JPG.rf.0d7937716fade9e6e3458a71a3dc90d3.jpg,22,22,correct_match,0.8056409620649032
2024-08-19_07-26-08-06-00_0002_103MEDIA_DSCF0447_JPG.rf.0d7937716fade9e6e3458a71a3dc90d3.jpg,22,background,unmatched_ground_truth,NA
2024-08-19_07-26-08-06-00_0002_103MEDIA_DSCF0447_JPG.rf.0d7937716fade9e6e3458a71a3dc90d3.jpg,30,30,correct_match,0.8839462988323586
2024-08-19_07-26-08-06-00_0002_103MEDIA_DSCF0447_JPG.rf.0d7937716fade9e6e3458a71a3dc90d3.jpg,22,22,correct_match,0.7624687037684336
2024-08-19_07-26-08-06-00_0002_103MEDIA_DSCF0447_JPG.rf.0d7937716fade9e6e3458a71a3dc90d3.jpg,30,background,unmatched_ground_truth,NA
2024-08-19_07-26-08-06-00_0002_103MEDIA_DSCF0447_JPG.rf.0d7937716fade9e6e3458a71a3dc90d3.jpg,22,22,correct_match,0.6759671433399814
2024-08-19_07-26-08-06-00_0002_103MEDIA_DSCF0447_JPG.rf.0d7937716fade9e6e3458a71a3dc90d3.jpg,22,background,unmatched_ground_truth,NA
2024-08-19_07-26-08-06-00_0002_103MEDIA_DSCF0447_JPG.rf.0d7937716fade9e6e3458a71a3dc90d3.jpg,22,background,unmatched_ground_truth,NA
2024-08-19_07-26-08-06-00_0002_103MEDIA_DSCF0447_JPG.rf.0d7937716fade9e6e3458a71a3dc90d3.jpg,22,background,unmatched_ground_truth,NA
2024-08-19_07-26-08-06-00_0002_103MEDIA_DSCF0447_JPG.rf.0d7937716fade9e6e3458a71a3dc90d3.jpg,22,22,correct_match,0.8770752187520859
2024-08-19_07-26-08-06-00_0002_103MEDIA_DSCF0447_JPG.rf.0d7937716fade9e6e3458a71a3dc90d3.jpg,22,background,unmatched_ground_truth,NA
2024-08-19_07-26-08-06-00_0002_103MEDIA_DSCF0447_JPG.rf.0d7937716fade9e6e3458a71a3dc90d3.jpg,22,background,unmatched_ground_truth,NA
2024-08-19_07-26-08-06-00_0002_103MEDIA_DSCF0447_JPG.rf.0d7937716fade9e6e3458a71a3dc90d3.jpg,22,22,correct_match,0.6692480334214208
2024-08-19_07-26-08-06-00_0002_103MEDIA_DSCF0447_JPG.rf.0d7937716fade9e6e3458a71a3dc90d3.jpg,22,22,correct_match,0.8416373817712214
2024-08-19_07-26-08-06-00_0002_103MEDIA_DSCF0447_JPG.rf.0d7937716fade9e6e3458a71a3dc90d3.jpg,22,background,unmatched_ground_truth,NA
2024-08-19_07-26-08-06-00_0002_103MEDIA_DSCF0447_JPG.rf.0d7937716fade9e6e3458a71a3dc90d3.jpg,background,22,unmatched_prediction,NA
2024-08-19_07-26-08-06-00_0002_103MEDIA_DSCF0447_JPG.rf.0d7937716fade9e6e3458a71a3dc90d3.jpg,background,22,unmatched_prediction,NA
2024-08-19_07-26-08-06-00_0002_103MEDIA_DSCF0447_JPG.rf.0d7937716fade9e6e3458a71a3dc90d3.jpg,background,22,unmatched_prediction,NA
2024-08-19_07-26-08-06-00_0002_103MEDIA_DSCF0447_JPG.rf.0d7937716fade9e6e3458a71a3dc90d3.jpg,background,22,unmatched_prediction,NA
2024-08-19_07-26-08-06-00_0002_103MEDIA_DSCF0447_JPG.rf.0d7937716fade9e6e3458a71a3dc90d3.jpg,background,22,unmatched_prediction,NA
2024-08-19_07-26-08-06-00_0002_103MEDIA_DSCF0447_JPG.rf.0d7937716fade9e6e3458a71a3dc90d3.jpg,background,22,unmatched_prediction,NA
2024-08-19_07-26-08-06-00_0002_103MEDIA_DSCF0447_JPG.rf.0d7937716fade9e6e3458a71a3dc90d3.jpg,background,22,unmatched_prediction,NA
Calamus-bajonado_15_jpg.rf.2173a872070386e5ffd6e29212c58fae.jpg,7,7,correct_match,0.9111651120207167
Calamus-bajonado_15_jpg.rf.2173a872070386e5ffd6e29212c58fae.jpg,7,background,unmatched_ground_truth,NA
Calamus-bajonado_15_jpg.rf.2173a872070386e5ffd6e29212c58fae.jpg,7,background,unmatched_ground_truth,NA
2024-08-19_06-52-42-06-00_0003_103MEDIA_DSCF0435_JPG.rf.b77ab15035d8b75f799e2374b1df02cc.jpg,26,background,unmatched_ground_truth,NA
2024-08-19_06-52-42-06-00_0003_103MEDIA_DSCF0435_JPG.rf.b77ab15035d8b75f799e2374b1df02cc.jpg,26,26,correct_match,0.8454678544198222
2024-08-19_06-52-42-06-00_0003_103MEDIA_DSCF0435_JPG.rf.b77ab15035d8b75f799e2374b1df02cc.jpg,background,1,unmatched_prediction,NA
2024-08-19_06-52-42-06-00_0003_103MEDIA_DSCF0435_JPG.rf.b77ab15035d8b75f799e2374b1df02cc.jpg,background,1,unmatched_prediction,NA
Cephalopholis-cruentata_29_jpeg.rf.bcc65c0454229fbddb438c47c9e7c637.jpg,11,background,unmatched_ground_truth,NA
Cephalopholis-cruentata_29_jpeg.rf.bcc65c0454229fbddb438c47c9e7c637.jpg,11,background,unmatched_ground_truth,NA
Cephalopholis-cruentata_29_jpeg.rf.bcc65c0454229fbddb438c47c9e7c637.jpg,11,11,correct_match,0.945902048241847
2024-08-19_07-13-50-06-00_0004_103MEDIA_DSCF0430_JPG.rf.2b4a2c0416b2cb8773fdcdba21e33199.jpg,4,4,correct_match,0.7964134985298746
2024-08-19_07-13-50-06-00_0004_103MEDIA_DSCF0430_JPG.rf.2b4a2c0416b2cb8773fdcdba21e33199.jpg,4,4,correct_match,0.8513067514916747
2024-08-23_14-55-40-06-00_0005_105MEDIA_DSCF0470_JPG.rf.b05cfe19919fdc4b81789cdd957fba78.jpg,23,background,unmatched_ground_truth,NA
2024-08-23_14-55-40-06-00_0005_105MEDIA_DSCF0470_JPG.rf.b05cfe19919fdc4b81789cdd957fba78.jpg,23,background,unmatched_ground_truth,NA
2024-08-31_07-11-02-06-00_0004_101MEDIA_DSCF0628_JPG.rf.2fa40566e9540029e41956a584a18c9e.jpg,17,17,correct_match,0.920367673447608
2024-08-31_07-11-02-06-00_0004_101MEDIA_DSCF0628_JPG.rf.2fa40566e9540029e41956a584a18c9e.jpg,17,17,correct_match,0.9717506109751127
2024-08-18_10-43-56-06-00_0003_103MEDIA_DSCF0032_JPG.rf.0b008e18da7134780f6dac109212b988.jpg,34,34,correct_match,0.9106945615843829
2024-08-18_10-43-56-06-00_0003_103MEDIA_DSCF0032_JPG.rf.0b008e18da7134780f6dac109212b988.jpg,34,34,correct_match,0.9377440727675955
Diodon-holocanthus_7_jpg.rf.e94a6a60eb738206ec3d375615beb4f4.jpg,17,17,correct_match,0.9571114653403571
Diodon-holocanthus_7_jpg.rf.e94a6a60eb738206ec3d375615beb4f4.jpg,17,17,correct_match,0.9590778396282575
Sparisoma-aurofrenatum_3_jpeg.rf.1c25c48f501bbb0b544cdb69e9295992.jpg,45,45,correct_match,0.9533110375156423
Sparisoma-aurofrenatum_3_jpeg.rf.1c25c48f501bbb0b544cdb69e9295992.jpg,45,background,unmatched_ground_truth,NA
Sparisoma-chrysopterum_51_jpeg.rf.20ca4689b2e0e6953335f6aebf5504e3.jpg,46,46,correct_match,0.9256055321244129
Sparisoma-chrysopterum_51_jpeg.rf.20ca4689b2e0e6953335f6aebf5504e3.jpg,46,46,correct_match,0.8790244677893175
2024-08-28_16-03-34-06-00_0002_100MEDIA_DSCF0549_JPG.rf.00f39ec1f9c8db52d193ad0054c4514b.jpg,47,34,class_confusion,0.9108707477553123
2024-08-28_16-03-34-06-00_0002_100MEDIA_DSCF0549_JPG.rf.00f39ec1f9c8db52d193ad0054c4514b.jpg,47,34,class_confusion,0.8648879899265254
Chaetodon-ocellatus_45_jpeg.rf.5dbe23ab80692556e52025e262e07bd8.jpg,13,13,correct_match,0.7969058769594085
Chaetodon-ocellatus_45_jpeg.rf.5dbe23ab80692556e52025e262e07bd8.jpg,13,13,correct_match,0.895093188227227
Chaetodon-ocellatus_45_jpeg.rf.5dbe23ab80692556e52025e262e07bd8.jpg,13,13,correct_match,0.7272673839842605
Chaetodon-ocellatus_45_jpeg.rf.5dbe23ab80692556e52025e262e07bd8.jpg,13,13,correct_match,0.6449184702817276
Chaetodon-ocellatus_45_jpeg.rf.5dbe23ab80692556e52025e262e07bd8.jpg,background,52,unmatched_prediction,NA
Chaetodon-ocellatus_45_jpeg.rf.5dbe23ab80692556e52025e262e07bd8.jpg,background,52,unmatched_prediction,NA
2024-08-23_14-59-44-06-00_0004_105MEDIA_DSCF0512_JPG.rf.88fd004f7107af10fe81dd38da673c1c.jpg,23,34,class_confusion,0.7363179516313796
2024-08-23_14-59-44-06-00_0004_105MEDIA_DSCF0512_JPG.rf.88fd004f7107af10fe81dd38da673c1c.jpg,23,34,class_confusion,0.9182433311452803
Scarus-vetula_13_jpeg.rf.e10b4f4da7371fc3300f2c6993521506.jpg,44,44,correct_match,0.9008184398117438
Scarus-vetula_13_jpeg.rf.e10b4f4da7371fc3300f2c6993521506.jpg,44,background,unmatched_ground_truth,NA
Acanthurus-chirurgus_9_jpg.rf.920b09062b7856a073b6c822ed0dd37c.jpg,2,2,correct_match,0.9481529855337271
Acanthurus-chirurgus_9_jpg.rf.920b09062b7856a073b6c822ed0dd37c.jpg,2,2,correct_match,0.9072200895279569
Sparisoma-chrysopterum_28_jpeg.rf.e928590e459fc4adf4a773a9e9ce44de.jpg,46,48,class_confusion,0.8026123134547957
2024-08-23_09-48-04-06-00_0003_105MEDIA_DSCF0416_JPG.rf.b2e16e61dc1ce298ec8a7bd167b7920d.jpg,47,47,correct_match,0.9414315613078387
2024-08-23_09-48-04-06-00_0003_105MEDIA_DSCF0416_JPG.rf.b2e16e61dc1ce298ec8a7bd167b7920d.jpg,4,background,unmatched_ground_truth,NA
2024-08-23_09-48-04-06-00_0003_105MEDIA_DSCF0416_JPG.rf.b2e16e61dc1ce298ec8a7bd167b7920d.jpg,1,1,correct_match,0.6076610217870274
2024-08-23_09-48-04-06-00_0003_105MEDIA_DSCF0416_JPG.rf.b2e16e61dc1ce298ec8a7bd167b7920d.jpg,47,47,correct_match,0.9440042913829954
2024-08-23_09-48-04-06-00_0003_105MEDIA_DSCF0416_JPG.rf.b2e16e61dc1ce298ec8a7bd167b7920d.jpg,4,background,unmatched_ground_truth,NA
2024-08-23_09-48-04-06-00_0003_105MEDIA_DSCF0416_JPG.rf.b2e16e61dc1ce298ec8a7bd167b7920d.jpg,1,1,correct_match,0.6394659873821028
Scarus-vetula_28_jpg.rf.e0c9f3ba5f1166b29a2fa47ebb6e9d75.jpg,44,46,class_confusion,0.8889080511965356
Scarus-vetula_28_jpg.rf.e0c9f3ba5f1166b29a2fa47ebb6e9d75.jpg,44,46,class_confusion,0.8514834945443075
Sparisoma-chrysopterum_32_jpg.rf.f1bb87f6b0921e861d1f372d16b9e130.jpg,46,46,correct_match,0.9329048772051014
Sparisoma-chrysopterum_32_jpg.rf.f1bb87f6b0921e861d1f372d16b9e130.jpg,46,background,unmatched_ground_truth,NA
Sparisoma-chrysopterum_32_jpg.rf.f1bb87f6b0921e861d1f372d16b9e130.jpg,46,background,unmatched_ground_truth,NA
2024-08-16_17-44-30-06-00_0002_102MEDIA_DSCF0209_JPG.rf.347c6a3ab16d34b9d15727a89a805887.jpg,4,1,class_confusion,0.666711002149461
2024-08-16_17-44-30-06-00_0002_102MEDIA_DSCF0209_JPG.rf.347c6a3ab16d34b9d15727a89a805887.jpg,30,30,correct_match,0.8963170916289948
2024-08-16_17-44-30-06-00_0002_102MEDIA_DSCF0209_JPG.rf.347c6a3ab16d34b9d15727a89a805887.jpg,4,background,unmatched_ground_truth,NA
2024-08-16_17-44-30-06-00_0002_102MEDIA_DSCF0209_JPG.rf.347c6a3ab16d34b9d15727a89a805887.jpg,30,30,correct_match,0.8979088391820134
Kyphosus-vaigiensis_41_jpeg.rf.7a8f593c2135b99f2b3d84131a714590.jpg,27,background,unmatched_ground_truth,NA
Kyphosus-vaigiensis_41_jpeg.rf.7a8f593c2135b99f2b3d84131a714590.jpg,27,27,correct_match,0.9624911228471315
Acanthurus-tractus_35_jpeg.rf.06128de613bcaa5aa9ed00361ca8540d.jpg,6,background,unmatched_ground_truth,NA
Acanthurus-tractus_35_jpeg.rf.06128de613bcaa5aa9ed00361ca8540d.jpg,background,1,unmatched_prediction,NA
2024-08-17_06-02-20-06-00_0002_102MEDIA_DSCF0456_JPG.rf.561fc337ccb85048938678904d73bda8.jpg,30,30,correct_match,0.905330534414737
2024-08-17_06-02-20-06-00_0002_102MEDIA_DSCF0456_JPG.rf.561fc337ccb85048938678904d73bda8.jpg,30,30,correct_match,0.9022991331249357
2024-08-17_06-02-20-06-00_0002_102MEDIA_DSCF0456_JPG.rf.561fc337ccb85048938678904d73bda8.jpg,30,30,correct_match,0.853172367022639
2024-08-17_06-02-20-06-00_0002_102MEDIA_DSCF0456_JPG.rf.561fc337ccb85048938678904d73bda8.jpg,30,30,correct_match,0.8310306700917796
2024-08-17_06-02-20-06-00_0002_102MEDIA_DSCF0456_JPG.rf.561fc337ccb85048938678904d73bda8.jpg,30,30,correct_match,0.8067274777424546
2024-08-17_06-02-20-06-00_0002_102MEDIA_DSCF0456_JPG.rf.561fc337ccb85048938678904d73bda8.jpg,30,30,correct_match,0.8000575330345688
2024-08-17_06-02-20-06-00_0002_102MEDIA_DSCF0456_JPG.rf.561fc337ccb85048938678904d73bda8.jpg,30,30,correct_match,0.7344336666953633
2024-08-17_06-02-20-06-00_0002_102MEDIA_DSCF0456_JPG.rf.561fc337ccb85048938678904d73bda8.jpg,30,30,correct_match,0.8330490852039668
2024-08-17_06-02-20-06-00_0002_102MEDIA_DSCF0456_JPG.rf.561fc337ccb85048938678904d73bda8.jpg,30,30,correct_match,0.7401756373214601
2024-08-17_06-02-20-06-00_0002_102MEDIA_DSCF0456_JPG.rf.561fc337ccb85048938678904d73bda8.jpg,30,30,correct_match,0.7653604527902533
2024-08-17_06-02-20-06-00_0002_102MEDIA_DSCF0456_JPG.rf.561fc337ccb85048938678904d73bda8.jpg,30,30,correct_match,0.8769603523759194
2024-08-17_06-02-20-06-00_0002_102MEDIA_DSCF0456_JPG.rf.561fc337ccb85048938678904d73bda8.jpg,30,30,correct_match,0.7078945527273802
2024-08-17_06-02-20-06-00_0002_102MEDIA_DSCF0456_JPG.rf.561fc337ccb85048938678904d73bda8.jpg,30,30,correct_match,0.8871471812628222
2024-08-17_06-02-20-06-00_0002_102MEDIA_DSCF0456_JPG.rf.561fc337ccb85048938678904d73bda8.jpg,30,30,correct_match,0.8874960100209901
2024-08-17_06-02-20-06-00_0002_102MEDIA_DSCF0456_JPG.rf.561fc337ccb85048938678904d73bda8.jpg,30,30,correct_match,0.8416889686750063
2024-08-17_06-02-20-06-00_0002_102MEDIA_DSCF0456_JPG.rf.561fc337ccb85048938678904d73bda8.jpg,30,30,correct_match,0.8296793754952824
2024-08-17_06-02-20-06-00_0002_102MEDIA_DSCF0456_JPG.rf.561fc337ccb85048938678904d73bda8.jpg,30,30,correct_match,0.8411338676091996
2024-08-17_06-02-20-06-00_0002_102MEDIA_DSCF0456_JPG.rf.561fc337ccb85048938678904d73bda8.jpg,30,30,correct_match,0.8217657921646935
2024-08-17_06-02-20-06-00_0002_102MEDIA_DSCF0456_JPG.rf.561fc337ccb85048938678904d73bda8.jpg,30,30,correct_match,0.7314576879981821
2024-08-17_06-02-20-06-00_0002_102MEDIA_DSCF0456_JPG.rf.561fc337ccb85048938678904d73bda8.jpg,30,background,unmatched_ground_truth,NA
2024-08-17_06-02-20-06-00_0002_102MEDIA_DSCF0456_JPG.rf.561fc337ccb85048938678904d73bda8.jpg,30,30,correct_match,0.722875182894705
2024-08-17_06-02-20-06-00_0002_102MEDIA_DSCF0456_JPG.rf.561fc337ccb85048938678904d73bda8.jpg,30,30,correct_match,0.8498974910754616
2024-08-17_06-02-20-06-00_0002_102MEDIA_DSCF0456_JPG.rf.561fc337ccb85048938678904d73bda8.jpg,30,30,correct_match,0.8293675723692225
2024-08-17_06-02-20-06-00_0002_102MEDIA_DSCF0456_JPG.rf.561fc337ccb85048938678904d73bda8.jpg,30,30,correct_match,0.7229269635172212
2024-08-17_06-02-20-06-00_0002_102MEDIA_DSCF0456_JPG.rf.561fc337ccb85048938678904d73bda8.jpg,background,30,unmatched_prediction,NA
2024-08-14_16-31-58-06-00_0004_101MEDIA_DSCF0213_JPG.rf.8f210c597aeffa577e1bb1564ae75eba.jpg,22,22,correct_match,0.7690671884288175
2024-08-14_16-31-58-06-00_0004_101MEDIA_DSCF0213_JPG.rf.8f210c597aeffa577e1bb1564ae75eba.jpg,36,background,unmatched_ground_truth,NA
2024-08-14_16-31-58-06-00_0004_101MEDIA_DSCF0213_JPG.rf.8f210c597aeffa577e1bb1564ae75eba.jpg,22,52,class_confusion,0.8481264855554207
2024-08-14_16-31-58-06-00_0004_101MEDIA_DSCF0213_JPG.rf.8f210c597aeffa577e1bb1564ae75eba.jpg,36,background,unmatched_ground_truth,NA
2024-08-14_16-31-58-06-00_0004_101MEDIA_DSCF0213_JPG.rf.8f210c597aeffa577e1bb1564ae75eba.jpg,background,22,unmatched_prediction,NA
2024-08-23_09-56-08-06-00_0002_105MEDIA_DSCF0423_JPG.rf.d51224cb4a38cabe1a1215542d532b20.jpg,30,30,correct_match,0.8700357831923381
2024-08-23_09-56-08-06-00_0002_105MEDIA_DSCF0423_JPG.rf.d51224cb4a38cabe1a1215542d532b20.jpg,30,30,correct_match,0.8686845357331182
2024-08-23_09-56-08-06-00_0002_105MEDIA_DSCF0423_JPG.rf.d51224cb4a38cabe1a1215542d532b20.jpg,background,21,unmatched_prediction,NA
2024-08-23_09-56-08-06-00_0002_105MEDIA_DSCF0423_JPG.rf.d51224cb4a38cabe1a1215542d532b20.jpg,background,21,unmatched_prediction,NA
2024-08-23_09-56-08-06-00_0002_105MEDIA_DSCF0423_JPG.rf.d51224cb4a38cabe1a1215542d532b20.jpg,background,21,unmatched_prediction,NA
2024-08-23_09-56-08-06-00_0002_105MEDIA_DSCF0423_JPG.rf.d51224cb4a38cabe1a1215542d532b20.jpg,background,21,unmatched_prediction,NA
2024-08-17_06-23-32-06-00_0003_102MEDIA_DSCF0463_JPG.rf.4b46215a3e7d9027b48ac8ba0f8aeb8e.jpg,19,19,correct_match,0.8527374236659739
2024-08-17_06-23-32-06-00_0003_102MEDIA_DSCF0463_JPG.rf.4b46215a3e7d9027b48ac8ba0f8aeb8e.jpg,1,1,correct_match,0.7628890492882681
2024-08-17_06-23-32-06-00_0003_102MEDIA_DSCF0463_JPG.rf.4b46215a3e7d9027b48ac8ba0f8aeb8e.jpg,1,1,correct_match,0.6785466866800074
2024-08-17_06-23-32-06-00_0003_102MEDIA_DSCF0463_JPG.rf.4b46215a3e7d9027b48ac8ba0f8aeb8e.jpg,1,1,correct_match,0.6648344041026929
2024-08-17_06-23-32-06-00_0003_102MEDIA_DSCF0463_JPG.rf.4b46215a3e7d9027b48ac8ba0f8aeb8e.jpg,19,19,correct_match,0.8420863971647966
2024-08-17_06-23-32-06-00_0003_102MEDIA_DSCF0463_JPG.rf.4b46215a3e7d9027b48ac8ba0f8aeb8e.jpg,1,background,unmatched_ground_truth,NA
2024-08-17_06-23-32-06-00_0003_102MEDIA_DSCF0463_JPG.rf.4b46215a3e7d9027b48ac8ba0f8aeb8e.jpg,1,1,correct_match,0.6634110839124381
2024-08-17_06-23-32-06-00_0003_102MEDIA_DSCF0463_JPG.rf.4b46215a3e7d9027b48ac8ba0f8aeb8e.jpg,1,1,correct_match,0.7376568651701589
Lutjanus-jocu_12_jpg.rf.3afe81d16dfed3b68e86d1d4f547f0a8.jpg,31,31,correct_match,0.9709328744352559
Lutjanus-jocu_12_jpg.rf.3afe81d16dfed3b68e86d1d4f547f0a8.jpg,31,background,unmatched_ground_truth,NA
Lutjanus-jocu_12_jpg.rf.3afe81d16dfed3b68e86d1d4f547f0a8.jpg,31,background,unmatched_ground_truth,NA
Halichoeres-bivittatus_27_jpeg.rf.3fbde1288e1de559cb1c1492ba13e132.jpg,25,25,correct_match,0.8798207885144855
Scarus-iseri_tp_36_jpeg.rf.7aa5bb2f910edb812093c85466058b38.jpg,41,41,correct_match,0.9543667565905236
Scarus-iseri_tp_36_jpeg.rf.7aa5bb2f910edb812093c85466058b38.jpg,41,background,unmatched_ground_truth,NA
Scarus-iseri_tp_36_jpeg.rf.7aa5bb2f910edb812093c85466058b38.jpg,41,41,correct_match,0.9388513121659258
Mycteroperca-bonaci_43_jpg.rf.5e2ba3df90767f3386fcae401aa94d06.jpg,32,32,correct_match,0.9143354909984889
Mycteroperca-bonaci_43_jpg.rf.5e2ba3df90767f3386fcae401aa94d06.jpg,32,32,correct_match,0.7874830858336973
Mycteroperca-bonaci_43_jpg.rf.5e2ba3df90767f3386fcae401aa94d06.jpg,32,32,correct_match,0.796246364469315
Mycteroperca-bonaci_43_jpg.rf.5e2ba3df90767f3386fcae401aa94d06.jpg,32,32,correct_match,0.8364347851570635
2024-08-14_17-01-58-06-00_0004_101MEDIA_DSCF0223_JPG.rf.1610074487d0f5fd89f5d9d22626652d.jpg,4,4,correct_match,0.8662991648613994
2024-08-14_17-01-58-06-00_0004_101MEDIA_DSCF0223_JPG.rf.1610074487d0f5fd89f5d9d22626652d.jpg,4,4,correct_match,0.9228597793183356
2024-08-17_06-52-38-06-00_0004_102MEDIA_DSCF0460_JPG.rf.24c91e871604db717619161ea68d5ffa.jpg,35,background,unmatched_ground_truth,NA
2024-08-17_06-52-38-06-00_0004_102MEDIA_DSCF0460_JPG.rf.24c91e871604db717619161ea68d5ffa.jpg,9,9,correct_match,0.8806612350187939
2024-08-17_06-52-38-06-00_0004_102MEDIA_DSCF0460_JPG.rf.24c91e871604db717619161ea68d5ffa.jpg,9,9,correct_match,0.848249622688522
2024-08-17_06-52-38-06-00_0004_102MEDIA_DSCF0460_JPG.rf.24c91e871604db717619161ea68d5ffa.jpg,9,9,correct_match,0.9225521564711683
2024-08-17_06-52-38-06-00_0004_102MEDIA_DSCF0460_JPG.rf.24c91e871604db717619161ea68d5ffa.jpg,9,9,correct_match,0.8928657450856254
2024-08-17_06-52-38-06-00_0004_102MEDIA_DSCF0460_JPG.rf.24c91e871604db717619161ea68d5ffa.jpg,35,35,correct_match,0.8910485639346942
2024-08-17_06-52-38-06-00_0004_102MEDIA_DSCF0460_JPG.rf.24c91e871604db717619161ea68d5ffa.jpg,35,background,unmatched_ground_truth,NA
2024-08-17_06-52-38-06-00_0004_102MEDIA_DSCF0460_JPG.rf.24c91e871604db717619161ea68d5ffa.jpg,9,9,correct_match,0.8385775928134386
2024-08-17_06-52-38-06-00_0004_102MEDIA_DSCF0460_JPG.rf.24c91e871604db717619161ea68d5ffa.jpg,9,9,correct_match,0.8581814376123237
2024-08-17_06-52-38-06-00_0004_102MEDIA_DSCF0460_JPG.rf.24c91e871604db717619161ea68d5ffa.jpg,9,9,correct_match,0.889485603859458
2024-08-17_06-52-38-06-00_0004_102MEDIA_DSCF0460_JPG.rf.24c91e871604db717619161ea68d5ffa.jpg,9,9,correct_match,0.7660026778183602
2024-08-17_06-52-38-06-00_0004_102MEDIA_DSCF0460_JPG.rf.24c91e871604db717619161ea68d5ffa.jpg,35,35,correct_match,0.9427060717869096
Scarus-guacamaia_3_jpeg.rf.13c2c7d8bc795ff1c69e17928a363fac.jpg,40,40,correct_match,0.9682364496250923
2024-08-17_06-23-20-06-00_0002_102MEDIA_DSCF0463_JPG.rf.9f26445b470cb726708430cebc2c781c.jpg,30,30,correct_match,0.8928492075347483
2024-08-17_06-23-20-06-00_0002_102MEDIA_DSCF0463_JPG.rf.9f26445b470cb726708430cebc2c781c.jpg,30,30,correct_match,0.8733923025461199
2024-08-17_06-23-20-06-00_0002_102MEDIA_DSCF0463_JPG.rf.9f26445b470cb726708430cebc2c781c.jpg,30,30,correct_match,0.724531222125761
2024-08-17_06-23-20-06-00_0002_102MEDIA_DSCF0463_JPG.rf.9f26445b470cb726708430cebc2c781c.jpg,30,30,correct_match,0.6779215117352694
2024-08-17_06-23-20-06-00_0002_102MEDIA_DSCF0463_JPG.rf.9f26445b470cb726708430cebc2c781c.jpg,30,background,unmatched_ground_truth,NA
2024-08-17_06-23-20-06-00_0002_102MEDIA_DSCF0463_JPG.rf.9f26445b470cb726708430cebc2c781c.jpg,30,30,correct_match,0.7084665013099257
2024-08-17_06-23-20-06-00_0002_102MEDIA_DSCF0463_JPG.rf.9f26445b470cb726708430cebc2c781c.jpg,30,30,correct_match,0.7757444398916749
2024-08-17_06-23-20-06-00_0002_102MEDIA_DSCF0463_JPG.rf.9f26445b470cb726708430cebc2c781c.jpg,30,30,correct_match,0.7755727473763017
2024-08-17_06-23-20-06-00_0002_102MEDIA_DSCF0463_JPG.rf.9f26445b470cb726708430cebc2c781c.jpg,30,background,unmatched_ground_truth,NA
2024-08-17_06-23-20-06-00_0002_102MEDIA_DSCF0463_JPG.rf.9f26445b470cb726708430cebc2c781c.jpg,30,background,unmatched_ground_truth,NA
2024-08-17_06-23-20-06-00_0002_102MEDIA_DSCF0463_JPG.rf.9f26445b470cb726708430cebc2c781c.jpg,30,30,correct_match,0.9161275076605208
2024-08-17_06-23-20-06-00_0002_102MEDIA_DSCF0463_JPG.rf.9f26445b470cb726708430cebc2c781c.jpg,30,background,unmatched_ground_truth,NA
2024-08-17_06-23-20-06-00_0002_102MEDIA_DSCF0463_JPG.rf.9f26445b470cb726708430cebc2c781c.jpg,30,background,unmatched_ground_truth,NA
2024-08-17_06-23-20-06-00_0002_102MEDIA_DSCF0463_JPG.rf.9f26445b470cb726708430cebc2c781c.jpg,8,8,correct_match,0.8133778581299191
2024-08-17_06-23-20-06-00_0002_102MEDIA_DSCF0463_JPG.rf.9f26445b470cb726708430cebc2c781c.jpg,30,30,correct_match,0.935396933406403
2024-08-17_06-23-20-06-00_0002_102MEDIA_DSCF0463_JPG.rf.9f26445b470cb726708430cebc2c781c.jpg,30,30,correct_match,0.7590312405622988
2024-08-17_06-23-20-06-00_0002_102MEDIA_DSCF0463_JPG.rf.9f26445b470cb726708430cebc2c781c.jpg,30,30,correct_match,0.6740880343656078
2024-08-17_06-23-20-06-00_0002_102MEDIA_DSCF0463_JPG.rf.9f26445b470cb726708430cebc2c781c.jpg,30,30,correct_match,0.6402196269525384
2024-08-17_06-23-20-06-00_0002_102MEDIA_DSCF0463_JPG.rf.9f26445b470cb726708430cebc2c781c.jpg,30,background,unmatched_ground_truth,NA
2024-08-17_06-23-20-06-00_0002_102MEDIA_DSCF0463_JPG.rf.9f26445b470cb726708430cebc2c781c.jpg,30,background,unmatched_ground_truth,NA
2024-08-17_06-23-20-06-00_0002_102MEDIA_DSCF0463_JPG.rf.9f26445b470cb726708430cebc2c781c.jpg,30,30,correct_match,0.8162451089735576
2024-08-17_06-23-20-06-00_0002_102MEDIA_DSCF0463_JPG.rf.9f26445b470cb726708430cebc2c781c.jpg,30,30,correct_match,0.7641693477131168
2024-08-17_06-23-20-06-00_0002_102MEDIA_DSCF0463_JPG.rf.9f26445b470cb726708430cebc2c781c.jpg,30,background,unmatched_ground_truth,NA
2024-08-17_06-23-20-06-00_0002_102MEDIA_DSCF0463_JPG.rf.9f26445b470cb726708430cebc2c781c.jpg,30,background,unmatched_ground_truth,NA
2024-08-17_06-23-20-06-00_0002_102MEDIA_DSCF0463_JPG.rf.9f26445b470cb726708430cebc2c781c.jpg,30,22,class_confusion,0.8764260762374808
2024-08-17_06-23-20-06-00_0002_102MEDIA_DSCF0463_JPG.rf.9f26445b470cb726708430cebc2c781c.jpg,30,background,unmatched_ground_truth,NA
2024-08-17_06-23-20-06-00_0002_102MEDIA_DSCF0463_JPG.rf.9f26445b470cb726708430cebc2c781c.jpg,30,30,correct_match,0.9085977286184538
2024-08-17_06-23-20-06-00_0002_102MEDIA_DSCF0463_JPG.rf.9f26445b470cb726708430cebc2c781c.jpg,30,background,unmatched_ground_truth,NA
2024-08-17_06-23-20-06-00_0002_102MEDIA_DSCF0463_JPG.rf.9f26445b470cb726708430cebc2c781c.jpg,30,background,unmatched_ground_truth,NA
2024-08-17_06-23-20-06-00_0002_102MEDIA_DSCF0463_JPG.rf.9f26445b470cb726708430cebc2c781c.jpg,8,8,correct_match,0.9030299990767283
2024-08-17_06-23-20-06-00_0002_102MEDIA_DSCF0463_JPG.rf.9f26445b470cb726708430cebc2c781c.jpg,background,8,unmatched_prediction,NA
2024-08-17_06-23-20-06-00_0002_102MEDIA_DSCF0463_JPG.rf.9f26445b470cb726708430cebc2c781c.jpg,background,8,unmatched_prediction,NA
2024-08-16_18-23-24-06-00_0003_102MEDIA_DSCF0223_JPG.rf.cabe03755e91d9a89edb33cb58bebd42.jpg,19,19,correct_match,0.8969033992974291
2024-08-16_18-23-24-06-00_0003_102MEDIA_DSCF0223_JPG.rf.cabe03755e91d9a89edb33cb58bebd42.jpg,19,19,correct_match,0.8870122643584605
2024-08-16_18-23-24-06-00_0003_102MEDIA_DSCF0223_JPG.rf.cabe03755e91d9a89edb33cb58bebd42.jpg,background,52,unmatched_prediction,NA
2024-08-16_18-23-24-06-00_0003_102MEDIA_DSCF0223_JPG.rf.cabe03755e91d9a89edb33cb58bebd42.jpg,background,52,unmatched_prediction,NA
2024-08-16_18-23-24-06-00_0003_102MEDIA_DSCF0223_JPG.rf.cabe03755e91d9a89edb33cb58bebd42.jpg,background,52,unmatched_prediction,NA
2024-08-16_18-23-24-06-00_0003_102MEDIA_DSCF0223_JPG.rf.cabe03755e91d9a89edb33cb58bebd42.jpg,background,52,unmatched_prediction,NA
Chaetodon-striatus_53_jpeg.rf.0c54aefef0afdba580ed303083424d59.jpg,15,15,correct_match,0.9630764649194042
2024-08-17_07-23-22-06-00_0002_102MEDIA_DSCF0483_JPG.rf.c5da0c24a8e0697a2138dbe68dd435cc.jpg,30,30,correct_match,0.8839098855377622
2024-08-17_07-23-22-06-00_0002_102MEDIA_DSCF0483_JPG.rf.c5da0c24a8e0697a2138dbe68dd435cc.jpg,30,30,correct_match,0.8594973771645923
2024-08-17_07-23-22-06-00_0002_102MEDIA_DSCF0483_JPG.rf.c5da0c24a8e0697a2138dbe68dd435cc.jpg,background,22,unmatched_prediction,NA
2024-08-17_07-23-22-06-00_0002_102MEDIA_DSCF0483_JPG.rf.c5da0c24a8e0697a2138dbe68dd435cc.jpg,background,22,unmatched_prediction,NA
2024-08-17_07-23-22-06-00_0002_102MEDIA_DSCF0483_JPG.rf.c5da0c24a8e0697a2138dbe68dd435cc.jpg,background,52,unmatched_prediction,NA
Scarus-taeniopterus_16_jpg.rf.ddae1c9b5242065c957b40054f5f32ed.jpg,43,43,correct_match,0.9119322804295005
Scarus-taeniopterus_16_jpg.rf.ddae1c9b5242065c957b40054f5f32ed.jpg,43,background,unmatched_ground_truth,NA
Scarus-taeniopterus_16_jpg.rf.ddae1c9b5242065c957b40054f5f32ed.jpg,43,43,correct_match,0.9463636323317908
Azurina-cyanea_32_jpg.rf.d0df1cd7e8480e33c05eb523c1129382.jpg,5,5,correct_match,0.9616950235650699
Azurina-cyanea_32_jpg.rf.d0df1cd7e8480e33c05eb523c1129382.jpg,5,5,correct_match,0.5668753974855318
Azurina-cyanea_56_jpg.rf.6c572e5f45a658bf6c212ea8d07bfc35.jpg,5,5,correct_match,0.9595006419447188
Azurina-cyanea_56_jpg.rf.6c572e5f45a658bf6c212ea8d07bfc35.jpg,5,background,unmatched_ground_truth,NA
Scarus-guacamaia_39_jpeg.rf.f4b46095da1bbd745e0b475a032ff2d6.jpg,40,40,correct_match,0.9520621808032007
Scarus-guacamaia_39_jpeg.rf.f4b46095da1bbd745e0b475a032ff2d6.jpg,40,40,correct_match,0.9462143240735525
Scarus-guacamaia_39_jpeg.rf.f4b46095da1bbd745e0b475a032ff2d6.jpg,40,40,correct_match,0.8950301622964509
Scarus-guacamaia_39_jpeg.rf.f4b46095da1bbd745e0b475a032ff2d6.jpg,40,40,correct_match,0.9282732980131383
Pomacanthus-arcuatus_2_jpg.rf.00a47cadfbd082a2a5c3bfcbcdef87b3.jpg,35,35,correct_match,0.8692075862227063
Pomacanthus-arcuatus_2_jpg.rf.00a47cadfbd082a2a5c3bfcbcdef87b3.jpg,35,35,correct_match,0.8692528318479662
