"gt_order","gt_id","gt_label","gt_abbr","pred_order","pred_id","pred_label","pred_abbr","count","row_total","source_row_percent","within_row_proportion"
1,"1","Abudefduf saxatilis","Abu.saxa",1,"1","Abudefduf saxatilis","Abu.saxa",85,105,80.9523809523809,0.80952380952381
1,"1","Abudefduf saxatilis","Abu.saxa",2,"2","Acanthurus chirurgus","Aca.chir",0,105,0,0
1,"1","Abudefduf saxatilis","Abu.saxa",3,"3","Acanthurus coeruleus","Aca.coer",0,105,0,0
1,"1","Abudefduf saxatilis","Abu.saxa",4,"4","Anisotremus virginicus","Ani.virg",0,105,0,0
1,"1","Abudefduf saxatilis","Abu.saxa",5,"5","Azurina cyanea","Azu.cyan",0,105,0,0
1,"1","Abudefduf saxatilis","Abu.saxa",6,"6","Bodianus rufus","Bod.rufu",0,105,0,0
1,"1","Abudefduf saxatilis","Abu.saxa",7,"7","Calamus spp","Cal.spp",0,105,0,0
1,"1","Abudefduf saxatilis","Abu.saxa",8,"8","Caranx bartholomaei","Car.bart",0,105,0,0
1,"1","Abudefduf saxatilis","Abu.saxa",9,"9","Caranx latus","Car.latu",0,105,0,0
1,"1","Abudefduf saxatilis","Abu.saxa",10,"10","Caranx ruber","Car.rube",0,105,0,0
1,"1","Abudefduf saxatilis","Abu.saxa",11,"11","Cephalopholis cruentata","Cep.crue",0,105,0,0
1,"1","Abudefduf saxatilis","Abu.saxa",12,"12","Chaetodon capistratus","Cha.capi",0,105,0,0
1,"1","Abudefduf saxatilis","Abu.saxa",13,"13","Chaetodon ocellatus","Cha.ocel",0,105,0,0
1,"1","Abudefduf saxatilis","Abu.saxa",14,"14","Chaetodon sedentarius","Cha.sede",0,105,0,0
1,"1","Abudefduf saxatilis","Abu.saxa",15,"15","Chaetodon striatus","Cha.stri",0,105,0,0
1,"1","Abudefduf saxatilis","Abu.saxa",16,"16","Chromis scotti","Chr.scot",0,105,0,0
1,"1","Abudefduf saxatilis","Abu.saxa",17,"17","Diodon spp","Dio.spp",0,105,0,0
1,"1","Abudefduf saxatilis","Abu.saxa",18,"18","Epinephelus spp","Epi.spp",0,105,0,0
1,"1","Abudefduf saxatilis","Abu.saxa",19,"19","Ginglymostoma cirratum","Gin.cirr",0,105,0,0
1,"1","Abudefduf saxatilis","Abu.saxa",20,"20","Haemulon flavolineatum","Hae.flav",0,105,0,0
1,"1","Abudefduf saxatilis","Abu.saxa",21,"21","Haemulon juvenil","Hae.juv",0,105,0,0
1,"1","Abudefduf saxatilis","Abu.saxa",22,"22","Haemulon plumierii","Hae.plum",0,105,0,0
1,"1","Abudefduf saxatilis","Abu.saxa",23,"23","Haemulon plumierii juvenil","Hae.plum juv",0,105,0,0
1,"1","Abudefduf saxatilis","Abu.saxa",24,"24","Haemulon sciurus","Hae.sciu",0,105,0,0
1,"1","Abudefduf saxatilis","Abu.saxa",25,"25","Halichoeres spp","Hal.spp",0,105,0,0
1,"1","Abudefduf saxatilis","Abu.saxa",26,"26","Holacanthus spp","Hol.spp",0,105,0,0
1,"1","Abudefduf saxatilis","Abu.saxa",27,"27","Kyphosus spp","Kyp.spp",0,105,0,0
1,"1","Abudefduf saxatilis","Abu.saxa",28,"28","Lachnolaimus maximus","Lac.maxi",0,105,0,0
1,"1","Abudefduf saxatilis","Abu.saxa",29,"29","Lutjanus analis","Lut.anal",0,105,0,0
1,"1","Abudefduf saxatilis","Abu.saxa",30,"30","Lutjanus griseus","Lut.gris",0,105,0,0
1,"1","Abudefduf saxatilis","Abu.saxa",31,"31","Lutjanus jocu","Lut.jocu",0,105,0,0
1,"1","Abudefduf saxatilis","Abu.saxa",32,"32","Mycteroperca spp","Myc.spp",0,105,0,0
1,"1","Abudefduf saxatilis","Abu.saxa",33,"33","Nicholsina usta","Nic.usta",0,105,0,0
1,"1","Abudefduf saxatilis","Abu.saxa",34,"34","Ocyurus chrysurus","Ocy.chry",0,105,0,0
1,"1","Abudefduf saxatilis","Abu.saxa",35,"35","Pomacanthus arcuatus","Pom.arcu",0,105,0,0
1,"1","Abudefduf saxatilis","Abu.saxa",36,"36","Pomacanthus paru","Pom.paru",0,105,0,0
1,"1","Abudefduf saxatilis","Abu.saxa",37,"37","Rhomboplites aurorubens","Rho.auro",0,105,0,0
1,"1","Abudefduf saxatilis","Abu.saxa",38,"38","Scarus coelestinus","Sca.coel",0,105,0,0
1,"1","Abudefduf saxatilis","Abu.saxa",39,"39","Scarus coeruleus","Sca.coer",0,105,0,0
1,"1","Abudefduf saxatilis","Abu.saxa",40,"40","Scarus guacamaia","Sca.guac",0,105,0,0
1,"1","Abudefduf saxatilis","Abu.saxa",41,"41","Scarus iseri","Sca.iser",0,105,0,0
1,"1","Abudefduf saxatilis","Abu.saxa",42,"42","Scarus juvenil","Sca.juv",0,105,0,0
1,"1","Abudefduf saxatilis","Abu.saxa",43,"43","Scarus taeniopterus","Sca.taen",0,105,0,0
1,"1","Abudefduf saxatilis","Abu.saxa",44,"44","Scarus vetula","Sca.vetu",0,105,0,0
1,"1","Abudefduf saxatilis","Abu.saxa",45,"45","Sparisoma aurofrenatum","Spa.auro",0,105,0,0
1,"1","Abudefduf saxatilis","Abu.saxa",46,"46","Sparisoma chrysopterum","Spa.chry",0,105,0,0
1,"1","Abudefduf saxatilis","Abu.saxa",47,"47","Sparisoma rubripinne FI","Spa.rubr FI",0,105,0,0
1,"1","Abudefduf saxatilis","Abu.saxa",48,"48","Sparisoma viride","Spa.viri",0,105,0,0
1,"1","Abudefduf saxatilis","Abu.saxa",49,"49","Sparisoma viride FI","Spa.viri FI",0,105,0,0
1,"1","Abudefduf saxatilis","Abu.saxa",50,"50","Sphyraena barracuda","Sph.barr",0,105,0,0
1,"1","Abudefduf saxatilis","Abu.saxa",51,"51","Urobatis jamaicensis","Uro.jama",0,105,0,0
1,"1","Abudefduf saxatilis","Abu.saxa",52,"52","unidentifiable","Unident.",0,105,0,0
1,"1","Abudefduf saxatilis","Abu.saxa",53,"background","No matched prediction","No match",20,105,19.047619047619,0.19047619047619
2,"2","Acanthurus chirurgus","Aca.chir",1,"1","Abudefduf saxatilis","Abu.saxa",0,31,0,0
2,"2","Acanthurus chirurgus","Aca.chir",2,"2","Acanthurus chirurgus","Aca.chir",17,31,54.8387096774194,0.548387096774194
2,"2","Acanthurus chirurgus","Aca.chir",3,"3","Acanthurus coeruleus","Aca.coer",0,31,0,0
2,"2","Acanthurus chirurgus","Aca.chir",4,"4","Anisotremus virginicus","Ani.virg",0,31,0,0
2,"2","Acanthurus chirurgus","Aca.chir",5,"5","Azurina cyanea","Azu.cyan",0,31,0,0
2,"2","Acanthurus chirurgus","Aca.chir",6,"6","Bodianus rufus","Bod.rufu",0,31,0,0
2,"2","Acanthurus chirurgus","Aca.chir",7,"7","Calamus spp","Cal.spp",0,31,0,0
2,"2","Acanthurus chirurgus","Aca.chir",8,"8","Caranx bartholomaei","Car.bart",0,31,0,0
2,"2","Acanthurus chirurgus","Aca.chir",9,"9","Caranx latus","Car.latu",0,31,0,0
2,"2","Acanthurus chirurgus","Aca.chir",10,"10","Caranx ruber","Car.rube",0,31,0,0
2,"2","Acanthurus chirurgus","Aca.chir",11,"11","Cephalopholis cruentata","Cep.crue",0,31,0,0
2,"2","Acanthurus chirurgus","Aca.chir",12,"12","Chaetodon capistratus","Cha.capi",0,31,0,0
2,"2","Acanthurus chirurgus","Aca.chir",13,"13","Chaetodon ocellatus","Cha.ocel",0,31,0,0
2,"2","Acanthurus chirurgus","Aca.chir",14,"14","Chaetodon sedentarius","Cha.sede",0,31,0,0
2,"2","Acanthurus chirurgus","Aca.chir",15,"15","Chaetodon striatus","Cha.stri",0,31,0,0
2,"2","Acanthurus chirurgus","Aca.chir",16,"16","Chromis scotti","Chr.scot",0,31,0,0
2,"2","Acanthurus chirurgus","Aca.chir",17,"17","Diodon spp","Dio.spp",0,31,0,0
2,"2","Acanthurus chirurgus","Aca.chir",18,"18","Epinephelus spp","Epi.spp",0,31,0,0
2,"2","Acanthurus chirurgus","Aca.chir",19,"19","Ginglymostoma cirratum","Gin.cirr",0,31,0,0
2,"2","Acanthurus chirurgus","Aca.chir",20,"20","Haemulon flavolineatum","Hae.flav",0,31,0,0
2,"2","Acanthurus chirurgus","Aca.chir",21,"21","Haemulon juvenil","Hae.juv",0,31,0,0
2,"2","Acanthurus chirurgus","Aca.chir",22,"22","Haemulon plumierii","Hae.plum",0,31,0,0
2,"2","Acanthurus chirurgus","Aca.chir",23,"23","Haemulon plumierii juvenil","Hae.plum juv",0,31,0,0
2,"2","Acanthurus chirurgus","Aca.chir",24,"24","Haemulon sciurus","Hae.sciu",0,31,0,0
2,"2","Acanthurus chirurgus","Aca.chir",25,"25","Halichoeres spp","Hal.spp",0,31,0,0
2,"2","Acanthurus chirurgus","Aca.chir",26,"26","Holacanthus spp","Hol.spp",0,31,0,0
2,"2","Acanthurus chirurgus","Aca.chir",27,"27","Kyphosus spp","Kyp.spp",0,31,0,0
2,"2","Acanthurus chirurgus","Aca.chir",28,"28","Lachnolaimus maximus","Lac.maxi",0,31,0,0
2,"2","Acanthurus chirurgus","Aca.chir",29,"29","Lutjanus analis","Lut.anal",0,31,0,0
2,"2","Acanthurus chirurgus","Aca.chir",30,"30","Lutjanus griseus","Lut.gris",0,31,0,0
2,"2","Acanthurus chirurgus","Aca.chir",31,"31","Lutjanus jocu","Lut.jocu",0,31,0,0
2,"2","Acanthurus chirurgus","Aca.chir",32,"32","Mycteroperca spp","Myc.spp",0,31,0,0
2,"2","Acanthurus chirurgus","Aca.chir",33,"33","Nicholsina usta","Nic.usta",0,31,0,0
2,"2","Acanthurus chirurgus","Aca.chir",34,"34","Ocyurus chrysurus","Ocy.chry",0,31,0,0
2,"2","Acanthurus chirurgus","Aca.chir",35,"35","Pomacanthus arcuatus","Pom.arcu",1,31,3.2258064516129,0.032258064516129
2,"2","Acanthurus chirurgus","Aca.chir",36,"36","Pomacanthus paru","Pom.paru",0,31,0,0
2,"2","Acanthurus chirurgus","Aca.chir",37,"37","Rhomboplites aurorubens","Rho.auro",0,31,0,0
2,"2","Acanthurus chirurgus","Aca.chir",38,"38","Scarus coelestinus","Sca.coel",0,31,0,0
2,"2","Acanthurus chirurgus","Aca.chir",39,"39","Scarus coeruleus","Sca.coer",0,31,0,0
2,"2","Acanthurus chirurgus","Aca.chir",40,"40","Scarus guacamaia","Sca.guac",0,31,0,0
2,"2","Acanthurus chirurgus","Aca.chir",41,"41","Scarus iseri","Sca.iser",0,31,0,0
2,"2","Acanthurus chirurgus","Aca.chir",42,"42","Scarus juvenil","Sca.juv",0,31,0,0
2,"2","Acanthurus chirurgus","Aca.chir",43,"43","Scarus taeniopterus","Sca.taen",0,31,0,0
2,"2","Acanthurus chirurgus","Aca.chir",44,"44","Scarus vetula","Sca.vetu",0,31,0,0
2,"2","Acanthurus chirurgus","Aca.chir",45,"45","Sparisoma aurofrenatum","Spa.auro",0,31,0,0
2,"2","Acanthurus chirurgus","Aca.chir",46,"46","Sparisoma chrysopterum","Spa.chry",0,31,0,0
2,"2","Acanthurus chirurgus","Aca.chir",47,"47","Sparisoma rubripinne FI","Spa.rubr FI",0,31,0,0
2,"2","Acanthurus chirurgus","Aca.chir",48,"48","Sparisoma viride","Spa.viri",0,31,0,0
2,"2","Acanthurus chirurgus","Aca.chir",49,"49","Sparisoma viride FI","Spa.viri FI",0,31,0,0
2,"2","Acanthurus chirurgus","Aca.chir",50,"50","Sphyraena barracuda","Sph.barr",0,31,0,0
2,"2","Acanthurus chirurgus","Aca.chir",51,"51","Urobatis jamaicensis","Uro.jama",0,31,0,0
2,"2","Acanthurus chirurgus","Aca.chir",52,"52","unidentifiable","Unident.",0,31,0,0
2,"2","Acanthurus chirurgus","Aca.chir",53,"background","No matched prediction","No match",13,31,41.9354838709677,0.419354838709677
3,"3","Acanthurus coeruleus","Aca.coer",1,"1","Abudefduf saxatilis","Abu.saxa",0,29,0,0
3,"3","Acanthurus coeruleus","Aca.coer",2,"2","Acanthurus chirurgus","Aca.chir",0,29,0,0
3,"3","Acanthurus coeruleus","Aca.coer",3,"3","Acanthurus coeruleus","Aca.coer",23,29,79.3103448275862,0.793103448275862
3,"3","Acanthurus coeruleus","Aca.coer",4,"4","Anisotremus virginicus","Ani.virg",0,29,0,0
3,"3","Acanthurus coeruleus","Aca.coer",5,"5","Azurina cyanea","Azu.cyan",0,29,0,0
3,"3","Acanthurus coeruleus","Aca.coer",6,"6","Bodianus rufus","Bod.rufu",0,29,0,0
3,"3","Acanthurus coeruleus","Aca.coer",7,"7","Calamus spp","Cal.spp",0,29,0,0
3,"3","Acanthurus coeruleus","Aca.coer",8,"8","Caranx bartholomaei","Car.bart",0,29,0,0
3,"3","Acanthurus coeruleus","Aca.coer",9,"9","Caranx latus","Car.latu",0,29,0,0
3,"3","Acanthurus coeruleus","Aca.coer",10,"10","Caranx ruber","Car.rube",0,29,0,0
3,"3","Acanthurus coeruleus","Aca.coer",11,"11","Cephalopholis cruentata","Cep.crue",0,29,0,0
3,"3","Acanthurus coeruleus","Aca.coer",12,"12","Chaetodon capistratus","Cha.capi",0,29,0,0
3,"3","Acanthurus coeruleus","Aca.coer",13,"13","Chaetodon ocellatus","Cha.ocel",0,29,0,0
3,"3","Acanthurus coeruleus","Aca.coer",14,"14","Chaetodon sedentarius","Cha.sede",0,29,0,0
3,"3","Acanthurus coeruleus","Aca.coer",15,"15","Chaetodon striatus","Cha.stri",0,29,0,0
3,"3","Acanthurus coeruleus","Aca.coer",16,"16","Chromis scotti","Chr.scot",0,29,0,0
3,"3","Acanthurus coeruleus","Aca.coer",17,"17","Diodon spp","Dio.spp",0,29,0,0
3,"3","Acanthurus coeruleus","Aca.coer",18,"18","Epinephelus spp","Epi.spp",0,29,0,0
3,"3","Acanthurus coeruleus","Aca.coer",19,"19","Ginglymostoma cirratum","Gin.cirr",0,29,0,0
3,"3","Acanthurus coeruleus","Aca.coer",20,"20","Haemulon flavolineatum","Hae.flav",0,29,0,0
3,"3","Acanthurus coeruleus","Aca.coer",21,"21","Haemulon juvenil","Hae.juv",0,29,0,0
3,"3","Acanthurus coeruleus","Aca.coer",22,"22","Haemulon plumierii","Hae.plum",0,29,0,0
3,"3","Acanthurus coeruleus","Aca.coer",23,"23","Haemulon plumierii juvenil","Hae.plum juv",0,29,0,0
3,"3","Acanthurus coeruleus","Aca.coer",24,"24","Haemulon sciurus","Hae.sciu",0,29,0,0
3,"3","Acanthurus coeruleus","Aca.coer",25,"25","Halichoeres spp","Hal.spp",0,29,0,0
3,"3","Acanthurus coeruleus","Aca.coer",26,"26","Holacanthus spp","Hol.spp",0,29,0,0
3,"3","Acanthurus coeruleus","Aca.coer",27,"27","Kyphosus spp","Kyp.spp",0,29,0,0
3,"3","Acanthurus coeruleus","Aca.coer",28,"28","Lachnolaimus maximus","Lac.maxi",0,29,0,0
3,"3","Acanthurus coeruleus","Aca.coer",29,"29","Lutjanus analis","Lut.anal",0,29,0,0
3,"3","Acanthurus coeruleus","Aca.coer",30,"30","Lutjanus griseus","Lut.gris",0,29,0,0
3,"3","Acanthurus coeruleus","Aca.coer",31,"31","Lutjanus jocu","Lut.jocu",0,29,0,0
3,"3","Acanthurus coeruleus","Aca.coer",32,"32","Mycteroperca spp","Myc.spp",0,29,0,0
3,"3","Acanthurus coeruleus","Aca.coer",33,"33","Nicholsina usta","Nic.usta",0,29,0,0
3,"3","Acanthurus coeruleus","Aca.coer",34,"34","Ocyurus chrysurus","Ocy.chry",0,29,0,0
3,"3","Acanthurus coeruleus","Aca.coer",35,"35","Pomacanthus arcuatus","Pom.arcu",0,29,0,0
3,"3","Acanthurus coeruleus","Aca.coer",36,"36","Pomacanthus paru","Pom.paru",0,29,0,0
3,"3","Acanthurus coeruleus","Aca.coer",37,"37","Rhomboplites aurorubens","Rho.auro",0,29,0,0
3,"3","Acanthurus coeruleus","Aca.coer",38,"38","Scarus coelestinus","Sca.coel",0,29,0,0
3,"3","Acanthurus coeruleus","Aca.coer",39,"39","Scarus coeruleus","Sca.coer",0,29,0,0
3,"3","Acanthurus coeruleus","Aca.coer",40,"40","Scarus guacamaia","Sca.guac",0,29,0,0
3,"3","Acanthurus coeruleus","Aca.coer",41,"41","Scarus iseri","Sca.iser",0,29,0,0
3,"3","Acanthurus coeruleus","Aca.coer",42,"42","Scarus juvenil","Sca.juv",0,29,0,0
3,"3","Acanthurus coeruleus","Aca.coer",43,"43","Scarus taeniopterus","Sca.taen",0,29,0,0
3,"3","Acanthurus coeruleus","Aca.coer",44,"44","Scarus vetula","Sca.vetu",1,29,3.44827586206897,0.0344827586206897
3,"3","Acanthurus coeruleus","Aca.coer",45,"45","Sparisoma aurofrenatum","Spa.auro",0,29,0,0
3,"3","Acanthurus coeruleus","Aca.coer",46,"46","Sparisoma chrysopterum","Spa.chry",0,29,0,0
3,"3","Acanthurus coeruleus","Aca.coer",47,"47","Sparisoma rubripinne FI","Spa.rubr FI",0,29,0,0
3,"3","Acanthurus coeruleus","Aca.coer",48,"48","Sparisoma viride","Spa.viri",0,29,0,0
3,"3","Acanthurus coeruleus","Aca.coer",49,"49","Sparisoma viride FI","Spa.viri FI",0,29,0,0
3,"3","Acanthurus coeruleus","Aca.coer",50,"50","Sphyraena barracuda","Sph.barr",0,29,0,0
3,"3","Acanthurus coeruleus","Aca.coer",51,"51","Urobatis jamaicensis","Uro.jama",0,29,0,0
3,"3","Acanthurus coeruleus","Aca.coer",52,"52","unidentifiable","Unident.",0,29,0,0
3,"3","Acanthurus coeruleus","Aca.coer",53,"background","No matched prediction","No match",5,29,17.2413793103448,0.172413793103448
4,"4","Anisotremus virginicus","Ani.virg",1,"1","Abudefduf saxatilis","Abu.saxa",1,36,2.77777777777778,0.0277777777777778
4,"4","Anisotremus virginicus","Ani.virg",2,"2","Acanthurus chirurgus","Aca.chir",0,36,0,0
4,"4","Anisotremus virginicus","Ani.virg",3,"3","Acanthurus coeruleus","Aca.coer",0,36,0,0
4,"4","Anisotremus virginicus","Ani.virg",4,"4","Anisotremus virginicus","Ani.virg",30,36,83.3333333333333,0.833333333333333
4,"4","Anisotremus virginicus","Ani.virg",5,"5","Azurina cyanea","Azu.cyan",0,36,0,0
4,"4","Anisotremus virginicus","Ani.virg",6,"6","Bodianus rufus","Bod.rufu",0,36,0,0
4,"4","Anisotremus virginicus","Ani.virg",7,"7","Calamus spp","Cal.spp",0,36,0,0
4,"4","Anisotremus virginicus","Ani.virg",8,"8","Caranx bartholomaei","Car.bart",0,36,0,0
4,"4","Anisotremus virginicus","Ani.virg",9,"9","Caranx latus","Car.latu",0,36,0,0
4,"4","Anisotremus virginicus","Ani.virg",10,"10","Caranx ruber","Car.rube",0,36,0,0
4,"4","Anisotremus virginicus","Ani.virg",11,"11","Cephalopholis cruentata","Cep.crue",0,36,0,0
4,"4","Anisotremus virginicus","Ani.virg",12,"12","Chaetodon capistratus","Cha.capi",0,36,0,0
4,"4","Anisotremus virginicus","Ani.virg",13,"13","Chaetodon ocellatus","Cha.ocel",0,36,0,0
4,"4","Anisotremus virginicus","Ani.virg",14,"14","Chaetodon sedentarius","Cha.sede",0,36,0,0
4,"4","Anisotremus virginicus","Ani.virg",15,"15","Chaetodon striatus","Cha.stri",0,36,0,0
4,"4","Anisotremus virginicus","Ani.virg",16,"16","Chromis scotti","Chr.scot",0,36,0,0
4,"4","Anisotremus virginicus","Ani.virg",17,"17","Diodon spp","Dio.spp",0,36,0,0
4,"4","Anisotremus virginicus","Ani.virg",18,"18","Epinephelus spp","Epi.spp",0,36,0,0
4,"4","Anisotremus virginicus","Ani.virg",19,"19","Ginglymostoma cirratum","Gin.cirr",0,36,0,0
4,"4","Anisotremus virginicus","Ani.virg",20,"20","Haemulon flavolineatum","Hae.flav",0,36,0,0
4,"4","Anisotremus virginicus","Ani.virg",21,"21","Haemulon juvenil","Hae.juv",0,36,0,0
4,"4","Anisotremus virginicus","Ani.virg",22,"22","Haemulon plumierii","Hae.plum",0,36,0,0
4,"4","Anisotremus virginicus","Ani.virg",23,"23","Haemulon plumierii juvenil","Hae.plum juv",0,36,0,0
4,"4","Anisotremus virginicus","Ani.virg",24,"24","Haemulon sciurus","Hae.sciu",0,36,0,0
4,"4","Anisotremus virginicus","Ani.virg",25,"25","Halichoeres spp","Hal.spp",0,36,0,0
4,"4","Anisotremus virginicus","Ani.virg",26,"26","Holacanthus spp","Hol.spp",0,36,0,0
4,"4","Anisotremus virginicus","Ani.virg",27,"27","Kyphosus spp","Kyp.spp",0,36,0,0
4,"4","Anisotremus virginicus","Ani.virg",28,"28","Lachnolaimus maximus","Lac.maxi",0,36,0,0
4,"4","Anisotremus virginicus","Ani.virg",29,"29","Lutjanus analis","Lut.anal",0,36,0,0
4,"4","Anisotremus virginicus","Ani.virg",30,"30","Lutjanus griseus","Lut.gris",0,36,0,0
4,"4","Anisotremus virginicus","Ani.virg",31,"31","Lutjanus jocu","Lut.jocu",0,36,0,0
4,"4","Anisotremus virginicus","Ani.virg",32,"32","Mycteroperca spp","Myc.spp",0,36,0,0
4,"4","Anisotremus virginicus","Ani.virg",33,"33","Nicholsina usta","Nic.usta",0,36,0,0
4,"4","Anisotremus virginicus","Ani.virg",34,"34","Ocyurus chrysurus","Ocy.chry",2,36,5.55555555555556,0.0555555555555556
4,"4","Anisotremus virginicus","Ani.virg",35,"35","Pomacanthus arcuatus","Pom.arcu",0,36,0,0
4,"4","Anisotremus virginicus","Ani.virg",36,"36","Pomacanthus paru","Pom.paru",0,36,0,0
4,"4","Anisotremus virginicus","Ani.virg",37,"37","Rhomboplites aurorubens","Rho.auro",0,36,0,0
4,"4","Anisotremus virginicus","Ani.virg",38,"38","Scarus coelestinus","Sca.coel",0,36,0,0
4,"4","Anisotremus virginicus","Ani.virg",39,"39","Scarus coeruleus","Sca.coer",0,36,0,0
4,"4","Anisotremus virginicus","Ani.virg",40,"40","Scarus guacamaia","Sca.guac",0,36,0,0
4,"4","Anisotremus virginicus","Ani.virg",41,"41","Scarus iseri","Sca.iser",0,36,0,0
4,"4","Anisotremus virginicus","Ani.virg",42,"42","Scarus juvenil","Sca.juv",0,36,0,0
4,"4","Anisotremus virginicus","Ani.virg",43,"43","Scarus taeniopterus","Sca.taen",0,36,0,0
4,"4","Anisotremus virginicus","Ani.virg",44,"44","Scarus vetula","Sca.vetu",0,36,0,0
4,"4","Anisotremus virginicus","Ani.virg",45,"45","Sparisoma aurofrenatum","Spa.auro",0,36,0,0
4,"4","Anisotremus virginicus","Ani.virg",46,"46","Sparisoma chrysopterum","Spa.chry",0,36,0,0
4,"4","Anisotremus virginicus","Ani.virg",47,"47","Sparisoma rubripinne FI","Spa.rubr FI",0,36,0,0
4,"4","Anisotremus virginicus","Ani.virg",48,"48","Sparisoma viride","Spa.viri",0,36,0,0
4,"4","Anisotremus virginicus","Ani.virg",49,"49","Sparisoma viride FI","Spa.viri FI",0,36,0,0
4,"4","Anisotremus virginicus","Ani.virg",50,"50","Sphyraena barracuda","Sph.barr",0,36,0,0
4,"4","Anisotremus virginicus","Ani.virg",51,"51","Urobatis jamaicensis","Uro.jama",0,36,0,0
4,"4","Anisotremus virginicus","Ani.virg",52,"52","unidentifiable","Unident.",0,36,0,0
4,"4","Anisotremus virginicus","Ani.virg",53,"background","No matched prediction","No match",3,36,8.33333333333333,0.0833333333333333
5,"5","Azurina cyanea","Azu.cyan",1,"1","Abudefduf saxatilis","Abu.saxa",0,21,0,0
5,"5","Azurina cyanea","Azu.cyan",2,"2","Acanthurus chirurgus","Aca.chir",0,21,0,0
5,"5","Azurina cyanea","Azu.cyan",3,"3","Acanthurus coeruleus","Aca.coer",0,21,0,0
5,"5","Azurina cyanea","Azu.cyan",4,"4","Anisotremus virginicus","Ani.virg",0,21,0,0
5,"5","Azurina cyanea","Azu.cyan",5,"5","Azurina cyanea","Azu.cyan",15,21,71.4285714285714,0.714285714285714
5,"5","Azurina cyanea","Azu.cyan",6,"6","Bodianus rufus","Bod.rufu",0,21,0,0
5,"5","Azurina cyanea","Azu.cyan",7,"7","Calamus spp","Cal.spp",0,21,0,0
5,"5","Azurina cyanea","Azu.cyan",8,"8","Caranx bartholomaei","Car.bart",0,21,0,0
5,"5","Azurina cyanea","Azu.cyan",9,"9","Caranx latus","Car.latu",0,21,0,0
5,"5","Azurina cyanea","Azu.cyan",10,"10","Caranx ruber","Car.rube",0,21,0,0
5,"5","Azurina cyanea","Azu.cyan",11,"11","Cephalopholis cruentata","Cep.crue",0,21,0,0
5,"5","Azurina cyanea","Azu.cyan",12,"12","Chaetodon capistratus","Cha.capi",0,21,0,0
5,"5","Azurina cyanea","Azu.cyan",13,"13","Chaetodon ocellatus","Cha.ocel",0,21,0,0
5,"5","Azurina cyanea","Azu.cyan",14,"14","Chaetodon sedentarius","Cha.sede",0,21,0,0
5,"5","Azurina cyanea","Azu.cyan",15,"15","Chaetodon striatus","Cha.stri",0,21,0,0
5,"5","Azurina cyanea","Azu.cyan",16,"16","Chromis scotti","Chr.scot",0,21,0,0
5,"5","Azurina cyanea","Azu.cyan",17,"17","Diodon spp","Dio.spp",0,21,0,0
5,"5","Azurina cyanea","Azu.cyan",18,"18","Epinephelus spp","Epi.spp",0,21,0,0
5,"5","Azurina cyanea","Azu.cyan",19,"19","Ginglymostoma cirratum","Gin.cirr",0,21,0,0
5,"5","Azurina cyanea","Azu.cyan",20,"20","Haemulon flavolineatum","Hae.flav",0,21,0,0
5,"5","Azurina cyanea","Azu.cyan",21,"21","Haemulon juvenil","Hae.juv",0,21,0,0
5,"5","Azurina cyanea","Azu.cyan",22,"22","Haemulon plumierii","Hae.plum",0,21,0,0
5,"5","Azurina cyanea","Azu.cyan",23,"23","Haemulon plumierii juvenil","Hae.plum juv",0,21,0,0
5,"5","Azurina cyanea","Azu.cyan",24,"24","Haemulon sciurus","Hae.sciu",0,21,0,0
5,"5","Azurina cyanea","Azu.cyan",25,"25","Halichoeres spp","Hal.spp",0,21,0,0
5,"5","Azurina cyanea","Azu.cyan",26,"26","Holacanthus spp","Hol.spp",0,21,0,0
5,"5","Azurina cyanea","Azu.cyan",27,"27","Kyphosus spp","Kyp.spp",0,21,0,0
5,"5","Azurina cyanea","Azu.cyan",28,"28","Lachnolaimus maximus","Lac.maxi",0,21,0,0
5,"5","Azurina cyanea","Azu.cyan",29,"29","Lutjanus analis","Lut.anal",0,21,0,0
5,"5","Azurina cyanea","Azu.cyan",30,"30","Lutjanus griseus","Lut.gris",0,21,0,0
5,"5","Azurina cyanea","Azu.cyan",31,"31","Lutjanus jocu","Lut.jocu",0,21,0,0
5,"5","Azurina cyanea","Azu.cyan",32,"32","Mycteroperca spp","Myc.spp",0,21,0,0
5,"5","Azurina cyanea","Azu.cyan",33,"33","Nicholsina usta","Nic.usta",0,21,0,0
5,"5","Azurina cyanea","Azu.cyan",34,"34","Ocyurus chrysurus","Ocy.chry",0,21,0,0
5,"5","Azurina cyanea","Azu.cyan",35,"35","Pomacanthus arcuatus","Pom.arcu",0,21,0,0
5,"5","Azurina cyanea","Azu.cyan",36,"36","Pomacanthus paru","Pom.paru",0,21,0,0
5,"5","Azurina cyanea","Azu.cyan",37,"37","Rhomboplites aurorubens","Rho.auro",0,21,0,0
5,"5","Azurina cyanea","Azu.cyan",38,"38","Scarus coelestinus","Sca.coel",0,21,0,0
5,"5","Azurina cyanea","Azu.cyan",39,"39","Scarus coeruleus","Sca.coer",0,21,0,0
5,"5","Azurina cyanea","Azu.cyan",40,"40","Scarus guacamaia","Sca.guac",0,21,0,0
5,"5","Azurina cyanea","Azu.cyan",41,"41","Scarus iseri","Sca.iser",0,21,0,0
5,"5","Azurina cyanea","Azu.cyan",42,"42","Scarus juvenil","Sca.juv",0,21,0,0
5,"5","Azurina cyanea","Azu.cyan",43,"43","Scarus taeniopterus","Sca.taen",0,21,0,0
5,"5","Azurina cyanea","Azu.cyan",44,"44","Scarus vetula","Sca.vetu",0,21,0,0
5,"5","Azurina cyanea","Azu.cyan",45,"45","Sparisoma aurofrenatum","Spa.auro",0,21,0,0
5,"5","Azurina cyanea","Azu.cyan",46,"46","Sparisoma chrysopterum","Spa.chry",0,21,0,0
5,"5","Azurina cyanea","Azu.cyan",47,"47","Sparisoma rubripinne FI","Spa.rubr FI",0,21,0,0
5,"5","Azurina cyanea","Azu.cyan",48,"48","Sparisoma viride","Spa.viri",0,21,0,0
5,"5","Azurina cyanea","Azu.cyan",49,"49","Sparisoma viride FI","Spa.viri FI",0,21,0,0
5,"5","Azurina cyanea","Azu.cyan",50,"50","Sphyraena barracuda","Sph.barr",0,21,0,0
5,"5","Azurina cyanea","Azu.cyan",51,"51","Urobatis jamaicensis","Uro.jama",0,21,0,0
5,"5","Azurina cyanea","Azu.cyan",52,"52","unidentifiable","Unident.",0,21,0,0
5,"5","Azurina cyanea","Azu.cyan",53,"background","No matched prediction","No match",6,21,28.5714285714286,0.285714285714286
6,"6","Bodianus rufus","Bod.rufu",1,"1","Abudefduf saxatilis","Abu.saxa",0,28,0,0
6,"6","Bodianus rufus","Bod.rufu",2,"2","Acanthurus chirurgus","Aca.chir",0,28,0,0
6,"6","Bodianus rufus","Bod.rufu",3,"3","Acanthurus coeruleus","Aca.coer",0,28,0,0
6,"6","Bodianus rufus","Bod.rufu",4,"4","Anisotremus virginicus","Ani.virg",0,28,0,0
6,"6","Bodianus rufus","Bod.rufu",5,"5","Azurina cyanea","Azu.cyan",0,28,0,0
6,"6","Bodianus rufus","Bod.rufu",6,"6","Bodianus rufus","Bod.rufu",11,28,39.2857142857143,0.392857142857143
6,"6","Bodianus rufus","Bod.rufu",7,"7","Calamus spp","Cal.spp",0,28,0,0
6,"6","Bodianus rufus","Bod.rufu",8,"8","Caranx bartholomaei","Car.bart",0,28,0,0
6,"6","Bodianus rufus","Bod.rufu",9,"9","Caranx latus","Car.latu",0,28,0,0
6,"6","Bodianus rufus","Bod.rufu",10,"10","Caranx ruber","Car.rube",0,28,0,0
6,"6","Bodianus rufus","Bod.rufu",11,"11","Cephalopholis cruentata","Cep.crue",0,28,0,0
6,"6","Bodianus rufus","Bod.rufu",12,"12","Chaetodon capistratus","Cha.capi",0,28,0,0
6,"6","Bodianus rufus","Bod.rufu",13,"13","Chaetodon ocellatus","Cha.ocel",0,28,0,0
6,"6","Bodianus rufus","Bod.rufu",14,"14","Chaetodon sedentarius","Cha.sede",0,28,0,0
6,"6","Bodianus rufus","Bod.rufu",15,"15","Chaetodon striatus","Cha.stri",0,28,0,0
6,"6","Bodianus rufus","Bod.rufu",16,"16","Chromis scotti","Chr.scot",0,28,0,0
6,"6","Bodianus rufus","Bod.rufu",17,"17","Diodon spp","Dio.spp",0,28,0,0
6,"6","Bodianus rufus","Bod.rufu",18,"18","Epinephelus spp","Epi.spp",0,28,0,0
6,"6","Bodianus rufus","Bod.rufu",19,"19","Ginglymostoma cirratum","Gin.cirr",0,28,0,0
6,"6","Bodianus rufus","Bod.rufu",20,"20","Haemulon flavolineatum","Hae.flav",0,28,0,0
6,"6","Bodianus rufus","Bod.rufu",21,"21","Haemulon juvenil","Hae.juv",0,28,0,0
6,"6","Bodianus rufus","Bod.rufu",22,"22","Haemulon plumierii","Hae.plum",0,28,0,0
6,"6","Bodianus rufus","Bod.rufu",23,"23","Haemulon plumierii juvenil","Hae.plum juv",0,28,0,0
6,"6","Bodianus rufus","Bod.rufu",24,"24","Haemulon sciurus","Hae.sciu",0,28,0,0
6,"6","Bodianus rufus","Bod.rufu",25,"25","Halichoeres spp","Hal.spp",1,28,3.57142857142857,0.0357142857142857
6,"6","Bodianus rufus","Bod.rufu",26,"26","Holacanthus spp","Hol.spp",1,28,3.57142857142857,0.0357142857142857
6,"6","Bodianus rufus","Bod.rufu",27,"27","Kyphosus spp","Kyp.spp",0,28,0,0
6,"6","Bodianus rufus","Bod.rufu",28,"28","Lachnolaimus maximus","Lac.maxi",0,28,0,0
6,"6","Bodianus rufus","Bod.rufu",29,"29","Lutjanus analis","Lut.anal",0,28,0,0
6,"6","Bodianus rufus","Bod.rufu",30,"30","Lutjanus griseus","Lut.gris",0,28,0,0
6,"6","Bodianus rufus","Bod.rufu",31,"31","Lutjanus jocu","Lut.jocu",0,28,0,0
6,"6","Bodianus rufus","Bod.rufu",32,"32","Mycteroperca spp","Myc.spp",0,28,0,0
6,"6","Bodianus rufus","Bod.rufu",33,"33","Nicholsina usta","Nic.usta",0,28,0,0
6,"6","Bodianus rufus","Bod.rufu",34,"34","Ocyurus chrysurus","Ocy.chry",0,28,0,0
6,"6","Bodianus rufus","Bod.rufu",35,"35","Pomacanthus arcuatus","Pom.arcu",0,28,0,0
6,"6","Bodianus rufus","Bod.rufu",36,"36","Pomacanthus paru","Pom.paru",0,28,0,0
6,"6","Bodianus rufus","Bod.rufu",37,"37","Rhomboplites aurorubens","Rho.auro",0,28,0,0
6,"6","Bodianus rufus","Bod.rufu",38,"38","Scarus coelestinus","Sca.coel",0,28,0,0
6,"6","Bodianus rufus","Bod.rufu",39,"39","Scarus coeruleus","Sca.coer",0,28,0,0
6,"6","Bodianus rufus","Bod.rufu",40,"40","Scarus guacamaia","Sca.guac",0,28,0,0
6,"6","Bodianus rufus","Bod.rufu",41,"41","Scarus iseri","Sca.iser",0,28,0,0
6,"6","Bodianus rufus","Bod.rufu",42,"42","Scarus juvenil","Sca.juv",0,28,0,0
6,"6","Bodianus rufus","Bod.rufu",43,"43","Scarus taeniopterus","Sca.taen",0,28,0,0
6,"6","Bodianus rufus","Bod.rufu",44,"44","Scarus vetula","Sca.vetu",0,28,0,0
6,"6","Bodianus rufus","Bod.rufu",45,"45","Sparisoma aurofrenatum","Spa.auro",2,28,7.14285714285714,0.0714285714285714
6,"6","Bodianus rufus","Bod.rufu",46,"46","Sparisoma chrysopterum","Spa.chry",0,28,0,0
6,"6","Bodianus rufus","Bod.rufu",47,"47","Sparisoma rubripinne FI","Spa.rubr FI",0,28,0,0
6,"6","Bodianus rufus","Bod.rufu",48,"48","Sparisoma viride","Spa.viri",0,28,0,0
6,"6","Bodianus rufus","Bod.rufu",49,"49","Sparisoma viride FI","Spa.viri FI",0,28,0,0
6,"6","Bodianus rufus","Bod.rufu",50,"50","Sphyraena barracuda","Sph.barr",0,28,0,0
6,"6","Bodianus rufus","Bod.rufu",51,"51","Urobatis jamaicensis","Uro.jama",0,28,0,0
6,"6","Bodianus rufus","Bod.rufu",52,"52","unidentifiable","Unident.",0,28,0,0
6,"6","Bodianus rufus","Bod.rufu",53,"background","No matched prediction","No match",13,28,46.4285714285714,0.464285714285714
7,"7","Calamus spp","Cal.spp",1,"1","Abudefduf saxatilis","Abu.saxa",0,23,0,0
7,"7","Calamus spp","Cal.spp",2,"2","Acanthurus chirurgus","Aca.chir",0,23,0,0
7,"7","Calamus spp","Cal.spp",3,"3","Acanthurus coeruleus","Aca.coer",0,23,0,0
7,"7","Calamus spp","Cal.spp",4,"4","Anisotremus virginicus","Ani.virg",0,23,0,0
7,"7","Calamus spp","Cal.spp",5,"5","Azurina cyanea","Azu.cyan",0,23,0,0
7,"7","Calamus spp","Cal.spp",6,"6","Bodianus rufus","Bod.rufu",0,23,0,0
7,"7","Calamus spp","Cal.spp",7,"7","Calamus spp","Cal.spp",11,23,47.8260869565217,0.478260869565217
7,"7","Calamus spp","Cal.spp",8,"8","Caranx bartholomaei","Car.bart",0,23,0,0
7,"7","Calamus spp","Cal.spp",9,"9","Caranx latus","Car.latu",0,23,0,0
7,"7","Calamus spp","Cal.spp",10,"10","Caranx ruber","Car.rube",1,23,4.34782608695652,0.0434782608695652
7,"7","Calamus spp","Cal.spp",11,"11","Cephalopholis cruentata","Cep.crue",0,23,0,0
7,"7","Calamus spp","Cal.spp",12,"12","Chaetodon capistratus","Cha.capi",0,23,0,0
7,"7","Calamus spp","Cal.spp",13,"13","Chaetodon ocellatus","Cha.ocel",0,23,0,0
7,"7","Calamus spp","Cal.spp",14,"14","Chaetodon sedentarius","Cha.sede",0,23,0,0
7,"7","Calamus spp","Cal.spp",15,"15","Chaetodon striatus","Cha.stri",0,23,0,0
7,"7","Calamus spp","Cal.spp",16,"16","Chromis scotti","Chr.scot",0,23,0,0
7,"7","Calamus spp","Cal.spp",17,"17","Diodon spp","Dio.spp",0,23,0,0
7,"7","Calamus spp","Cal.spp",18,"18","Epinephelus spp","Epi.spp",0,23,0,0
7,"7","Calamus spp","Cal.spp",19,"19","Ginglymostoma cirratum","Gin.cirr",0,23,0,0
7,"7","Calamus spp","Cal.spp",20,"20","Haemulon flavolineatum","Hae.flav",0,23,0,0
7,"7","Calamus spp","Cal.spp",21,"21","Haemulon juvenil","Hae.juv",0,23,0,0
7,"7","Calamus spp","Cal.spp",22,"22","Haemulon plumierii","Hae.plum",2,23,8.69565217391304,0.0869565217391304
7,"7","Calamus spp","Cal.spp",23,"23","Haemulon plumierii juvenil","Hae.plum juv",0,23,0,0
7,"7","Calamus spp","Cal.spp",24,"24","Haemulon sciurus","Hae.sciu",0,23,0,0
7,"7","Calamus spp","Cal.spp",25,"25","Halichoeres spp","Hal.spp",0,23,0,0
7,"7","Calamus spp","Cal.spp",26,"26","Holacanthus spp","Hol.spp",2,23,8.69565217391304,0.0869565217391304
7,"7","Calamus spp","Cal.spp",27,"27","Kyphosus spp","Kyp.spp",0,23,0,0
7,"7","Calamus spp","Cal.spp",28,"28","Lachnolaimus maximus","Lac.maxi",0,23,0,0
7,"7","Calamus spp","Cal.spp",29,"29","Lutjanus analis","Lut.anal",0,23,0,0
7,"7","Calamus spp","Cal.spp",30,"30","Lutjanus griseus","Lut.gris",0,23,0,0
7,"7","Calamus spp","Cal.spp",31,"31","Lutjanus jocu","Lut.jocu",0,23,0,0
7,"7","Calamus spp","Cal.spp",32,"32","Mycteroperca spp","Myc.spp",0,23,0,0
7,"7","Calamus spp","Cal.spp",33,"33","Nicholsina usta","Nic.usta",0,23,0,0
7,"7","Calamus spp","Cal.spp",34,"34","Ocyurus chrysurus","Ocy.chry",0,23,0,0
7,"7","Calamus spp","Cal.spp",35,"35","Pomacanthus arcuatus","Pom.arcu",0,23,0,0
7,"7","Calamus spp","Cal.spp",36,"36","Pomacanthus paru","Pom.paru",0,23,0,0
7,"7","Calamus spp","Cal.spp",37,"37","Rhomboplites aurorubens","Rho.auro",0,23,0,0
7,"7","Calamus spp","Cal.spp",38,"38","Scarus coelestinus","Sca.coel",0,23,0,0
7,"7","Calamus spp","Cal.spp",39,"39","Scarus coeruleus","Sca.coer",0,23,0,0
7,"7","Calamus spp","Cal.spp",40,"40","Scarus guacamaia","Sca.guac",0,23,0,0
7,"7","Calamus spp","Cal.spp",41,"41","Scarus iseri","Sca.iser",0,23,0,0
7,"7","Calamus spp","Cal.spp",42,"42","Scarus juvenil","Sca.juv",0,23,0,0
7,"7","Calamus spp","Cal.spp",43,"43","Scarus taeniopterus","Sca.taen",0,23,0,0
7,"7","Calamus spp","Cal.spp",44,"44","Scarus vetula","Sca.vetu",0,23,0,0
7,"7","Calamus spp","Cal.spp",45,"45","Sparisoma aurofrenatum","Spa.auro",0,23,0,0
7,"7","Calamus spp","Cal.spp",46,"46","Sparisoma chrysopterum","Spa.chry",0,23,0,0
7,"7","Calamus spp","Cal.spp",47,"47","Sparisoma rubripinne FI","Spa.rubr FI",0,23,0,0
7,"7","Calamus spp","Cal.spp",48,"48","Sparisoma viride","Spa.viri",0,23,0,0
7,"7","Calamus spp","Cal.spp",49,"49","Sparisoma viride FI","Spa.viri FI",0,23,0,0
7,"7","Calamus spp","Cal.spp",50,"50","Sphyraena barracuda","Sph.barr",0,23,0,0
7,"7","Calamus spp","Cal.spp",51,"51","Urobatis jamaicensis","Uro.jama",0,23,0,0
7,"7","Calamus spp","Cal.spp",52,"52","unidentifiable","Unident.",2,23,8.69565217391304,0.0869565217391304
7,"7","Calamus spp","Cal.spp",53,"background","No matched prediction","No match",5,23,21.7391304347826,0.217391304347826
8,"8","Caranx bartholomaei","Car.bart",1,"1","Abudefduf saxatilis","Abu.saxa",0,35,0,0
8,"8","Caranx bartholomaei","Car.bart",2,"2","Acanthurus chirurgus","Aca.chir",0,35,0,0
8,"8","Caranx bartholomaei","Car.bart",3,"3","Acanthurus coeruleus","Aca.coer",0,35,0,0
8,"8","Caranx bartholomaei","Car.bart",4,"4","Anisotremus virginicus","Ani.virg",0,35,0,0
8,"8","Caranx bartholomaei","Car.bart",5,"5","Azurina cyanea","Azu.cyan",0,35,0,0
8,"8","Caranx bartholomaei","Car.bart",6,"6","Bodianus rufus","Bod.rufu",0,35,0,0
8,"8","Caranx bartholomaei","Car.bart",7,"7","Calamus spp","Cal.spp",0,35,0,0
8,"8","Caranx bartholomaei","Car.bart",8,"8","Caranx bartholomaei","Car.bart",24,35,68.5714285714286,0.685714285714286
8,"8","Caranx bartholomaei","Car.bart",9,"9","Caranx latus","Car.latu",0,35,0,0
8,"8","Caranx bartholomaei","Car.bart",10,"10","Caranx ruber","Car.rube",0,35,0,0
8,"8","Caranx bartholomaei","Car.bart",11,"11","Cephalopholis cruentata","Cep.crue",0,35,0,0
8,"8","Caranx bartholomaei","Car.bart",12,"12","Chaetodon capistratus","Cha.capi",0,35,0,0
8,"8","Caranx bartholomaei","Car.bart",13,"13","Chaetodon ocellatus","Cha.ocel",0,35,0,0
8,"8","Caranx bartholomaei","Car.bart",14,"14","Chaetodon sedentarius","Cha.sede",0,35,0,0
8,"8","Caranx bartholomaei","Car.bart",15,"15","Chaetodon striatus","Cha.stri",0,35,0,0
8,"8","Caranx bartholomaei","Car.bart",16,"16","Chromis scotti","Chr.scot",0,35,0,0
8,"8","Caranx bartholomaei","Car.bart",17,"17","Diodon spp","Dio.spp",0,35,0,0
8,"8","Caranx bartholomaei","Car.bart",18,"18","Epinephelus spp","Epi.spp",0,35,0,0
8,"8","Caranx bartholomaei","Car.bart",19,"19","Ginglymostoma cirratum","Gin.cirr",0,35,0,0
8,"8","Caranx bartholomaei","Car.bart",20,"20","Haemulon flavolineatum","Hae.flav",0,35,0,0
8,"8","Caranx bartholomaei","Car.bart",21,"21","Haemulon juvenil","Hae.juv",0,35,0,0
8,"8","Caranx bartholomaei","Car.bart",22,"22","Haemulon plumierii","Hae.plum",0,35,0,0
8,"8","Caranx bartholomaei","Car.bart",23,"23","Haemulon plumierii juvenil","Hae.plum juv",0,35,0,0
8,"8","Caranx bartholomaei","Car.bart",24,"24","Haemulon sciurus","Hae.sciu",0,35,0,0
8,"8","Caranx bartholomaei","Car.bart",25,"25","Halichoeres spp","Hal.spp",0,35,0,0
8,"8","Caranx bartholomaei","Car.bart",26,"26","Holacanthus spp","Hol.spp",2,35,5.71428571428571,0.0571428571428571
8,"8","Caranx bartholomaei","Car.bart",27,"27","Kyphosus spp","Kyp.spp",0,35,0,0
8,"8","Caranx bartholomaei","Car.bart",28,"28","Lachnolaimus maximus","Lac.maxi",0,35,0,0
8,"8","Caranx bartholomaei","Car.bart",29,"29","Lutjanus analis","Lut.anal",0,35,0,0
8,"8","Caranx bartholomaei","Car.bart",30,"30","Lutjanus griseus","Lut.gris",0,35,0,0
8,"8","Caranx bartholomaei","Car.bart",31,"31","Lutjanus jocu","Lut.jocu",0,35,0,0
8,"8","Caranx bartholomaei","Car.bart",32,"32","Mycteroperca spp","Myc.spp",0,35,0,0
8,"8","Caranx bartholomaei","Car.bart",33,"33","Nicholsina usta","Nic.usta",0,35,0,0
8,"8","Caranx bartholomaei","Car.bart",34,"34","Ocyurus chrysurus","Ocy.chry",0,35,0,0
8,"8","Caranx bartholomaei","Car.bart",35,"35","Pomacanthus arcuatus","Pom.arcu",0,35,0,0
8,"8","Caranx bartholomaei","Car.bart",36,"36","Pomacanthus paru","Pom.paru",0,35,0,0
8,"8","Caranx bartholomaei","Car.bart",37,"37","Rhomboplites aurorubens","Rho.auro",0,35,0,0
8,"8","Caranx bartholomaei","Car.bart",38,"38","Scarus coelestinus","Sca.coel",0,35,0,0
8,"8","Caranx bartholomaei","Car.bart",39,"39","Scarus coeruleus","Sca.coer",0,35,0,0
8,"8","Caranx bartholomaei","Car.bart",40,"40","Scarus guacamaia","Sca.guac",0,35,0,0
8,"8","Caranx bartholomaei","Car.bart",41,"41","Scarus iseri","Sca.iser",0,35,0,0
8,"8","Caranx bartholomaei","Car.bart",42,"42","Scarus juvenil","Sca.juv",0,35,0,0
8,"8","Caranx bartholomaei","Car.bart",43,"43","Scarus taeniopterus","Sca.taen",0,35,0,0
8,"8","Caranx bartholomaei","Car.bart",44,"44","Scarus vetula","Sca.vetu",0,35,0,0
8,"8","Caranx bartholomaei","Car.bart",45,"45","Sparisoma aurofrenatum","Spa.auro",0,35,0,0
8,"8","Caranx bartholomaei","Car.bart",46,"46","Sparisoma chrysopterum","Spa.chry",0,35,0,0
8,"8","Caranx bartholomaei","Car.bart",47,"47","Sparisoma rubripinne FI","Spa.rubr FI",0,35,0,0
8,"8","Caranx bartholomaei","Car.bart",48,"48","Sparisoma viride","Spa.viri",0,35,0,0
8,"8","Caranx bartholomaei","Car.bart",49,"49","Sparisoma viride FI","Spa.viri FI",0,35,0,0
8,"8","Caranx bartholomaei","Car.bart",50,"50","Sphyraena barracuda","Sph.barr",0,35,0,0
8,"8","Caranx bartholomaei","Car.bart",51,"51","Urobatis jamaicensis","Uro.jama",0,35,0,0
8,"8","Caranx bartholomaei","Car.bart",52,"52","unidentifiable","Unident.",0,35,0,0
8,"8","Caranx bartholomaei","Car.bart",53,"background","No matched prediction","No match",9,35,25.7142857142857,0.257142857142857
9,"9","Caranx latus","Car.latu",1,"1","Abudefduf saxatilis","Abu.saxa",0,160,0,0
9,"9","Caranx latus","Car.latu",2,"2","Acanthurus chirurgus","Aca.chir",0,160,0,0
9,"9","Caranx latus","Car.latu",3,"3","Acanthurus coeruleus","Aca.coer",0,160,0,0
9,"9","Caranx latus","Car.latu",4,"4","Anisotremus virginicus","Ani.virg",0,160,0,0
9,"9","Caranx latus","Car.latu",5,"5","Azurina cyanea","Azu.cyan",0,160,0,0
9,"9","Caranx latus","Car.latu",6,"6","Bodianus rufus","Bod.rufu",0,160,0,0
9,"9","Caranx latus","Car.latu",7,"7","Calamus spp","Cal.spp",0,160,0,0
9,"9","Caranx latus","Car.latu",8,"8","Caranx bartholomaei","Car.bart",0,160,0,0
9,"9","Caranx latus","Car.latu",9,"9","Caranx latus","Car.latu",127,160,79.375,0.79375
9,"9","Caranx latus","Car.latu",10,"10","Caranx ruber","Car.rube",0,160,0,0
9,"9","Caranx latus","Car.latu",11,"11","Cephalopholis cruentata","Cep.crue",0,160,0,0
9,"9","Caranx latus","Car.latu",12,"12","Chaetodon capistratus","Cha.capi",0,160,0,0
9,"9","Caranx latus","Car.latu",13,"13","Chaetodon ocellatus","Cha.ocel",0,160,0,0
9,"9","Caranx latus","Car.latu",14,"14","Chaetodon sedentarius","Cha.sede",0,160,0,0
9,"9","Caranx latus","Car.latu",15,"15","Chaetodon striatus","Cha.stri",0,160,0,0
9,"9","Caranx latus","Car.latu",16,"16","Chromis scotti","Chr.scot",0,160,0,0
9,"9","Caranx latus","Car.latu",17,"17","Diodon spp","Dio.spp",0,160,0,0
9,"9","Caranx latus","Car.latu",18,"18","Epinephelus spp","Epi.spp",0,160,0,0
9,"9","Caranx latus","Car.latu",19,"19","Ginglymostoma cirratum","Gin.cirr",0,160,0,0
9,"9","Caranx latus","Car.latu",20,"20","Haemulon flavolineatum","Hae.flav",0,160,0,0
9,"9","Caranx latus","Car.latu",21,"21","Haemulon juvenil","Hae.juv",0,160,0,0
9,"9","Caranx latus","Car.latu",22,"22","Haemulon plumierii","Hae.plum",0,160,0,0
9,"9","Caranx latus","Car.latu",23,"23","Haemulon plumierii juvenil","Hae.plum juv",0,160,0,0
9,"9","Caranx latus","Car.latu",24,"24","Haemulon sciurus","Hae.sciu",0,160,0,0
9,"9","Caranx latus","Car.latu",25,"25","Halichoeres spp","Hal.spp",0,160,0,0
9,"9","Caranx latus","Car.latu",26,"26","Holacanthus spp","Hol.spp",0,160,0,0
9,"9","Caranx latus","Car.latu",27,"27","Kyphosus spp","Kyp.spp",0,160,0,0
9,"9","Caranx latus","Car.latu",28,"28","Lachnolaimus maximus","Lac.maxi",0,160,0,0
9,"9","Caranx latus","Car.latu",29,"29","Lutjanus analis","Lut.anal",0,160,0,0
9,"9","Caranx latus","Car.latu",30,"30","Lutjanus griseus","Lut.gris",0,160,0,0
9,"9","Caranx latus","Car.latu",31,"31","Lutjanus jocu","Lut.jocu",0,160,0,0
9,"9","Caranx latus","Car.latu",32,"32","Mycteroperca spp","Myc.spp",0,160,0,0
9,"9","Caranx latus","Car.latu",33,"33","Nicholsina usta","Nic.usta",0,160,0,0
9,"9","Caranx latus","Car.latu",34,"34","Ocyurus chrysurus","Ocy.chry",0,160,0,0
9,"9","Caranx latus","Car.latu",35,"35","Pomacanthus arcuatus","Pom.arcu",0,160,0,0
9,"9","Caranx latus","Car.latu",36,"36","Pomacanthus paru","Pom.paru",0,160,0,0
9,"9","Caranx latus","Car.latu",37,"37","Rhomboplites aurorubens","Rho.auro",0,160,0,0
9,"9","Caranx latus","Car.latu",38,"38","Scarus coelestinus","Sca.coel",0,160,0,0
9,"9","Caranx latus","Car.latu",39,"39","Scarus coeruleus","Sca.coer",0,160,0,0
9,"9","Caranx latus","Car.latu",40,"40","Scarus guacamaia","Sca.guac",0,160,0,0
9,"9","Caranx latus","Car.latu",41,"41","Scarus iseri","Sca.iser",0,160,0,0
9,"9","Caranx latus","Car.latu",42,"42","Scarus juvenil","Sca.juv",0,160,0,0
9,"9","Caranx latus","Car.latu",43,"43","Scarus taeniopterus","Sca.taen",0,160,0,0
9,"9","Caranx latus","Car.latu",44,"44","Scarus vetula","Sca.vetu",0,160,0,0
9,"9","Caranx latus","Car.latu",45,"45","Sparisoma aurofrenatum","Spa.auro",0,160,0,0
9,"9","Caranx latus","Car.latu",46,"46","Sparisoma chrysopterum","Spa.chry",0,160,0,0
9,"9","Caranx latus","Car.latu",47,"47","Sparisoma rubripinne FI","Spa.rubr FI",0,160,0,0
9,"9","Caranx latus","Car.latu",48,"48","Sparisoma viride","Spa.viri",0,160,0,0
9,"9","Caranx latus","Car.latu",49,"49","Sparisoma viride FI","Spa.viri FI",0,160,0,0
9,"9","Caranx latus","Car.latu",50,"50","Sphyraena barracuda","Sph.barr",0,160,0,0
9,"9","Caranx latus","Car.latu",51,"51","Urobatis jamaicensis","Uro.jama",0,160,0,0
9,"9","Caranx latus","Car.latu",52,"52","unidentifiable","Unident.",0,160,0,0
9,"9","Caranx latus","Car.latu",53,"background","No matched prediction","No match",33,160,20.625,0.20625
10,"10","Caranx ruber","Car.rube",1,"1","Abudefduf saxatilis","Abu.saxa",0,29,0,0
10,"10","Caranx ruber","Car.rube",2,"2","Acanthurus chirurgus","Aca.chir",0,29,0,0
10,"10","Caranx ruber","Car.rube",3,"3","Acanthurus coeruleus","Aca.coer",0,29,0,0
10,"10","Caranx ruber","Car.rube",4,"4","Anisotremus virginicus","Ani.virg",0,29,0,0
10,"10","Caranx ruber","Car.rube",5,"5","Azurina cyanea","Azu.cyan",0,29,0,0
10,"10","Caranx ruber","Car.rube",6,"6","Bodianus rufus","Bod.rufu",0,29,0,0
10,"10","Caranx ruber","Car.rube",7,"7","Calamus spp","Cal.spp",0,29,0,0
10,"10","Caranx ruber","Car.rube",8,"8","Caranx bartholomaei","Car.bart",0,29,0,0
10,"10","Caranx ruber","Car.rube",9,"9","Caranx latus","Car.latu",0,29,0,0
10,"10","Caranx ruber","Car.rube",10,"10","Caranx ruber","Car.rube",22,29,75.8620689655172,0.758620689655172
10,"10","Caranx ruber","Car.rube",11,"11","Cephalopholis cruentata","Cep.crue",0,29,0,0
10,"10","Caranx ruber","Car.rube",12,"12","Chaetodon capistratus","Cha.capi",0,29,0,0
10,"10","Caranx ruber","Car.rube",13,"13","Chaetodon ocellatus","Cha.ocel",0,29,0,0
10,"10","Caranx ruber","Car.rube",14,"14","Chaetodon sedentarius","Cha.sede",0,29,0,0
10,"10","Caranx ruber","Car.rube",15,"15","Chaetodon striatus","Cha.stri",0,29,0,0
10,"10","Caranx ruber","Car.rube",16,"16","Chromis scotti","Chr.scot",0,29,0,0
10,"10","Caranx ruber","Car.rube",17,"17","Diodon spp","Dio.spp",0,29,0,0
10,"10","Caranx ruber","Car.rube",18,"18","Epinephelus spp","Epi.spp",0,29,0,0
10,"10","Caranx ruber","Car.rube",19,"19","Ginglymostoma cirratum","Gin.cirr",0,29,0,0
10,"10","Caranx ruber","Car.rube",20,"20","Haemulon flavolineatum","Hae.flav",0,29,0,0
10,"10","Caranx ruber","Car.rube",21,"21","Haemulon juvenil","Hae.juv",0,29,0,0
10,"10","Caranx ruber","Car.rube",22,"22","Haemulon plumierii","Hae.plum",0,29,0,0
10,"10","Caranx ruber","Car.rube",23,"23","Haemulon plumierii juvenil","Hae.plum juv",0,29,0,0
10,"10","Caranx ruber","Car.rube",24,"24","Haemulon sciurus","Hae.sciu",0,29,0,0
10,"10","Caranx ruber","Car.rube",25,"25","Halichoeres spp","Hal.spp",0,29,0,0
10,"10","Caranx ruber","Car.rube",26,"26","Holacanthus spp","Hol.spp",0,29,0,0
10,"10","Caranx ruber","Car.rube",27,"27","Kyphosus spp","Kyp.spp",0,29,0,0
10,"10","Caranx ruber","Car.rube",28,"28","Lachnolaimus maximus","Lac.maxi",0,29,0,0
10,"10","Caranx ruber","Car.rube",29,"29","Lutjanus analis","Lut.anal",0,29,0,0
10,"10","Caranx ruber","Car.rube",30,"30","Lutjanus griseus","Lut.gris",0,29,0,0
10,"10","Caranx ruber","Car.rube",31,"31","Lutjanus jocu","Lut.jocu",0,29,0,0
10,"10","Caranx ruber","Car.rube",32,"32","Mycteroperca spp","Myc.spp",0,29,0,0
10,"10","Caranx ruber","Car.rube",33,"33","Nicholsina usta","Nic.usta",0,29,0,0
10,"10","Caranx ruber","Car.rube",34,"34","Ocyurus chrysurus","Ocy.chry",0,29,0,0
10,"10","Caranx ruber","Car.rube",35,"35","Pomacanthus arcuatus","Pom.arcu",0,29,0,0
10,"10","Caranx ruber","Car.rube",36,"36","Pomacanthus paru","Pom.paru",0,29,0,0
10,"10","Caranx ruber","Car.rube",37,"37","Rhomboplites aurorubens","Rho.auro",0,29,0,0
10,"10","Caranx ruber","Car.rube",38,"38","Scarus coelestinus","Sca.coel",0,29,0,0
10,"10","Caranx ruber","Car.rube",39,"39","Scarus coeruleus","Sca.coer",0,29,0,0
10,"10","Caranx ruber","Car.rube",40,"40","Scarus guacamaia","Sca.guac",0,29,0,0
10,"10","Caranx ruber","Car.rube",41,"41","Scarus iseri","Sca.iser",0,29,0,0
10,"10","Caranx ruber","Car.rube",42,"42","Scarus juvenil","Sca.juv",0,29,0,0
10,"10","Caranx ruber","Car.rube",43,"43","Scarus taeniopterus","Sca.taen",0,29,0,0
10,"10","Caranx ruber","Car.rube",44,"44","Scarus vetula","Sca.vetu",0,29,0,0
10,"10","Caranx ruber","Car.rube",45,"45","Sparisoma aurofrenatum","Spa.auro",0,29,0,0
10,"10","Caranx ruber","Car.rube",46,"46","Sparisoma chrysopterum","Spa.chry",0,29,0,0
10,"10","Caranx ruber","Car.rube",47,"47","Sparisoma rubripinne FI","Spa.rubr FI",0,29,0,0
10,"10","Caranx ruber","Car.rube",48,"48","Sparisoma viride","Spa.viri",0,29,0,0
10,"10","Caranx ruber","Car.rube",49,"49","Sparisoma viride FI","Spa.viri FI",0,29,0,0
10,"10","Caranx ruber","Car.rube",50,"50","Sphyraena barracuda","Sph.barr",0,29,0,0
10,"10","Caranx ruber","Car.rube",51,"51","Urobatis jamaicensis","Uro.jama",0,29,0,0
10,"10","Caranx ruber","Car.rube",52,"52","unidentifiable","Unident.",3,29,10.3448275862069,0.103448275862069
10,"10","Caranx ruber","Car.rube",53,"background","No matched prediction","No match",4,29,13.7931034482759,0.137931034482759
11,"11","Cephalopholis cruentata","Cep.crue",1,"1","Abudefduf saxatilis","Abu.saxa",0,25,0,0
11,"11","Cephalopholis cruentata","Cep.crue",2,"2","Acanthurus chirurgus","Aca.chir",0,25,0,0
11,"11","Cephalopholis cruentata","Cep.crue",3,"3","Acanthurus coeruleus","Aca.coer",0,25,0,0
11,"11","Cephalopholis cruentata","Cep.crue",4,"4","Anisotremus virginicus","Ani.virg",0,25,0,0
11,"11","Cephalopholis cruentata","Cep.crue",5,"5","Azurina cyanea","Azu.cyan",0,25,0,0
11,"11","Cephalopholis cruentata","Cep.crue",6,"6","Bodianus rufus","Bod.rufu",0,25,0,0
11,"11","Cephalopholis cruentata","Cep.crue",7,"7","Calamus spp","Cal.spp",0,25,0,0
11,"11","Cephalopholis cruentata","Cep.crue",8,"8","Caranx bartholomaei","Car.bart",0,25,0,0
11,"11","Cephalopholis cruentata","Cep.crue",9,"9","Caranx latus","Car.latu",0,25,0,0
11,"11","Cephalopholis cruentata","Cep.crue",10,"10","Caranx ruber","Car.rube",0,25,0,0
11,"11","Cephalopholis cruentata","Cep.crue",11,"11","Cephalopholis cruentata","Cep.crue",12,25,48,0.48
11,"11","Cephalopholis cruentata","Cep.crue",12,"12","Chaetodon capistratus","Cha.capi",0,25,0,0
11,"11","Cephalopholis cruentata","Cep.crue",13,"13","Chaetodon ocellatus","Cha.ocel",0,25,0,0
11,"11","Cephalopholis cruentata","Cep.crue",14,"14","Chaetodon sedentarius","Cha.sede",0,25,0,0
11,"11","Cephalopholis cruentata","Cep.crue",15,"15","Chaetodon striatus","Cha.stri",0,25,0,0
11,"11","Cephalopholis cruentata","Cep.crue",16,"16","Chromis scotti","Chr.scot",0,25,0,0
11,"11","Cephalopholis cruentata","Cep.crue",17,"17","Diodon spp","Dio.spp",0,25,0,0
11,"11","Cephalopholis cruentata","Cep.crue",18,"18","Epinephelus spp","Epi.spp",3,25,12,0.12
11,"11","Cephalopholis cruentata","Cep.crue",19,"19","Ginglymostoma cirratum","Gin.cirr",0,25,0,0
11,"11","Cephalopholis cruentata","Cep.crue",20,"20","Haemulon flavolineatum","Hae.flav",0,25,0,0
11,"11","Cephalopholis cruentata","Cep.crue",21,"21","Haemulon juvenil","Hae.juv",0,25,0,0
11,"11","Cephalopholis cruentata","Cep.crue",22,"22","Haemulon plumierii","Hae.plum",0,25,0,0
11,"11","Cephalopholis cruentata","Cep.crue",23,"23","Haemulon plumierii juvenil","Hae.plum juv",0,25,0,0
11,"11","Cephalopholis cruentata","Cep.crue",24,"24","Haemulon sciurus","Hae.sciu",0,25,0,0
11,"11","Cephalopholis cruentata","Cep.crue",25,"25","Halichoeres spp","Hal.spp",0,25,0,0
11,"11","Cephalopholis cruentata","Cep.crue",26,"26","Holacanthus spp","Hol.spp",0,25,0,0
11,"11","Cephalopholis cruentata","Cep.crue",27,"27","Kyphosus spp","Kyp.spp",0,25,0,0
11,"11","Cephalopholis cruentata","Cep.crue",28,"28","Lachnolaimus maximus","Lac.maxi",0,25,0,0
11,"11","Cephalopholis cruentata","Cep.crue",29,"29","Lutjanus analis","Lut.anal",0,25,0,0
11,"11","Cephalopholis cruentata","Cep.crue",30,"30","Lutjanus griseus","Lut.gris",0,25,0,0
11,"11","Cephalopholis cruentata","Cep.crue",31,"31","Lutjanus jocu","Lut.jocu",0,25,0,0
11,"11","Cephalopholis cruentata","Cep.crue",32,"32","Mycteroperca spp","Myc.spp",0,25,0,0
11,"11","Cephalopholis cruentata","Cep.crue",33,"33","Nicholsina usta","Nic.usta",0,25,0,0
11,"11","Cephalopholis cruentata","Cep.crue",34,"34","Ocyurus chrysurus","Ocy.chry",0,25,0,0
11,"11","Cephalopholis cruentata","Cep.crue",35,"35","Pomacanthus arcuatus","Pom.arcu",0,25,0,0
11,"11","Cephalopholis cruentata","Cep.crue",36,"36","Pomacanthus paru","Pom.paru",0,25,0,0
11,"11","Cephalopholis cruentata","Cep.crue",37,"37","Rhomboplites aurorubens","Rho.auro",0,25,0,0
11,"11","Cephalopholis cruentata","Cep.crue",38,"38","Scarus coelestinus","Sca.coel",0,25,0,0
11,"11","Cephalopholis cruentata","Cep.crue",39,"39","Scarus coeruleus","Sca.coer",0,25,0,0
11,"11","Cephalopholis cruentata","Cep.crue",40,"40","Scarus guacamaia","Sca.guac",0,25,0,0
11,"11","Cephalopholis cruentata","Cep.crue",41,"41","Scarus iseri","Sca.iser",0,25,0,0
11,"11","Cephalopholis cruentata","Cep.crue",42,"42","Scarus juvenil","Sca.juv",0,25,0,0
11,"11","Cephalopholis cruentata","Cep.crue",43,"43","Scarus taeniopterus","Sca.taen",0,25,0,0
11,"11","Cephalopholis cruentata","Cep.crue",44,"44","Scarus vetula","Sca.vetu",0,25,0,0
11,"11","Cephalopholis cruentata","Cep.crue",45,"45","Sparisoma aurofrenatum","Spa.auro",0,25,0,0
11,"11","Cephalopholis cruentata","Cep.crue",46,"46","Sparisoma chrysopterum","Spa.chry",0,25,0,0
11,"11","Cephalopholis cruentata","Cep.crue",47,"47","Sparisoma rubripinne FI","Spa.rubr FI",0,25,0,0
11,"11","Cephalopholis cruentata","Cep.crue",48,"48","Sparisoma viride","Spa.viri",0,25,0,0
11,"11","Cephalopholis cruentata","Cep.crue",49,"49","Sparisoma viride FI","Spa.viri FI",0,25,0,0
11,"11","Cephalopholis cruentata","Cep.crue",50,"50","Sphyraena barracuda","Sph.barr",0,25,0,0
11,"11","Cephalopholis cruentata","Cep.crue",51,"51","Urobatis jamaicensis","Uro.jama",0,25,0,0
11,"11","Cephalopholis cruentata","Cep.crue",52,"52","unidentifiable","Unident.",0,25,0,0
11,"11","Cephalopholis cruentata","Cep.crue",53,"background","No matched prediction","No match",10,25,40,0.4
12,"12","Chaetodon capistratus","Cha.capi",1,"1","Abudefduf saxatilis","Abu.saxa",0,15,0,0
12,"12","Chaetodon capistratus","Cha.capi",2,"2","Acanthurus chirurgus","Aca.chir",0,15,0,0
12,"12","Chaetodon capistratus","Cha.capi",3,"3","Acanthurus coeruleus","Aca.coer",0,15,0,0
12,"12","Chaetodon capistratus","Cha.capi",4,"4","Anisotremus virginicus","Ani.virg",0,15,0,0
12,"12","Chaetodon capistratus","Cha.capi",5,"5","Azurina cyanea","Azu.cyan",0,15,0,0
12,"12","Chaetodon capistratus","Cha.capi",6,"6","Bodianus rufus","Bod.rufu",0,15,0,0
12,"12","Chaetodon capistratus","Cha.capi",7,"7","Calamus spp","Cal.spp",0,15,0,0
12,"12","Chaetodon capistratus","Cha.capi",8,"8","Caranx bartholomaei","Car.bart",0,15,0,0
12,"12","Chaetodon capistratus","Cha.capi",9,"9","Caranx latus","Car.latu",0,15,0,0
12,"12","Chaetodon capistratus","Cha.capi",10,"10","Caranx ruber","Car.rube",0,15,0,0
12,"12","Chaetodon capistratus","Cha.capi",11,"11","Cephalopholis cruentata","Cep.crue",0,15,0,0
12,"12","Chaetodon capistratus","Cha.capi",12,"12","Chaetodon capistratus","Cha.capi",14,15,93.3333333333333,0.933333333333333
12,"12","Chaetodon capistratus","Cha.capi",13,"13","Chaetodon ocellatus","Cha.ocel",0,15,0,0
12,"12","Chaetodon capistratus","Cha.capi",14,"14","Chaetodon sedentarius","Cha.sede",0,15,0,0
12,"12","Chaetodon capistratus","Cha.capi",15,"15","Chaetodon striatus","Cha.stri",0,15,0,0
12,"12","Chaetodon capistratus","Cha.capi",16,"16","Chromis scotti","Chr.scot",0,15,0,0
12,"12","Chaetodon capistratus","Cha.capi",17,"17","Diodon spp","Dio.spp",0,15,0,0
12,"12","Chaetodon capistratus","Cha.capi",18,"18","Epinephelus spp","Epi.spp",0,15,0,0
12,"12","Chaetodon capistratus","Cha.capi",19,"19","Ginglymostoma cirratum","Gin.cirr",0,15,0,0
12,"12","Chaetodon capistratus","Cha.capi",20,"20","Haemulon flavolineatum","Hae.flav",0,15,0,0
12,"12","Chaetodon capistratus","Cha.capi",21,"21","Haemulon juvenil","Hae.juv",0,15,0,0
12,"12","Chaetodon capistratus","Cha.capi",22,"22","Haemulon plumierii","Hae.plum",0,15,0,0
12,"12","Chaetodon capistratus","Cha.capi",23,"23","Haemulon plumierii juvenil","Hae.plum juv",0,15,0,0
12,"12","Chaetodon capistratus","Cha.capi",24,"24","Haemulon sciurus","Hae.sciu",0,15,0,0
12,"12","Chaetodon capistratus","Cha.capi",25,"25","Halichoeres spp","Hal.spp",0,15,0,0
12,"12","Chaetodon capistratus","Cha.capi",26,"26","Holacanthus spp","Hol.spp",0,15,0,0
12,"12","Chaetodon capistratus","Cha.capi",27,"27","Kyphosus spp","Kyp.spp",0,15,0,0
12,"12","Chaetodon capistratus","Cha.capi",28,"28","Lachnolaimus maximus","Lac.maxi",0,15,0,0
12,"12","Chaetodon capistratus","Cha.capi",29,"29","Lutjanus analis","Lut.anal",0,15,0,0
12,"12","Chaetodon capistratus","Cha.capi",30,"30","Lutjanus griseus","Lut.gris",0,15,0,0
12,"12","Chaetodon capistratus","Cha.capi",31,"31","Lutjanus jocu","Lut.jocu",0,15,0,0
12,"12","Chaetodon capistratus","Cha.capi",32,"32","Mycteroperca spp","Myc.spp",0,15,0,0
12,"12","Chaetodon capistratus","Cha.capi",33,"33","Nicholsina usta","Nic.usta",0,15,0,0
12,"12","Chaetodon capistratus","Cha.capi",34,"34","Ocyurus chrysurus","Ocy.chry",0,15,0,0
12,"12","Chaetodon capistratus","Cha.capi",35,"35","Pomacanthus arcuatus","Pom.arcu",0,15,0,0
12,"12","Chaetodon capistratus","Cha.capi",36,"36","Pomacanthus paru","Pom.paru",0,15,0,0
12,"12","Chaetodon capistratus","Cha.capi",37,"37","Rhomboplites aurorubens","Rho.auro",0,15,0,0
12,"12","Chaetodon capistratus","Cha.capi",38,"38","Scarus coelestinus","Sca.coel",0,15,0,0
12,"12","Chaetodon capistratus","Cha.capi",39,"39","Scarus coeruleus","Sca.coer",0,15,0,0
12,"12","Chaetodon capistratus","Cha.capi",40,"40","Scarus guacamaia","Sca.guac",0,15,0,0
12,"12","Chaetodon capistratus","Cha.capi",41,"41","Scarus iseri","Sca.iser",0,15,0,0
12,"12","Chaetodon capistratus","Cha.capi",42,"42","Scarus juvenil","Sca.juv",0,15,0,0
12,"12","Chaetodon capistratus","Cha.capi",43,"43","Scarus taeniopterus","Sca.taen",0,15,0,0
12,"12","Chaetodon capistratus","Cha.capi",44,"44","Scarus vetula","Sca.vetu",0,15,0,0
12,"12","Chaetodon capistratus","Cha.capi",45,"45","Sparisoma aurofrenatum","Spa.auro",0,15,0,0
12,"12","Chaetodon capistratus","Cha.capi",46,"46","Sparisoma chrysopterum","Spa.chry",0,15,0,0
12,"12","Chaetodon capistratus","Cha.capi",47,"47","Sparisoma rubripinne FI","Spa.rubr FI",0,15,0,0
12,"12","Chaetodon capistratus","Cha.capi",48,"48","Sparisoma viride","Spa.viri",0,15,0,0
12,"12","Chaetodon capistratus","Cha.capi",49,"49","Sparisoma viride FI","Spa.viri FI",0,15,0,0
12,"12","Chaetodon capistratus","Cha.capi",50,"50","Sphyraena barracuda","Sph.barr",0,15,0,0
12,"12","Chaetodon capistratus","Cha.capi",51,"51","Urobatis jamaicensis","Uro.jama",0,15,0,0
12,"12","Chaetodon capistratus","Cha.capi",52,"52","unidentifiable","Unident.",0,15,0,0
12,"12","Chaetodon capistratus","Cha.capi",53,"background","No matched prediction","No match",1,15,6.66666666666667,0.0666666666666667
13,"13","Chaetodon ocellatus","Cha.ocel",1,"1","Abudefduf saxatilis","Abu.saxa",0,26,0,0
13,"13","Chaetodon ocellatus","Cha.ocel",2,"2","Acanthurus chirurgus","Aca.chir",0,26,0,0
13,"13","Chaetodon ocellatus","Cha.ocel",3,"3","Acanthurus coeruleus","Aca.coer",0,26,0,0
13,"13","Chaetodon ocellatus","Cha.ocel",4,"4","Anisotremus virginicus","Ani.virg",2,26,7.69230769230769,0.0769230769230769
13,"13","Chaetodon ocellatus","Cha.ocel",5,"5","Azurina cyanea","Azu.cyan",0,26,0,0
13,"13","Chaetodon ocellatus","Cha.ocel",6,"6","Bodianus rufus","Bod.rufu",0,26,0,0
13,"13","Chaetodon ocellatus","Cha.ocel",7,"7","Calamus spp","Cal.spp",0,26,0,0
13,"13","Chaetodon ocellatus","Cha.ocel",8,"8","Caranx bartholomaei","Car.bart",0,26,0,0
13,"13","Chaetodon ocellatus","Cha.ocel",9,"9","Caranx latus","Car.latu",0,26,0,0
13,"13","Chaetodon ocellatus","Cha.ocel",10,"10","Caranx ruber","Car.rube",0,26,0,0
13,"13","Chaetodon ocellatus","Cha.ocel",11,"11","Cephalopholis cruentata","Cep.crue",0,26,0,0
13,"13","Chaetodon ocellatus","Cha.ocel",12,"12","Chaetodon capistratus","Cha.capi",0,26,0,0
13,"13","Chaetodon ocellatus","Cha.ocel",13,"13","Chaetodon ocellatus","Cha.ocel",14,26,53.8461538461538,0.538461538461538
13,"13","Chaetodon ocellatus","Cha.ocel",14,"14","Chaetodon sedentarius","Cha.sede",0,26,0,0
13,"13","Chaetodon ocellatus","Cha.ocel",15,"15","Chaetodon striatus","Cha.stri",0,26,0,0
13,"13","Chaetodon ocellatus","Cha.ocel",16,"16","Chromis scotti","Chr.scot",0,26,0,0
13,"13","Chaetodon ocellatus","Cha.ocel",17,"17","Diodon spp","Dio.spp",0,26,0,0
13,"13","Chaetodon ocellatus","Cha.ocel",18,"18","Epinephelus spp","Epi.spp",0,26,0,0
13,"13","Chaetodon ocellatus","Cha.ocel",19,"19","Ginglymostoma cirratum","Gin.cirr",0,26,0,0
13,"13","Chaetodon ocellatus","Cha.ocel",20,"20","Haemulon flavolineatum","Hae.flav",0,26,0,0
13,"13","Chaetodon ocellatus","Cha.ocel",21,"21","Haemulon juvenil","Hae.juv",0,26,0,0
13,"13","Chaetodon ocellatus","Cha.ocel",22,"22","Haemulon plumierii","Hae.plum",0,26,0,0
13,"13","Chaetodon ocellatus","Cha.ocel",23,"23","Haemulon plumierii juvenil","Hae.plum juv",0,26,0,0
13,"13","Chaetodon ocellatus","Cha.ocel",24,"24","Haemulon sciurus","Hae.sciu",0,26,0,0
13,"13","Chaetodon ocellatus","Cha.ocel",25,"25","Halichoeres spp","Hal.spp",0,26,0,0
13,"13","Chaetodon ocellatus","Cha.ocel",26,"26","Holacanthus spp","Hol.spp",3,26,11.5384615384615,0.115384615384615
13,"13","Chaetodon ocellatus","Cha.ocel",27,"27","Kyphosus spp","Kyp.spp",0,26,0,0
13,"13","Chaetodon ocellatus","Cha.ocel",28,"28","Lachnolaimus maximus","Lac.maxi",0,26,0,0
13,"13","Chaetodon ocellatus","Cha.ocel",29,"29","Lutjanus analis","Lut.anal",0,26,0,0
13,"13","Chaetodon ocellatus","Cha.ocel",30,"30","Lutjanus griseus","Lut.gris",0,26,0,0
13,"13","Chaetodon ocellatus","Cha.ocel",31,"31","Lutjanus jocu","Lut.jocu",0,26,0,0
13,"13","Chaetodon ocellatus","Cha.ocel",32,"32","Mycteroperca spp","Myc.spp",0,26,0,0
13,"13","Chaetodon ocellatus","Cha.ocel",33,"33","Nicholsina usta","Nic.usta",0,26,0,0
13,"13","Chaetodon ocellatus","Cha.ocel",34,"34","Ocyurus chrysurus","Ocy.chry",1,26,3.84615384615385,0.0384615384615385
13,"13","Chaetodon ocellatus","Cha.ocel",35,"35","Pomacanthus arcuatus","Pom.arcu",0,26,0,0
13,"13","Chaetodon ocellatus","Cha.ocel",36,"36","Pomacanthus paru","Pom.paru",0,26,0,0
13,"13","Chaetodon ocellatus","Cha.ocel",37,"37","Rhomboplites aurorubens","Rho.auro",0,26,0,0
13,"13","Chaetodon ocellatus","Cha.ocel",38,"38","Scarus coelestinus","Sca.coel",0,26,0,0
13,"13","Chaetodon ocellatus","Cha.ocel",39,"39","Scarus coeruleus","Sca.coer",0,26,0,0
13,"13","Chaetodon ocellatus","Cha.ocel",40,"40","Scarus guacamaia","Sca.guac",0,26,0,0
13,"13","Chaetodon ocellatus","Cha.ocel",41,"41","Scarus iseri","Sca.iser",0,26,0,0
13,"13","Chaetodon ocellatus","Cha.ocel",42,"42","Scarus juvenil","Sca.juv",0,26,0,0
13,"13","Chaetodon ocellatus","Cha.ocel",43,"43","Scarus taeniopterus","Sca.taen",0,26,0,0
13,"13","Chaetodon ocellatus","Cha.ocel",44,"44","Scarus vetula","Sca.vetu",0,26,0,0
13,"13","Chaetodon ocellatus","Cha.ocel",45,"45","Sparisoma aurofrenatum","Spa.auro",0,26,0,0
13,"13","Chaetodon ocellatus","Cha.ocel",46,"46","Sparisoma chrysopterum","Spa.chry",0,26,0,0
13,"13","Chaetodon ocellatus","Cha.ocel",47,"47","Sparisoma rubripinne FI","Spa.rubr FI",0,26,0,0
13,"13","Chaetodon ocellatus","Cha.ocel",48,"48","Sparisoma viride","Spa.viri",0,26,0,0
13,"13","Chaetodon ocellatus","Cha.ocel",49,"49","Sparisoma viride FI","Spa.viri FI",0,26,0,0
13,"13","Chaetodon ocellatus","Cha.ocel",50,"50","Sphyraena barracuda","Sph.barr",0,26,0,0
13,"13","Chaetodon ocellatus","Cha.ocel",51,"51","Urobatis jamaicensis","Uro.jama",0,26,0,0
13,"13","Chaetodon ocellatus","Cha.ocel",52,"52","unidentifiable","Unident.",0,26,0,0
13,"13","Chaetodon ocellatus","Cha.ocel",53,"background","No matched prediction","No match",6,26,23.0769230769231,0.230769230769231
14,"14","Chaetodon sedentarius","Cha.sede",1,"1","Abudefduf saxatilis","Abu.saxa",0,23,0,0
14,"14","Chaetodon sedentarius","Cha.sede",2,"2","Acanthurus chirurgus","Aca.chir",0,23,0,0
14,"14","Chaetodon sedentarius","Cha.sede",3,"3","Acanthurus coeruleus","Aca.coer",0,23,0,0
14,"14","Chaetodon sedentarius","Cha.sede",4,"4","Anisotremus virginicus","Ani.virg",0,23,0,0
14,"14","Chaetodon sedentarius","Cha.sede",5,"5","Azurina cyanea","Azu.cyan",0,23,0,0
14,"14","Chaetodon sedentarius","Cha.sede",6,"6","Bodianus rufus","Bod.rufu",0,23,0,0
14,"14","Chaetodon sedentarius","Cha.sede",7,"7","Calamus spp","Cal.spp",0,23,0,0
14,"14","Chaetodon sedentarius","Cha.sede",8,"8","Caranx bartholomaei","Car.bart",0,23,0,0
14,"14","Chaetodon sedentarius","Cha.sede",9,"9","Caranx latus","Car.latu",0,23,0,0
14,"14","Chaetodon sedentarius","Cha.sede",10,"10","Caranx ruber","Car.rube",0,23,0,0
14,"14","Chaetodon sedentarius","Cha.sede",11,"11","Cephalopholis cruentata","Cep.crue",0,23,0,0
14,"14","Chaetodon sedentarius","Cha.sede",12,"12","Chaetodon capistratus","Cha.capi",0,23,0,0
14,"14","Chaetodon sedentarius","Cha.sede",13,"13","Chaetodon ocellatus","Cha.ocel",1,23,4.34782608695652,0.0434782608695652
14,"14","Chaetodon sedentarius","Cha.sede",14,"14","Chaetodon sedentarius","Cha.sede",16,23,69.5652173913043,0.695652173913043
14,"14","Chaetodon sedentarius","Cha.sede",15,"15","Chaetodon striatus","Cha.stri",0,23,0,0
14,"14","Chaetodon sedentarius","Cha.sede",16,"16","Chromis scotti","Chr.scot",0,23,0,0
14,"14","Chaetodon sedentarius","Cha.sede",17,"17","Diodon spp","Dio.spp",0,23,0,0
14,"14","Chaetodon sedentarius","Cha.sede",18,"18","Epinephelus spp","Epi.spp",0,23,0,0
14,"14","Chaetodon sedentarius","Cha.sede",19,"19","Ginglymostoma cirratum","Gin.cirr",0,23,0,0
14,"14","Chaetodon sedentarius","Cha.sede",20,"20","Haemulon flavolineatum","Hae.flav",0,23,0,0
14,"14","Chaetodon sedentarius","Cha.sede",21,"21","Haemulon juvenil","Hae.juv",0,23,0,0
14,"14","Chaetodon sedentarius","Cha.sede",22,"22","Haemulon plumierii","Hae.plum",0,23,0,0
14,"14","Chaetodon sedentarius","Cha.sede",23,"23","Haemulon plumierii juvenil","Hae.plum juv",0,23,0,0
14,"14","Chaetodon sedentarius","Cha.sede",24,"24","Haemulon sciurus","Hae.sciu",0,23,0,0
14,"14","Chaetodon sedentarius","Cha.sede",25,"25","Halichoeres spp","Hal.spp",0,23,0,0
14,"14","Chaetodon sedentarius","Cha.sede",26,"26","Holacanthus spp","Hol.spp",0,23,0,0
14,"14","Chaetodon sedentarius","Cha.sede",27,"27","Kyphosus spp","Kyp.spp",0,23,0,0
14,"14","Chaetodon sedentarius","Cha.sede",28,"28","Lachnolaimus maximus","Lac.maxi",0,23,0,0
14,"14","Chaetodon sedentarius","Cha.sede",29,"29","Lutjanus analis","Lut.anal",0,23,0,0
14,"14","Chaetodon sedentarius","Cha.sede",30,"30","Lutjanus griseus","Lut.gris",0,23,0,0
14,"14","Chaetodon sedentarius","Cha.sede",31,"31","Lutjanus jocu","Lut.jocu",0,23,0,0
14,"14","Chaetodon sedentarius","Cha.sede",32,"32","Mycteroperca spp","Myc.spp",0,23,0,0
14,"14","Chaetodon sedentarius","Cha.sede",33,"33","Nicholsina usta","Nic.usta",0,23,0,0
14,"14","Chaetodon sedentarius","Cha.sede",34,"34","Ocyurus chrysurus","Ocy.chry",0,23,0,0
14,"14","Chaetodon sedentarius","Cha.sede",35,"35","Pomacanthus arcuatus","Pom.arcu",0,23,0,0
14,"14","Chaetodon sedentarius","Cha.sede",36,"36","Pomacanthus paru","Pom.paru",0,23,0,0
14,"14","Chaetodon sedentarius","Cha.sede",37,"37","Rhomboplites aurorubens","Rho.auro",0,23,0,0
14,"14","Chaetodon sedentarius","Cha.sede",38,"38","Scarus coelestinus","Sca.coel",0,23,0,0
14,"14","Chaetodon sedentarius","Cha.sede",39,"39","Scarus coeruleus","Sca.coer",0,23,0,0
14,"14","Chaetodon sedentarius","Cha.sede",40,"40","Scarus guacamaia","Sca.guac",0,23,0,0
14,"14","Chaetodon sedentarius","Cha.sede",41,"41","Scarus iseri","Sca.iser",0,23,0,0
14,"14","Chaetodon sedentarius","Cha.sede",42,"42","Scarus juvenil","Sca.juv",0,23,0,0
14,"14","Chaetodon sedentarius","Cha.sede",43,"43","Scarus taeniopterus","Sca.taen",0,23,0,0
14,"14","Chaetodon sedentarius","Cha.sede",44,"44","Scarus vetula","Sca.vetu",0,23,0,0
14,"14","Chaetodon sedentarius","Cha.sede",45,"45","Sparisoma aurofrenatum","Spa.auro",0,23,0,0
14,"14","Chaetodon sedentarius","Cha.sede",46,"46","Sparisoma chrysopterum","Spa.chry",0,23,0,0
14,"14","Chaetodon sedentarius","Cha.sede",47,"47","Sparisoma rubripinne FI","Spa.rubr FI",0,23,0,0
14,"14","Chaetodon sedentarius","Cha.sede",48,"48","Sparisoma viride","Spa.viri",0,23,0,0
14,"14","Chaetodon sedentarius","Cha.sede",49,"49","Sparisoma viride FI","Spa.viri FI",0,23,0,0
14,"14","Chaetodon sedentarius","Cha.sede",50,"50","Sphyraena barracuda","Sph.barr",0,23,0,0
14,"14","Chaetodon sedentarius","Cha.sede",51,"51","Urobatis jamaicensis","Uro.jama",0,23,0,0
14,"14","Chaetodon sedentarius","Cha.sede",52,"52","unidentifiable","Unident.",0,23,0,0
14,"14","Chaetodon sedentarius","Cha.sede",53,"background","No matched prediction","No match",6,23,26.0869565217391,0.260869565217391
15,"15","Chaetodon striatus","Cha.stri",1,"1","Abudefduf saxatilis","Abu.saxa",0,25,0,0
15,"15","Chaetodon striatus","Cha.stri",2,"2","Acanthurus chirurgus","Aca.chir",0,25,0,0
15,"15","Chaetodon striatus","Cha.stri",3,"3","Acanthurus coeruleus","Aca.coer",0,25,0,0
15,"15","Chaetodon striatus","Cha.stri",4,"4","Anisotremus virginicus","Ani.virg",0,25,0,0
15,"15","Chaetodon striatus","Cha.stri",5,"5","Azurina cyanea","Azu.cyan",0,25,0,0
15,"15","Chaetodon striatus","Cha.stri",6,"6","Bodianus rufus","Bod.rufu",0,25,0,0
15,"15","Chaetodon striatus","Cha.stri",7,"7","Calamus spp","Cal.spp",0,25,0,0
15,"15","Chaetodon striatus","Cha.stri",8,"8","Caranx bartholomaei","Car.bart",0,25,0,0
15,"15","Chaetodon striatus","Cha.stri",9,"9","Caranx latus","Car.latu",0,25,0,0
15,"15","Chaetodon striatus","Cha.stri",10,"10","Caranx ruber","Car.rube",0,25,0,0
15,"15","Chaetodon striatus","Cha.stri",11,"11","Cephalopholis cruentata","Cep.crue",0,25,0,0
15,"15","Chaetodon striatus","Cha.stri",12,"12","Chaetodon capistratus","Cha.capi",0,25,0,0
15,"15","Chaetodon striatus","Cha.stri",13,"13","Chaetodon ocellatus","Cha.ocel",0,25,0,0
15,"15","Chaetodon striatus","Cha.stri",14,"14","Chaetodon sedentarius","Cha.sede",0,25,0,0
15,"15","Chaetodon striatus","Cha.stri",15,"15","Chaetodon striatus","Cha.stri",21,25,84,0.84
15,"15","Chaetodon striatus","Cha.stri",16,"16","Chromis scotti","Chr.scot",0,25,0,0
15,"15","Chaetodon striatus","Cha.stri",17,"17","Diodon spp","Dio.spp",0,25,0,0
15,"15","Chaetodon striatus","Cha.stri",18,"18","Epinephelus spp","Epi.spp",0,25,0,0
15,"15","Chaetodon striatus","Cha.stri",19,"19","Ginglymostoma cirratum","Gin.cirr",0,25,0,0
15,"15","Chaetodon striatus","Cha.stri",20,"20","Haemulon flavolineatum","Hae.flav",0,25,0,0
15,"15","Chaetodon striatus","Cha.stri",21,"21","Haemulon juvenil","Hae.juv",0,25,0,0
15,"15","Chaetodon striatus","Cha.stri",22,"22","Haemulon plumierii","Hae.plum",0,25,0,0
15,"15","Chaetodon striatus","Cha.stri",23,"23","Haemulon plumierii juvenil","Hae.plum juv",0,25,0,0
15,"15","Chaetodon striatus","Cha.stri",24,"24","Haemulon sciurus","Hae.sciu",0,25,0,0
15,"15","Chaetodon striatus","Cha.stri",25,"25","Halichoeres spp","Hal.spp",0,25,0,0
15,"15","Chaetodon striatus","Cha.stri",26,"26","Holacanthus spp","Hol.spp",0,25,0,0
15,"15","Chaetodon striatus","Cha.stri",27,"27","Kyphosus spp","Kyp.spp",0,25,0,0
15,"15","Chaetodon striatus","Cha.stri",28,"28","Lachnolaimus maximus","Lac.maxi",0,25,0,0
15,"15","Chaetodon striatus","Cha.stri",29,"29","Lutjanus analis","Lut.anal",0,25,0,0
15,"15","Chaetodon striatus","Cha.stri",30,"30","Lutjanus griseus","Lut.gris",0,25,0,0
15,"15","Chaetodon striatus","Cha.stri",31,"31","Lutjanus jocu","Lut.jocu",0,25,0,0
15,"15","Chaetodon striatus","Cha.stri",32,"32","Mycteroperca spp","Myc.spp",0,25,0,0
15,"15","Chaetodon striatus","Cha.stri",33,"33","Nicholsina usta","Nic.usta",0,25,0,0
15,"15","Chaetodon striatus","Cha.stri",34,"34","Ocyurus chrysurus","Ocy.chry",0,25,0,0
15,"15","Chaetodon striatus","Cha.stri",35,"35","Pomacanthus arcuatus","Pom.arcu",0,25,0,0
15,"15","Chaetodon striatus","Cha.stri",36,"36","Pomacanthus paru","Pom.paru",0,25,0,0
15,"15","Chaetodon striatus","Cha.stri",37,"37","Rhomboplites aurorubens","Rho.auro",0,25,0,0
15,"15","Chaetodon striatus","Cha.stri",38,"38","Scarus coelestinus","Sca.coel",0,25,0,0
15,"15","Chaetodon striatus","Cha.stri",39,"39","Scarus coeruleus","Sca.coer",0,25,0,0
15,"15","Chaetodon striatus","Cha.stri",40,"40","Scarus guacamaia","Sca.guac",0,25,0,0
15,"15","Chaetodon striatus","Cha.stri",41,"41","Scarus iseri","Sca.iser",0,25,0,0
15,"15","Chaetodon striatus","Cha.stri",42,"42","Scarus juvenil","Sca.juv",0,25,0,0
15,"15","Chaetodon striatus","Cha.stri",43,"43","Scarus taeniopterus","Sca.taen",0,25,0,0
15,"15","Chaetodon striatus","Cha.stri",44,"44","Scarus vetula","Sca.vetu",0,25,0,0
15,"15","Chaetodon striatus","Cha.stri",45,"45","Sparisoma aurofrenatum","Spa.auro",0,25,0,0
15,"15","Chaetodon striatus","Cha.stri",46,"46","Sparisoma chrysopterum","Spa.chry",0,25,0,0
15,"15","Chaetodon striatus","Cha.stri",47,"47","Sparisoma rubripinne FI","Spa.rubr FI",0,25,0,0
15,"15","Chaetodon striatus","Cha.stri",48,"48","Sparisoma viride","Spa.viri",0,25,0,0
15,"15","Chaetodon striatus","Cha.stri",49,"49","Sparisoma viride FI","Spa.viri FI",0,25,0,0
15,"15","Chaetodon striatus","Cha.stri",50,"50","Sphyraena barracuda","Sph.barr",0,25,0,0
15,"15","Chaetodon striatus","Cha.stri",51,"51","Urobatis jamaicensis","Uro.jama",0,25,0,0
15,"15","Chaetodon striatus","Cha.stri",52,"52","unidentifiable","Unident.",0,25,0,0
15,"15","Chaetodon striatus","Cha.stri",53,"background","No matched prediction","No match",4,25,16,0.16
16,"16","Chromis scotti","Chr.scot",1,"1","Abudefduf saxatilis","Abu.saxa",0,35,0,0
16,"16","Chromis scotti","Chr.scot",2,"2","Acanthurus chirurgus","Aca.chir",0,35,0,0
16,"16","Chromis scotti","Chr.scot",3,"3","Acanthurus coeruleus","Aca.coer",0,35,0,0
16,"16","Chromis scotti","Chr.scot",4,"4","Anisotremus virginicus","Ani.virg",0,35,0,0
16,"16","Chromis scotti","Chr.scot",5,"5","Azurina cyanea","Azu.cyan",0,35,0,0
16,"16","Chromis scotti","Chr.scot",6,"6","Bodianus rufus","Bod.rufu",0,35,0,0
16,"16","Chromis scotti","Chr.scot",7,"7","Calamus spp","Cal.spp",0,35,0,0
16,"16","Chromis scotti","Chr.scot",8,"8","Caranx bartholomaei","Car.bart",0,35,0,0
16,"16","Chromis scotti","Chr.scot",9,"9","Caranx latus","Car.latu",0,35,0,0
16,"16","Chromis scotti","Chr.scot",10,"10","Caranx ruber","Car.rube",0,35,0,0
16,"16","Chromis scotti","Chr.scot",11,"11","Cephalopholis cruentata","Cep.crue",0,35,0,0
16,"16","Chromis scotti","Chr.scot",12,"12","Chaetodon capistratus","Cha.capi",0,35,0,0
16,"16","Chromis scotti","Chr.scot",13,"13","Chaetodon ocellatus","Cha.ocel",0,35,0,0
16,"16","Chromis scotti","Chr.scot",14,"14","Chaetodon sedentarius","Cha.sede",0,35,0,0
16,"16","Chromis scotti","Chr.scot",15,"15","Chaetodon striatus","Cha.stri",0,35,0,0
16,"16","Chromis scotti","Chr.scot",16,"16","Chromis scotti","Chr.scot",31,35,88.5714285714286,0.885714285714286
16,"16","Chromis scotti","Chr.scot",17,"17","Diodon spp","Dio.spp",0,35,0,0
16,"16","Chromis scotti","Chr.scot",18,"18","Epinephelus spp","Epi.spp",0,35,0,0
16,"16","Chromis scotti","Chr.scot",19,"19","Ginglymostoma cirratum","Gin.cirr",0,35,0,0
16,"16","Chromis scotti","Chr.scot",20,"20","Haemulon flavolineatum","Hae.flav",0,35,0,0
16,"16","Chromis scotti","Chr.scot",21,"21","Haemulon juvenil","Hae.juv",0,35,0,0
16,"16","Chromis scotti","Chr.scot",22,"22","Haemulon plumierii","Hae.plum",0,35,0,0
16,"16","Chromis scotti","Chr.scot",23,"23","Haemulon plumierii juvenil","Hae.plum juv",0,35,0,0
16,"16","Chromis scotti","Chr.scot",24,"24","Haemulon sciurus","Hae.sciu",0,35,0,0
16,"16","Chromis scotti","Chr.scot",25,"25","Halichoeres spp","Hal.spp",0,35,0,0
16,"16","Chromis scotti","Chr.scot",26,"26","Holacanthus spp","Hol.spp",0,35,0,0
16,"16","Chromis scotti","Chr.scot",27,"27","Kyphosus spp","Kyp.spp",0,35,0,0
16,"16","Chromis scotti","Chr.scot",28,"28","Lachnolaimus maximus","Lac.maxi",0,35,0,0
16,"16","Chromis scotti","Chr.scot",29,"29","Lutjanus analis","Lut.anal",0,35,0,0
16,"16","Chromis scotti","Chr.scot",30,"30","Lutjanus griseus","Lut.gris",0,35,0,0
16,"16","Chromis scotti","Chr.scot",31,"31","Lutjanus jocu","Lut.jocu",0,35,0,0
16,"16","Chromis scotti","Chr.scot",32,"32","Mycteroperca spp","Myc.spp",0,35,0,0
16,"16","Chromis scotti","Chr.scot",33,"33","Nicholsina usta","Nic.usta",0,35,0,0
16,"16","Chromis scotti","Chr.scot",34,"34","Ocyurus chrysurus","Ocy.chry",0,35,0,0
16,"16","Chromis scotti","Chr.scot",35,"35","Pomacanthus arcuatus","Pom.arcu",0,35,0,0
16,"16","Chromis scotti","Chr.scot",36,"36","Pomacanthus paru","Pom.paru",0,35,0,0
16,"16","Chromis scotti","Chr.scot",37,"37","Rhomboplites aurorubens","Rho.auro",0,35,0,0
16,"16","Chromis scotti","Chr.scot",38,"38","Scarus coelestinus","Sca.coel",0,35,0,0
16,"16","Chromis scotti","Chr.scot",39,"39","Scarus coeruleus","Sca.coer",0,35,0,0
16,"16","Chromis scotti","Chr.scot",40,"40","Scarus guacamaia","Sca.guac",0,35,0,0
16,"16","Chromis scotti","Chr.scot",41,"41","Scarus iseri","Sca.iser",0,35,0,0
16,"16","Chromis scotti","Chr.scot",42,"42","Scarus juvenil","Sca.juv",0,35,0,0
16,"16","Chromis scotti","Chr.scot",43,"43","Scarus taeniopterus","Sca.taen",0,35,0,0
16,"16","Chromis scotti","Chr.scot",44,"44","Scarus vetula","Sca.vetu",0,35,0,0
16,"16","Chromis scotti","Chr.scot",45,"45","Sparisoma aurofrenatum","Spa.auro",0,35,0,0
16,"16","Chromis scotti","Chr.scot",46,"46","Sparisoma chrysopterum","Spa.chry",0,35,0,0
16,"16","Chromis scotti","Chr.scot",47,"47","Sparisoma rubripinne FI","Spa.rubr FI",0,35,0,0
16,"16","Chromis scotti","Chr.scot",48,"48","Sparisoma viride","Spa.viri",0,35,0,0
16,"16","Chromis scotti","Chr.scot",49,"49","Sparisoma viride FI","Spa.viri FI",0,35,0,0
16,"16","Chromis scotti","Chr.scot",50,"50","Sphyraena barracuda","Sph.barr",0,35,0,0
16,"16","Chromis scotti","Chr.scot",51,"51","Urobatis jamaicensis","Uro.jama",0,35,0,0
16,"16","Chromis scotti","Chr.scot",52,"52","unidentifiable","Unident.",0,35,0,0
16,"16","Chromis scotti","Chr.scot",53,"background","No matched prediction","No match",4,35,11.4285714285714,0.114285714285714
17,"17","Diodon spp","Dio.spp",1,"1","Abudefduf saxatilis","Abu.saxa",0,34,0,0
17,"17","Diodon spp","Dio.spp",2,"2","Acanthurus chirurgus","Aca.chir",0,34,0,0
17,"17","Diodon spp","Dio.spp",3,"3","Acanthurus coeruleus","Aca.coer",0,34,0,0
17,"17","Diodon spp","Dio.spp",4,"4","Anisotremus virginicus","Ani.virg",0,34,0,0
17,"17","Diodon spp","Dio.spp",5,"5","Azurina cyanea","Azu.cyan",0,34,0,0
17,"17","Diodon spp","Dio.spp",6,"6","Bodianus rufus","Bod.rufu",0,34,0,0
17,"17","Diodon spp","Dio.spp",7,"7","Calamus spp","Cal.spp",0,34,0,0
17,"17","Diodon spp","Dio.spp",8,"8","Caranx bartholomaei","Car.bart",0,34,0,0
17,"17","Diodon spp","Dio.spp",9,"9","Caranx latus","Car.latu",0,34,0,0
17,"17","Diodon spp","Dio.spp",10,"10","Caranx ruber","Car.rube",0,34,0,0
17,"17","Diodon spp","Dio.spp",11,"11","Cephalopholis cruentata","Cep.crue",0,34,0,0
17,"17","Diodon spp","Dio.spp",12,"12","Chaetodon capistratus","Cha.capi",0,34,0,0
17,"17","Diodon spp","Dio.spp",13,"13","Chaetodon ocellatus","Cha.ocel",0,34,0,0
17,"17","Diodon spp","Dio.spp",14,"14","Chaetodon sedentarius","Cha.sede",0,34,0,0
17,"17","Diodon spp","Dio.spp",15,"15","Chaetodon striatus","Cha.stri",0,34,0,0
17,"17","Diodon spp","Dio.spp",16,"16","Chromis scotti","Chr.scot",0,34,0,0
17,"17","Diodon spp","Dio.spp",17,"17","Diodon spp","Dio.spp",26,34,76.4705882352941,0.764705882352941
17,"17","Diodon spp","Dio.spp",18,"18","Epinephelus spp","Epi.spp",0,34,0,0
17,"17","Diodon spp","Dio.spp",19,"19","Ginglymostoma cirratum","Gin.cirr",0,34,0,0
17,"17","Diodon spp","Dio.spp",20,"20","Haemulon flavolineatum","Hae.flav",0,34,0,0
17,"17","Diodon spp","Dio.spp",21,"21","Haemulon juvenil","Hae.juv",0,34,0,0
17,"17","Diodon spp","Dio.spp",22,"22","Haemulon plumierii","Hae.plum",0,34,0,0
17,"17","Diodon spp","Dio.spp",23,"23","Haemulon plumierii juvenil","Hae.plum juv",0,34,0,0
17,"17","Diodon spp","Dio.spp",24,"24","Haemulon sciurus","Hae.sciu",0,34,0,0
17,"17","Diodon spp","Dio.spp",25,"25","Halichoeres spp","Hal.spp",0,34,0,0
17,"17","Diodon spp","Dio.spp",26,"26","Holacanthus spp","Hol.spp",0,34,0,0
17,"17","Diodon spp","Dio.spp",27,"27","Kyphosus spp","Kyp.spp",0,34,0,0
17,"17","Diodon spp","Dio.spp",28,"28","Lachnolaimus maximus","Lac.maxi",0,34,0,0
17,"17","Diodon spp","Dio.spp",29,"29","Lutjanus analis","Lut.anal",0,34,0,0
17,"17","Diodon spp","Dio.spp",30,"30","Lutjanus griseus","Lut.gris",0,34,0,0
17,"17","Diodon spp","Dio.spp",31,"31","Lutjanus jocu","Lut.jocu",0,34,0,0
17,"17","Diodon spp","Dio.spp",32,"32","Mycteroperca spp","Myc.spp",0,34,0,0
17,"17","Diodon spp","Dio.spp",33,"33","Nicholsina usta","Nic.usta",0,34,0,0
17,"17","Diodon spp","Dio.spp",34,"34","Ocyurus chrysurus","Ocy.chry",0,34,0,0
17,"17","Diodon spp","Dio.spp",35,"35","Pomacanthus arcuatus","Pom.arcu",0,34,0,0
17,"17","Diodon spp","Dio.spp",36,"36","Pomacanthus paru","Pom.paru",0,34,0,0
17,"17","Diodon spp","Dio.spp",37,"37","Rhomboplites aurorubens","Rho.auro",0,34,0,0
17,"17","Diodon spp","Dio.spp",38,"38","Scarus coelestinus","Sca.coel",0,34,0,0
17,"17","Diodon spp","Dio.spp",39,"39","Scarus coeruleus","Sca.coer",0,34,0,0
17,"17","Diodon spp","Dio.spp",40,"40","Scarus guacamaia","Sca.guac",0,34,0,0
17,"17","Diodon spp","Dio.spp",41,"41","Scarus iseri","Sca.iser",0,34,0,0
17,"17","Diodon spp","Dio.spp",42,"42","Scarus juvenil","Sca.juv",0,34,0,0
17,"17","Diodon spp","Dio.spp",43,"43","Scarus taeniopterus","Sca.taen",0,34,0,0
17,"17","Diodon spp","Dio.spp",44,"44","Scarus vetula","Sca.vetu",0,34,0,0
17,"17","Diodon spp","Dio.spp",45,"45","Sparisoma aurofrenatum","Spa.auro",0,34,0,0
17,"17","Diodon spp","Dio.spp",46,"46","Sparisoma chrysopterum","Spa.chry",0,34,0,0
17,"17","Diodon spp","Dio.spp",47,"47","Sparisoma rubripinne FI","Spa.rubr FI",0,34,0,0
17,"17","Diodon spp","Dio.spp",48,"48","Sparisoma viride","Spa.viri",0,34,0,0
17,"17","Diodon spp","Dio.spp",49,"49","Sparisoma viride FI","Spa.viri FI",0,34,0,0
17,"17","Diodon spp","Dio.spp",50,"50","Sphyraena barracuda","Sph.barr",0,34,0,0
17,"17","Diodon spp","Dio.spp",51,"51","Urobatis jamaicensis","Uro.jama",0,34,0,0
17,"17","Diodon spp","Dio.spp",52,"52","unidentifiable","Unident.",0,34,0,0
17,"17","Diodon spp","Dio.spp",53,"background","No matched prediction","No match",8,34,23.5294117647059,0.235294117647059
18,"18","Epinephelus spp","Epi.spp",1,"1","Abudefduf saxatilis","Abu.saxa",0,29,0,0
18,"18","Epinephelus spp","Epi.spp",2,"2","Acanthurus chirurgus","Aca.chir",0,29,0,0
18,"18","Epinephelus spp","Epi.spp",3,"3","Acanthurus coeruleus","Aca.coer",0,29,0,0
18,"18","Epinephelus spp","Epi.spp",4,"4","Anisotremus virginicus","Ani.virg",0,29,0,0
18,"18","Epinephelus spp","Epi.spp",5,"5","Azurina cyanea","Azu.cyan",0,29,0,0
18,"18","Epinephelus spp","Epi.spp",6,"6","Bodianus rufus","Bod.rufu",0,29,0,0
18,"18","Epinephelus spp","Epi.spp",7,"7","Calamus spp","Cal.spp",1,29,3.44827586206897,0.0344827586206897
18,"18","Epinephelus spp","Epi.spp",8,"8","Caranx bartholomaei","Car.bart",0,29,0,0
18,"18","Epinephelus spp","Epi.spp",9,"9","Caranx latus","Car.latu",0,29,0,0
18,"18","Epinephelus spp","Epi.spp",10,"10","Caranx ruber","Car.rube",0,29,0,0
18,"18","Epinephelus spp","Epi.spp",11,"11","Cephalopholis cruentata","Cep.crue",0,29,0,0
18,"18","Epinephelus spp","Epi.spp",12,"12","Chaetodon capistratus","Cha.capi",0,29,0,0
18,"18","Epinephelus spp","Epi.spp",13,"13","Chaetodon ocellatus","Cha.ocel",0,29,0,0
18,"18","Epinephelus spp","Epi.spp",14,"14","Chaetodon sedentarius","Cha.sede",0,29,0,0
18,"18","Epinephelus spp","Epi.spp",15,"15","Chaetodon striatus","Cha.stri",0,29,0,0
18,"18","Epinephelus spp","Epi.spp",16,"16","Chromis scotti","Chr.scot",0,29,0,0
18,"18","Epinephelus spp","Epi.spp",17,"17","Diodon spp","Dio.spp",0,29,0,0
18,"18","Epinephelus spp","Epi.spp",18,"18","Epinephelus spp","Epi.spp",19,29,65.5172413793103,0.655172413793104
18,"18","Epinephelus spp","Epi.spp",19,"19","Ginglymostoma cirratum","Gin.cirr",0,29,0,0
18,"18","Epinephelus spp","Epi.spp",20,"20","Haemulon flavolineatum","Hae.flav",0,29,0,0
18,"18","Epinephelus spp","Epi.spp",21,"21","Haemulon juvenil","Hae.juv",0,29,0,0
18,"18","Epinephelus spp","Epi.spp",22,"22","Haemulon plumierii","Hae.plum",0,29,0,0
18,"18","Epinephelus spp","Epi.spp",23,"23","Haemulon plumierii juvenil","Hae.plum juv",0,29,0,0
18,"18","Epinephelus spp","Epi.spp",24,"24","Haemulon sciurus","Hae.sciu",0,29,0,0
18,"18","Epinephelus spp","Epi.spp",25,"25","Halichoeres spp","Hal.spp",0,29,0,0
18,"18","Epinephelus spp","Epi.spp",26,"26","Holacanthus spp","Hol.spp",0,29,0,0
18,"18","Epinephelus spp","Epi.spp",27,"27","Kyphosus spp","Kyp.spp",0,29,0,0
18,"18","Epinephelus spp","Epi.spp",28,"28","Lachnolaimus maximus","Lac.maxi",0,29,0,0
18,"18","Epinephelus spp","Epi.spp",29,"29","Lutjanus analis","Lut.anal",0,29,0,0
18,"18","Epinephelus spp","Epi.spp",30,"30","Lutjanus griseus","Lut.gris",0,29,0,0
18,"18","Epinephelus spp","Epi.spp",31,"31","Lutjanus jocu","Lut.jocu",0,29,0,0
18,"18","Epinephelus spp","Epi.spp",32,"32","Mycteroperca spp","Myc.spp",3,29,10.3448275862069,0.103448275862069
18,"18","Epinephelus spp","Epi.spp",33,"33","Nicholsina usta","Nic.usta",0,29,0,0
18,"18","Epinephelus spp","Epi.spp",34,"34","Ocyurus chrysurus","Ocy.chry",0,29,0,0
18,"18","Epinephelus spp","Epi.spp",35,"35","Pomacanthus arcuatus","Pom.arcu",0,29,0,0
18,"18","Epinephelus spp","Epi.spp",36,"36","Pomacanthus paru","Pom.paru",0,29,0,0
18,"18","Epinephelus spp","Epi.spp",37,"37","Rhomboplites aurorubens","Rho.auro",0,29,0,0
18,"18","Epinephelus spp","Epi.spp",38,"38","Scarus coelestinus","Sca.coel",0,29,0,0
18,"18","Epinephelus spp","Epi.spp",39,"39","Scarus coeruleus","Sca.coer",0,29,0,0
18,"18","Epinephelus spp","Epi.spp",40,"40","Scarus guacamaia","Sca.guac",0,29,0,0
18,"18","Epinephelus spp","Epi.spp",41,"41","Scarus iseri","Sca.iser",0,29,0,0
18,"18","Epinephelus spp","Epi.spp",42,"42","Scarus juvenil","Sca.juv",0,29,0,0
18,"18","Epinephelus spp","Epi.spp",43,"43","Scarus taeniopterus","Sca.taen",0,29,0,0
18,"18","Epinephelus spp","Epi.spp",44,"44","Scarus vetula","Sca.vetu",0,29,0,0
18,"18","Epinephelus spp","Epi.spp",45,"45","Sparisoma aurofrenatum","Spa.auro",0,29,0,0
18,"18","Epinephelus spp","Epi.spp",46,"46","Sparisoma chrysopterum","Spa.chry",0,29,0,0
18,"18","Epinephelus spp","Epi.spp",47,"47","Sparisoma rubripinne FI","Spa.rubr FI",0,29,0,0
18,"18","Epinephelus spp","Epi.spp",48,"48","Sparisoma viride","Spa.viri",0,29,0,0
18,"18","Epinephelus spp","Epi.spp",49,"49","Sparisoma viride FI","Spa.viri FI",0,29,0,0
18,"18","Epinephelus spp","Epi.spp",50,"50","Sphyraena barracuda","Sph.barr",0,29,0,0
18,"18","Epinephelus spp","Epi.spp",51,"51","Urobatis jamaicensis","Uro.jama",0,29,0,0
18,"18","Epinephelus spp","Epi.spp",52,"52","unidentifiable","Unident.",0,29,0,0
18,"18","Epinephelus spp","Epi.spp",53,"background","No matched prediction","No match",6,29,20.6896551724138,0.206896551724138
19,"19","Ginglymostoma cirratum","Gin.cirr",1,"1","Abudefduf saxatilis","Abu.saxa",0,22,0,0
19,"19","Ginglymostoma cirratum","Gin.cirr",2,"2","Acanthurus chirurgus","Aca.chir",0,22,0,0
19,"19","Ginglymostoma cirratum","Gin.cirr",3,"3","Acanthurus coeruleus","Aca.coer",0,22,0,0
19,"19","Ginglymostoma cirratum","Gin.cirr",4,"4","Anisotremus virginicus","Ani.virg",0,22,0,0
19,"19","Ginglymostoma cirratum","Gin.cirr",5,"5","Azurina cyanea","Azu.cyan",0,22,0,0
19,"19","Ginglymostoma cirratum","Gin.cirr",6,"6","Bodianus rufus","Bod.rufu",0,22,0,0
19,"19","Ginglymostoma cirratum","Gin.cirr",7,"7","Calamus spp","Cal.spp",0,22,0,0
19,"19","Ginglymostoma cirratum","Gin.cirr",8,"8","Caranx bartholomaei","Car.bart",0,22,0,0
19,"19","Ginglymostoma cirratum","Gin.cirr",9,"9","Caranx latus","Car.latu",0,22,0,0
19,"19","Ginglymostoma cirratum","Gin.cirr",10,"10","Caranx ruber","Car.rube",0,22,0,0
19,"19","Ginglymostoma cirratum","Gin.cirr",11,"11","Cephalopholis cruentata","Cep.crue",0,22,0,0
19,"19","Ginglymostoma cirratum","Gin.cirr",12,"12","Chaetodon capistratus","Cha.capi",0,22,0,0
19,"19","Ginglymostoma cirratum","Gin.cirr",13,"13","Chaetodon ocellatus","Cha.ocel",0,22,0,0
19,"19","Ginglymostoma cirratum","Gin.cirr",14,"14","Chaetodon sedentarius","Cha.sede",0,22,0,0
19,"19","Ginglymostoma cirratum","Gin.cirr",15,"15","Chaetodon striatus","Cha.stri",0,22,0,0
19,"19","Ginglymostoma cirratum","Gin.cirr",16,"16","Chromis scotti","Chr.scot",0,22,0,0
19,"19","Ginglymostoma cirratum","Gin.cirr",17,"17","Diodon spp","Dio.spp",0,22,0,0
19,"19","Ginglymostoma cirratum","Gin.cirr",18,"18","Epinephelus spp","Epi.spp",0,22,0,0
19,"19","Ginglymostoma cirratum","Gin.cirr",19,"19","Ginglymostoma cirratum","Gin.cirr",16,22,72.7272727272727,0.727272727272727
19,"19","Ginglymostoma cirratum","Gin.cirr",20,"20","Haemulon flavolineatum","Hae.flav",0,22,0,0
19,"19","Ginglymostoma cirratum","Gin.cirr",21,"21","Haemulon juvenil","Hae.juv",0,22,0,0
19,"19","Ginglymostoma cirratum","Gin.cirr",22,"22","Haemulon plumierii","Hae.plum",0,22,0,0
19,"19","Ginglymostoma cirratum","Gin.cirr",23,"23","Haemulon plumierii juvenil","Hae.plum juv",0,22,0,0
19,"19","Ginglymostoma cirratum","Gin.cirr",24,"24","Haemulon sciurus","Hae.sciu",0,22,0,0
19,"19","Ginglymostoma cirratum","Gin.cirr",25,"25","Halichoeres spp","Hal.spp",0,22,0,0
19,"19","Ginglymostoma cirratum","Gin.cirr",26,"26","Holacanthus spp","Hol.spp",0,22,0,0
19,"19","Ginglymostoma cirratum","Gin.cirr",27,"27","Kyphosus spp","Kyp.spp",0,22,0,0
19,"19","Ginglymostoma cirratum","Gin.cirr",28,"28","Lachnolaimus maximus","Lac.maxi",0,22,0,0
19,"19","Ginglymostoma cirratum","Gin.cirr",29,"29","Lutjanus analis","Lut.anal",0,22,0,0
19,"19","Ginglymostoma cirratum","Gin.cirr",30,"30","Lutjanus griseus","Lut.gris",0,22,0,0
19,"19","Ginglymostoma cirratum","Gin.cirr",31,"31","Lutjanus jocu","Lut.jocu",0,22,0,0
19,"19","Ginglymostoma cirratum","Gin.cirr",32,"32","Mycteroperca spp","Myc.spp",0,22,0,0
19,"19","Ginglymostoma cirratum","Gin.cirr",33,"33","Nicholsina usta","Nic.usta",0,22,0,0
19,"19","Ginglymostoma cirratum","Gin.cirr",34,"34","Ocyurus chrysurus","Ocy.chry",0,22,0,0
19,"19","Ginglymostoma cirratum","Gin.cirr",35,"35","Pomacanthus arcuatus","Pom.arcu",0,22,0,0
19,"19","Ginglymostoma cirratum","Gin.cirr",36,"36","Pomacanthus paru","Pom.paru",0,22,0,0
19,"19","Ginglymostoma cirratum","Gin.cirr",37,"37","Rhomboplites aurorubens","Rho.auro",0,22,0,0
19,"19","Ginglymostoma cirratum","Gin.cirr",38,"38","Scarus coelestinus","Sca.coel",0,22,0,0
19,"19","Ginglymostoma cirratum","Gin.cirr",39,"39","Scarus coeruleus","Sca.coer",0,22,0,0
19,"19","Ginglymostoma cirratum","Gin.cirr",40,"40","Scarus guacamaia","Sca.guac",0,22,0,0
19,"19","Ginglymostoma cirratum","Gin.cirr",41,"41","Scarus iseri","Sca.iser",0,22,0,0
19,"19","Ginglymostoma cirratum","Gin.cirr",42,"42","Scarus juvenil","Sca.juv",0,22,0,0
19,"19","Ginglymostoma cirratum","Gin.cirr",43,"43","Scarus taeniopterus","Sca.taen",0,22,0,0
19,"19","Ginglymostoma cirratum","Gin.cirr",44,"44","Scarus vetula","Sca.vetu",0,22,0,0
19,"19","Ginglymostoma cirratum","Gin.cirr",45,"45","Sparisoma aurofrenatum","Spa.auro",0,22,0,0
19,"19","Ginglymostoma cirratum","Gin.cirr",46,"46","Sparisoma chrysopterum","Spa.chry",0,22,0,0
19,"19","Ginglymostoma cirratum","Gin.cirr",47,"47","Sparisoma rubripinne FI","Spa.rubr FI",0,22,0,0
19,"19","Ginglymostoma cirratum","Gin.cirr",48,"48","Sparisoma viride","Spa.viri",0,22,0,0
19,"19","Ginglymostoma cirratum","Gin.cirr",49,"49","Sparisoma viride FI","Spa.viri FI",0,22,0,0
19,"19","Ginglymostoma cirratum","Gin.cirr",50,"50","Sphyraena barracuda","Sph.barr",0,22,0,0
19,"19","Ginglymostoma cirratum","Gin.cirr",51,"51","Urobatis jamaicensis","Uro.jama",0,22,0,0
19,"19","Ginglymostoma cirratum","Gin.cirr",52,"52","unidentifiable","Unident.",1,22,4.54545454545455,0.0454545454545455
19,"19","Ginglymostoma cirratum","Gin.cirr",53,"background","No matched prediction","No match",5,22,22.7272727272727,0.227272727272727
20,"20","Haemulon flavolineatum","Hae.flav",1,"1","Abudefduf saxatilis","Abu.saxa",0,33,0,0
20,"20","Haemulon flavolineatum","Hae.flav",2,"2","Acanthurus chirurgus","Aca.chir",0,33,0,0
20,"20","Haemulon flavolineatum","Hae.flav",3,"3","Acanthurus coeruleus","Aca.coer",0,33,0,0
20,"20","Haemulon flavolineatum","Hae.flav",4,"4","Anisotremus virginicus","Ani.virg",0,33,0,0
20,"20","Haemulon flavolineatum","Hae.flav",5,"5","Azurina cyanea","Azu.cyan",0,33,0,0
20,"20","Haemulon flavolineatum","Hae.flav",6,"6","Bodianus rufus","Bod.rufu",0,33,0,0
20,"20","Haemulon flavolineatum","Hae.flav",7,"7","Calamus spp","Cal.spp",0,33,0,0
20,"20","Haemulon flavolineatum","Hae.flav",8,"8","Caranx bartholomaei","Car.bart",0,33,0,0
20,"20","Haemulon flavolineatum","Hae.flav",9,"9","Caranx latus","Car.latu",0,33,0,0
20,"20","Haemulon flavolineatum","Hae.flav",10,"10","Caranx ruber","Car.rube",0,33,0,0
20,"20","Haemulon flavolineatum","Hae.flav",11,"11","Cephalopholis cruentata","Cep.crue",0,33,0,0
20,"20","Haemulon flavolineatum","Hae.flav",12,"12","Chaetodon capistratus","Cha.capi",0,33,0,0
20,"20","Haemulon flavolineatum","Hae.flav",13,"13","Chaetodon ocellatus","Cha.ocel",0,33,0,0
20,"20","Haemulon flavolineatum","Hae.flav",14,"14","Chaetodon sedentarius","Cha.sede",0,33,0,0
20,"20","Haemulon flavolineatum","Hae.flav",15,"15","Chaetodon striatus","Cha.stri",0,33,0,0
20,"20","Haemulon flavolineatum","Hae.flav",16,"16","Chromis scotti","Chr.scot",0,33,0,0
20,"20","Haemulon flavolineatum","Hae.flav",17,"17","Diodon spp","Dio.spp",0,33,0,0
20,"20","Haemulon flavolineatum","Hae.flav",18,"18","Epinephelus spp","Epi.spp",0,33,0,0
20,"20","Haemulon flavolineatum","Hae.flav",19,"19","Ginglymostoma cirratum","Gin.cirr",0,33,0,0
20,"20","Haemulon flavolineatum","Hae.flav",20,"20","Haemulon flavolineatum","Hae.flav",21,33,63.6363636363636,0.636363636363636
20,"20","Haemulon flavolineatum","Hae.flav",21,"21","Haemulon juvenil","Hae.juv",0,33,0,0
20,"20","Haemulon flavolineatum","Hae.flav",22,"22","Haemulon plumierii","Hae.plum",0,33,0,0
20,"20","Haemulon flavolineatum","Hae.flav",23,"23","Haemulon plumierii juvenil","Hae.plum juv",0,33,0,0
20,"20","Haemulon flavolineatum","Hae.flav",24,"24","Haemulon sciurus","Hae.sciu",1,33,3.03030303030303,0.0303030303030303
20,"20","Haemulon flavolineatum","Hae.flav",25,"25","Halichoeres spp","Hal.spp",0,33,0,0
20,"20","Haemulon flavolineatum","Hae.flav",26,"26","Holacanthus spp","Hol.spp",0,33,0,0
20,"20","Haemulon flavolineatum","Hae.flav",27,"27","Kyphosus spp","Kyp.spp",0,33,0,0
20,"20","Haemulon flavolineatum","Hae.flav",28,"28","Lachnolaimus maximus","Lac.maxi",0,33,0,0
20,"20","Haemulon flavolineatum","Hae.flav",29,"29","Lutjanus analis","Lut.anal",0,33,0,0
20,"20","Haemulon flavolineatum","Hae.flav",30,"30","Lutjanus griseus","Lut.gris",0,33,0,0
20,"20","Haemulon flavolineatum","Hae.flav",31,"31","Lutjanus jocu","Lut.jocu",0,33,0,0
20,"20","Haemulon flavolineatum","Hae.flav",32,"32","Mycteroperca spp","Myc.spp",0,33,0,0
20,"20","Haemulon flavolineatum","Hae.flav",33,"33","Nicholsina usta","Nic.usta",0,33,0,0
20,"20","Haemulon flavolineatum","Hae.flav",34,"34","Ocyurus chrysurus","Ocy.chry",0,33,0,0
20,"20","Haemulon flavolineatum","Hae.flav",35,"35","Pomacanthus arcuatus","Pom.arcu",0,33,0,0
20,"20","Haemulon flavolineatum","Hae.flav",36,"36","Pomacanthus paru","Pom.paru",0,33,0,0
20,"20","Haemulon flavolineatum","Hae.flav",37,"37","Rhomboplites aurorubens","Rho.auro",0,33,0,0
20,"20","Haemulon flavolineatum","Hae.flav",38,"38","Scarus coelestinus","Sca.coel",0,33,0,0
20,"20","Haemulon flavolineatum","Hae.flav",39,"39","Scarus coeruleus","Sca.coer",0,33,0,0
20,"20","Haemulon flavolineatum","Hae.flav",40,"40","Scarus guacamaia","Sca.guac",0,33,0,0
20,"20","Haemulon flavolineatum","Hae.flav",41,"41","Scarus iseri","Sca.iser",0,33,0,0
20,"20","Haemulon flavolineatum","Hae.flav",42,"42","Scarus juvenil","Sca.juv",0,33,0,0
20,"20","Haemulon flavolineatum","Hae.flav",43,"43","Scarus taeniopterus","Sca.taen",0,33,0,0
20,"20","Haemulon flavolineatum","Hae.flav",44,"44","Scarus vetula","Sca.vetu",0,33,0,0
20,"20","Haemulon flavolineatum","Hae.flav",45,"45","Sparisoma aurofrenatum","Spa.auro",0,33,0,0
20,"20","Haemulon flavolineatum","Hae.flav",46,"46","Sparisoma chrysopterum","Spa.chry",0,33,0,0
20,"20","Haemulon flavolineatum","Hae.flav",47,"47","Sparisoma rubripinne FI","Spa.rubr FI",0,33,0,0
20,"20","Haemulon flavolineatum","Hae.flav",48,"48","Sparisoma viride","Spa.viri",0,33,0,0
20,"20","Haemulon flavolineatum","Hae.flav",49,"49","Sparisoma viride FI","Spa.viri FI",0,33,0,0
20,"20","Haemulon flavolineatum","Hae.flav",50,"50","Sphyraena barracuda","Sph.barr",0,33,0,0
20,"20","Haemulon flavolineatum","Hae.flav",51,"51","Urobatis jamaicensis","Uro.jama",0,33,0,0
20,"20","Haemulon flavolineatum","Hae.flav",52,"52","unidentifiable","Unident.",0,33,0,0
20,"20","Haemulon flavolineatum","Hae.flav",53,"background","No matched prediction","No match",11,33,33.3333333333333,0.333333333333333
21,"21","Haemulon juvenil","Hae.juv",1,"1","Abudefduf saxatilis","Abu.saxa",0,130,0,0
21,"21","Haemulon juvenil","Hae.juv",2,"2","Acanthurus chirurgus","Aca.chir",0,130,0,0
21,"21","Haemulon juvenil","Hae.juv",3,"3","Acanthurus coeruleus","Aca.coer",0,130,0,0
21,"21","Haemulon juvenil","Hae.juv",4,"4","Anisotremus virginicus","Ani.virg",0,130,0,0
21,"21","Haemulon juvenil","Hae.juv",5,"5","Azurina cyanea","Azu.cyan",0,130,0,0
21,"21","Haemulon juvenil","Hae.juv",6,"6","Bodianus rufus","Bod.rufu",0,130,0,0
21,"21","Haemulon juvenil","Hae.juv",7,"7","Calamus spp","Cal.spp",0,130,0,0
21,"21","Haemulon juvenil","Hae.juv",8,"8","Caranx bartholomaei","Car.bart",0,130,0,0
21,"21","Haemulon juvenil","Hae.juv",9,"9","Caranx latus","Car.latu",0,130,0,0
21,"21","Haemulon juvenil","Hae.juv",10,"10","Caranx ruber","Car.rube",0,130,0,0
21,"21","Haemulon juvenil","Hae.juv",11,"11","Cephalopholis cruentata","Cep.crue",0,130,0,0
21,"21","Haemulon juvenil","Hae.juv",12,"12","Chaetodon capistratus","Cha.capi",0,130,0,0
21,"21","Haemulon juvenil","Hae.juv",13,"13","Chaetodon ocellatus","Cha.ocel",0,130,0,0
21,"21","Haemulon juvenil","Hae.juv",14,"14","Chaetodon sedentarius","Cha.sede",0,130,0,0
21,"21","Haemulon juvenil","Hae.juv",15,"15","Chaetodon striatus","Cha.stri",0,130,0,0
21,"21","Haemulon juvenil","Hae.juv",16,"16","Chromis scotti","Chr.scot",0,130,0,0
21,"21","Haemulon juvenil","Hae.juv",17,"17","Diodon spp","Dio.spp",0,130,0,0
21,"21","Haemulon juvenil","Hae.juv",18,"18","Epinephelus spp","Epi.spp",0,130,0,0
21,"21","Haemulon juvenil","Hae.juv",19,"19","Ginglymostoma cirratum","Gin.cirr",0,130,0,0
21,"21","Haemulon juvenil","Hae.juv",20,"20","Haemulon flavolineatum","Hae.flav",0,130,0,0
21,"21","Haemulon juvenil","Hae.juv",21,"21","Haemulon juvenil","Hae.juv",106,130,81.5384615384615,0.815384615384615
21,"21","Haemulon juvenil","Hae.juv",22,"22","Haemulon plumierii","Hae.plum",0,130,0,0
21,"21","Haemulon juvenil","Hae.juv",23,"23","Haemulon plumierii juvenil","Hae.plum juv",0,130,0,0
21,"21","Haemulon juvenil","Hae.juv",24,"24","Haemulon sciurus","Hae.sciu",0,130,0,0
21,"21","Haemulon juvenil","Hae.juv",25,"25","Halichoeres spp","Hal.spp",0,130,0,0
21,"21","Haemulon juvenil","Hae.juv",26,"26","Holacanthus spp","Hol.spp",0,130,0,0
21,"21","Haemulon juvenil","Hae.juv",27,"27","Kyphosus spp","Kyp.spp",0,130,0,0
21,"21","Haemulon juvenil","Hae.juv",28,"28","Lachnolaimus maximus","Lac.maxi",0,130,0,0
21,"21","Haemulon juvenil","Hae.juv",29,"29","Lutjanus analis","Lut.anal",0,130,0,0
21,"21","Haemulon juvenil","Hae.juv",30,"30","Lutjanus griseus","Lut.gris",0,130,0,0
21,"21","Haemulon juvenil","Hae.juv",31,"31","Lutjanus jocu","Lut.jocu",0,130,0,0
21,"21","Haemulon juvenil","Hae.juv",32,"32","Mycteroperca spp","Myc.spp",0,130,0,0
21,"21","Haemulon juvenil","Hae.juv",33,"33","Nicholsina usta","Nic.usta",0,130,0,0
21,"21","Haemulon juvenil","Hae.juv",34,"34","Ocyurus chrysurus","Ocy.chry",0,130,0,0
21,"21","Haemulon juvenil","Hae.juv",35,"35","Pomacanthus arcuatus","Pom.arcu",0,130,0,0
21,"21","Haemulon juvenil","Hae.juv",36,"36","Pomacanthus paru","Pom.paru",0,130,0,0
21,"21","Haemulon juvenil","Hae.juv",37,"37","Rhomboplites aurorubens","Rho.auro",0,130,0,0
21,"21","Haemulon juvenil","Hae.juv",38,"38","Scarus coelestinus","Sca.coel",0,130,0,0
21,"21","Haemulon juvenil","Hae.juv",39,"39","Scarus coeruleus","Sca.coer",0,130,0,0
21,"21","Haemulon juvenil","Hae.juv",40,"40","Scarus guacamaia","Sca.guac",0,130,0,0
21,"21","Haemulon juvenil","Hae.juv",41,"41","Scarus iseri","Sca.iser",0,130,0,0
21,"21","Haemulon juvenil","Hae.juv",42,"42","Scarus juvenil","Sca.juv",2,130,1.53846153846154,0.0153846153846154
21,"21","Haemulon juvenil","Hae.juv",43,"43","Scarus taeniopterus","Sca.taen",0,130,0,0
21,"21","Haemulon juvenil","Hae.juv",44,"44","Scarus vetula","Sca.vetu",0,130,0,0
21,"21","Haemulon juvenil","Hae.juv",45,"45","Sparisoma aurofrenatum","Spa.auro",0,130,0,0
21,"21","Haemulon juvenil","Hae.juv",46,"46","Sparisoma chrysopterum","Spa.chry",0,130,0,0
21,"21","Haemulon juvenil","Hae.juv",47,"47","Sparisoma rubripinne FI","Spa.rubr FI",0,130,0,0
21,"21","Haemulon juvenil","Hae.juv",48,"48","Sparisoma viride","Spa.viri",0,130,0,0
21,"21","Haemulon juvenil","Hae.juv",49,"49","Sparisoma viride FI","Spa.viri FI",0,130,0,0
21,"21","Haemulon juvenil","Hae.juv",50,"50","Sphyraena barracuda","Sph.barr",0,130,0,0
21,"21","Haemulon juvenil","Hae.juv",51,"51","Urobatis jamaicensis","Uro.jama",0,130,0,0
21,"21","Haemulon juvenil","Hae.juv",52,"52","unidentifiable","Unident.",0,130,0,0
21,"21","Haemulon juvenil","Hae.juv",53,"background","No matched prediction","No match",22,130,16.9230769230769,0.169230769230769
22,"22","Haemulon plumierii","Hae.plum",1,"1","Abudefduf saxatilis","Abu.saxa",0,74,0,0
22,"22","Haemulon plumierii","Hae.plum",2,"2","Acanthurus chirurgus","Aca.chir",0,74,0,0
22,"22","Haemulon plumierii","Hae.plum",3,"3","Acanthurus coeruleus","Aca.coer",0,74,0,0
22,"22","Haemulon plumierii","Hae.plum",4,"4","Anisotremus virginicus","Ani.virg",0,74,0,0
22,"22","Haemulon plumierii","Hae.plum",5,"5","Azurina cyanea","Azu.cyan",0,74,0,0
22,"22","Haemulon plumierii","Hae.plum",6,"6","Bodianus rufus","Bod.rufu",0,74,0,0
22,"22","Haemulon plumierii","Hae.plum",7,"7","Calamus spp","Cal.spp",0,74,0,0
22,"22","Haemulon plumierii","Hae.plum",8,"8","Caranx bartholomaei","Car.bart",0,74,0,0
22,"22","Haemulon plumierii","Hae.plum",9,"9","Caranx latus","Car.latu",0,74,0,0
22,"22","Haemulon plumierii","Hae.plum",10,"10","Caranx ruber","Car.rube",0,74,0,0
22,"22","Haemulon plumierii","Hae.plum",11,"11","Cephalopholis cruentata","Cep.crue",0,74,0,0
22,"22","Haemulon plumierii","Hae.plum",12,"12","Chaetodon capistratus","Cha.capi",0,74,0,0
22,"22","Haemulon plumierii","Hae.plum",13,"13","Chaetodon ocellatus","Cha.ocel",0,74,0,0
22,"22","Haemulon plumierii","Hae.plum",14,"14","Chaetodon sedentarius","Cha.sede",0,74,0,0
22,"22","Haemulon plumierii","Hae.plum",15,"15","Chaetodon striatus","Cha.stri",0,74,0,0
22,"22","Haemulon plumierii","Hae.plum",16,"16","Chromis scotti","Chr.scot",0,74,0,0
22,"22","Haemulon plumierii","Hae.plum",17,"17","Diodon spp","Dio.spp",0,74,0,0
22,"22","Haemulon plumierii","Hae.plum",18,"18","Epinephelus spp","Epi.spp",0,74,0,0
22,"22","Haemulon plumierii","Hae.plum",19,"19","Ginglymostoma cirratum","Gin.cirr",0,74,0,0
22,"22","Haemulon plumierii","Hae.plum",20,"20","Haemulon flavolineatum","Hae.flav",0,74,0,0
22,"22","Haemulon plumierii","Hae.plum",21,"21","Haemulon juvenil","Hae.juv",0,74,0,0
22,"22","Haemulon plumierii","Hae.plum",22,"22","Haemulon plumierii","Hae.plum",53,74,71.6216216216216,0.716216216216216
22,"22","Haemulon plumierii","Hae.plum",23,"23","Haemulon plumierii juvenil","Hae.plum juv",0,74,0,0
22,"22","Haemulon plumierii","Hae.plum",24,"24","Haemulon sciurus","Hae.sciu",0,74,0,0
22,"22","Haemulon plumierii","Hae.plum",25,"25","Halichoeres spp","Hal.spp",0,74,0,0
22,"22","Haemulon plumierii","Hae.plum",26,"26","Holacanthus spp","Hol.spp",0,74,0,0
22,"22","Haemulon plumierii","Hae.plum",27,"27","Kyphosus spp","Kyp.spp",0,74,0,0
22,"22","Haemulon plumierii","Hae.plum",28,"28","Lachnolaimus maximus","Lac.maxi",0,74,0,0
22,"22","Haemulon plumierii","Hae.plum",29,"29","Lutjanus analis","Lut.anal",0,74,0,0
22,"22","Haemulon plumierii","Hae.plum",30,"30","Lutjanus griseus","Lut.gris",0,74,0,0
22,"22","Haemulon plumierii","Hae.plum",31,"31","Lutjanus jocu","Lut.jocu",0,74,0,0
22,"22","Haemulon plumierii","Hae.plum",32,"32","Mycteroperca spp","Myc.spp",0,74,0,0
22,"22","Haemulon plumierii","Hae.plum",33,"33","Nicholsina usta","Nic.usta",0,74,0,0
22,"22","Haemulon plumierii","Hae.plum",34,"34","Ocyurus chrysurus","Ocy.chry",0,74,0,0
22,"22","Haemulon plumierii","Hae.plum",35,"35","Pomacanthus arcuatus","Pom.arcu",0,74,0,0
22,"22","Haemulon plumierii","Hae.plum",36,"36","Pomacanthus paru","Pom.paru",0,74,0,0
22,"22","Haemulon plumierii","Hae.plum",37,"37","Rhomboplites aurorubens","Rho.auro",0,74,0,0
22,"22","Haemulon plumierii","Hae.plum",38,"38","Scarus coelestinus","Sca.coel",0,74,0,0
22,"22","Haemulon plumierii","Hae.plum",39,"39","Scarus coeruleus","Sca.coer",0,74,0,0
22,"22","Haemulon plumierii","Hae.plum",40,"40","Scarus guacamaia","Sca.guac",0,74,0,0
22,"22","Haemulon plumierii","Hae.plum",41,"41","Scarus iseri","Sca.iser",0,74,0,0
22,"22","Haemulon plumierii","Hae.plum",42,"42","Scarus juvenil","Sca.juv",0,74,0,0
22,"22","Haemulon plumierii","Hae.plum",43,"43","Scarus taeniopterus","Sca.taen",0,74,0,0
22,"22","Haemulon plumierii","Hae.plum",44,"44","Scarus vetula","Sca.vetu",0,74,0,0
22,"22","Haemulon plumierii","Hae.plum",45,"45","Sparisoma aurofrenatum","Spa.auro",0,74,0,0
22,"22","Haemulon plumierii","Hae.plum",46,"46","Sparisoma chrysopterum","Spa.chry",0,74,0,0
22,"22","Haemulon plumierii","Hae.plum",47,"47","Sparisoma rubripinne FI","Spa.rubr FI",0,74,0,0
22,"22","Haemulon plumierii","Hae.plum",48,"48","Sparisoma viride","Spa.viri",0,74,0,0
22,"22","Haemulon plumierii","Hae.plum",49,"49","Sparisoma viride FI","Spa.viri FI",0,74,0,0
22,"22","Haemulon plumierii","Hae.plum",50,"50","Sphyraena barracuda","Sph.barr",0,74,0,0
22,"22","Haemulon plumierii","Hae.plum",51,"51","Urobatis jamaicensis","Uro.jama",0,74,0,0
22,"22","Haemulon plumierii","Hae.plum",52,"52","unidentifiable","Unident.",2,74,2.7027027027027,0.027027027027027
22,"22","Haemulon plumierii","Hae.plum",53,"background","No matched prediction","No match",19,74,25.6756756756757,0.256756756756757
23,"23","Haemulon plumierii juvenil","Hae.plum juv",1,"1","Abudefduf saxatilis","Abu.saxa",0,23,0,0
23,"23","Haemulon plumierii juvenil","Hae.plum juv",2,"2","Acanthurus chirurgus","Aca.chir",0,23,0,0
23,"23","Haemulon plumierii juvenil","Hae.plum juv",3,"3","Acanthurus coeruleus","Aca.coer",0,23,0,0
23,"23","Haemulon plumierii juvenil","Hae.plum juv",4,"4","Anisotremus virginicus","Ani.virg",0,23,0,0
23,"23","Haemulon plumierii juvenil","Hae.plum juv",5,"5","Azurina cyanea","Azu.cyan",0,23,0,0
23,"23","Haemulon plumierii juvenil","Hae.plum juv",6,"6","Bodianus rufus","Bod.rufu",0,23,0,0
23,"23","Haemulon plumierii juvenil","Hae.plum juv",7,"7","Calamus spp","Cal.spp",0,23,0,0
23,"23","Haemulon plumierii juvenil","Hae.plum juv",8,"8","Caranx bartholomaei","Car.bart",0,23,0,0
23,"23","Haemulon plumierii juvenil","Hae.plum juv",9,"9","Caranx latus","Car.latu",0,23,0,0
23,"23","Haemulon plumierii juvenil","Hae.plum juv",10,"10","Caranx ruber","Car.rube",0,23,0,0
23,"23","Haemulon plumierii juvenil","Hae.plum juv",11,"11","Cephalopholis cruentata","Cep.crue",0,23,0,0
23,"23","Haemulon plumierii juvenil","Hae.plum juv",12,"12","Chaetodon capistratus","Cha.capi",0,23,0,0
23,"23","Haemulon plumierii juvenil","Hae.plum juv",13,"13","Chaetodon ocellatus","Cha.ocel",0,23,0,0
23,"23","Haemulon plumierii juvenil","Hae.plum juv",14,"14","Chaetodon sedentarius","Cha.sede",0,23,0,0
23,"23","Haemulon plumierii juvenil","Hae.plum juv",15,"15","Chaetodon striatus","Cha.stri",0,23,0,0
23,"23","Haemulon plumierii juvenil","Hae.plum juv",16,"16","Chromis scotti","Chr.scot",0,23,0,0
23,"23","Haemulon plumierii juvenil","Hae.plum juv",17,"17","Diodon spp","Dio.spp",0,23,0,0
23,"23","Haemulon plumierii juvenil","Hae.plum juv",18,"18","Epinephelus spp","Epi.spp",0,23,0,0
23,"23","Haemulon plumierii juvenil","Hae.plum juv",19,"19","Ginglymostoma cirratum","Gin.cirr",0,23,0,0
23,"23","Haemulon plumierii juvenil","Hae.plum juv",20,"20","Haemulon flavolineatum","Hae.flav",0,23,0,0
23,"23","Haemulon plumierii juvenil","Hae.plum juv",21,"21","Haemulon juvenil","Hae.juv",0,23,0,0
23,"23","Haemulon plumierii juvenil","Hae.plum juv",22,"22","Haemulon plumierii","Hae.plum",0,23,0,0
23,"23","Haemulon plumierii juvenil","Hae.plum juv",23,"23","Haemulon plumierii juvenil","Hae.plum juv",9,23,39.1304347826087,0.391304347826087
23,"23","Haemulon plumierii juvenil","Hae.plum juv",24,"24","Haemulon sciurus","Hae.sciu",0,23,0,0
23,"23","Haemulon plumierii juvenil","Hae.plum juv",25,"25","Halichoeres spp","Hal.spp",0,23,0,0
23,"23","Haemulon plumierii juvenil","Hae.plum juv",26,"26","Holacanthus spp","Hol.spp",0,23,0,0
23,"23","Haemulon plumierii juvenil","Hae.plum juv",27,"27","Kyphosus spp","Kyp.spp",0,23,0,0
23,"23","Haemulon plumierii juvenil","Hae.plum juv",28,"28","Lachnolaimus maximus","Lac.maxi",0,23,0,0
23,"23","Haemulon plumierii juvenil","Hae.plum juv",29,"29","Lutjanus analis","Lut.anal",0,23,0,0
23,"23","Haemulon plumierii juvenil","Hae.plum juv",30,"30","Lutjanus griseus","Lut.gris",0,23,0,0
23,"23","Haemulon plumierii juvenil","Hae.plum juv",31,"31","Lutjanus jocu","Lut.jocu",0,23,0,0
23,"23","Haemulon plumierii juvenil","Hae.plum juv",32,"32","Mycteroperca spp","Myc.spp",0,23,0,0
23,"23","Haemulon plumierii juvenil","Hae.plum juv",33,"33","Nicholsina usta","Nic.usta",0,23,0,0
23,"23","Haemulon plumierii juvenil","Hae.plum juv",34,"34","Ocyurus chrysurus","Ocy.chry",2,23,8.69565217391304,0.0869565217391304
23,"23","Haemulon plumierii juvenil","Hae.plum juv",35,"35","Pomacanthus arcuatus","Pom.arcu",0,23,0,0
23,"23","Haemulon plumierii juvenil","Hae.plum juv",36,"36","Pomacanthus paru","Pom.paru",0,23,0,0
23,"23","Haemulon plumierii juvenil","Hae.plum juv",37,"37","Rhomboplites aurorubens","Rho.auro",0,23,0,0
23,"23","Haemulon plumierii juvenil","Hae.plum juv",38,"38","Scarus coelestinus","Sca.coel",0,23,0,0
23,"23","Haemulon plumierii juvenil","Hae.plum juv",39,"39","Scarus coeruleus","Sca.coer",0,23,0,0
23,"23","Haemulon plumierii juvenil","Hae.plum juv",40,"40","Scarus guacamaia","Sca.guac",0,23,0,0
23,"23","Haemulon plumierii juvenil","Hae.plum juv",41,"41","Scarus iseri","Sca.iser",0,23,0,0
23,"23","Haemulon plumierii juvenil","Hae.plum juv",42,"42","Scarus juvenil","Sca.juv",0,23,0,0
23,"23","Haemulon plumierii juvenil","Hae.plum juv",43,"43","Scarus taeniopterus","Sca.taen",0,23,0,0
23,"23","Haemulon plumierii juvenil","Hae.plum juv",44,"44","Scarus vetula","Sca.vetu",0,23,0,0
23,"23","Haemulon plumierii juvenil","Hae.plum juv",45,"45","Sparisoma aurofrenatum","Spa.auro",0,23,0,0
23,"23","Haemulon plumierii juvenil","Hae.plum juv",46,"46","Sparisoma chrysopterum","Spa.chry",0,23,0,0
23,"23","Haemulon plumierii juvenil","Hae.plum juv",47,"47","Sparisoma rubripinne FI","Spa.rubr FI",0,23,0,0
23,"23","Haemulon plumierii juvenil","Hae.plum juv",48,"48","Sparisoma viride","Spa.viri",0,23,0,0
23,"23","Haemulon plumierii juvenil","Hae.plum juv",49,"49","Sparisoma viride FI","Spa.viri FI",0,23,0,0
23,"23","Haemulon plumierii juvenil","Hae.plum juv",50,"50","Sphyraena barracuda","Sph.barr",0,23,0,0
23,"23","Haemulon plumierii juvenil","Hae.plum juv",51,"51","Urobatis jamaicensis","Uro.jama",0,23,0,0
23,"23","Haemulon plumierii juvenil","Hae.plum juv",52,"52","unidentifiable","Unident.",0,23,0,0
23,"23","Haemulon plumierii juvenil","Hae.plum juv",53,"background","No matched prediction","No match",12,23,52.1739130434783,0.521739130434783
24,"24","Haemulon sciurus","Hae.sciu",1,"1","Abudefduf saxatilis","Abu.saxa",0,24,0,0
24,"24","Haemulon sciurus","Hae.sciu",2,"2","Acanthurus chirurgus","Aca.chir",0,24,0,0
24,"24","Haemulon sciurus","Hae.sciu",3,"3","Acanthurus coeruleus","Aca.coer",0,24,0,0
24,"24","Haemulon sciurus","Hae.sciu",4,"4","Anisotremus virginicus","Ani.virg",0,24,0,0
24,"24","Haemulon sciurus","Hae.sciu",5,"5","Azurina cyanea","Azu.cyan",0,24,0,0
24,"24","Haemulon sciurus","Hae.sciu",6,"6","Bodianus rufus","Bod.rufu",0,24,0,0
24,"24","Haemulon sciurus","Hae.sciu",7,"7","Calamus spp","Cal.spp",0,24,0,0
24,"24","Haemulon sciurus","Hae.sciu",8,"8","Caranx bartholomaei","Car.bart",0,24,0,0
24,"24","Haemulon sciurus","Hae.sciu",9,"9","Caranx latus","Car.latu",0,24,0,0
24,"24","Haemulon sciurus","Hae.sciu",10,"10","Caranx ruber","Car.rube",0,24,0,0
24,"24","Haemulon sciurus","Hae.sciu",11,"11","Cephalopholis cruentata","Cep.crue",0,24,0,0
24,"24","Haemulon sciurus","Hae.sciu",12,"12","Chaetodon capistratus","Cha.capi",0,24,0,0
24,"24","Haemulon sciurus","Hae.sciu",13,"13","Chaetodon ocellatus","Cha.ocel",0,24,0,0
24,"24","Haemulon sciurus","Hae.sciu",14,"14","Chaetodon sedentarius","Cha.sede",0,24,0,0
24,"24","Haemulon sciurus","Hae.sciu",15,"15","Chaetodon striatus","Cha.stri",0,24,0,0
24,"24","Haemulon sciurus","Hae.sciu",16,"16","Chromis scotti","Chr.scot",0,24,0,0
24,"24","Haemulon sciurus","Hae.sciu",17,"17","Diodon spp","Dio.spp",0,24,0,0
24,"24","Haemulon sciurus","Hae.sciu",18,"18","Epinephelus spp","Epi.spp",0,24,0,0
24,"24","Haemulon sciurus","Hae.sciu",19,"19","Ginglymostoma cirratum","Gin.cirr",0,24,0,0
24,"24","Haemulon sciurus","Hae.sciu",20,"20","Haemulon flavolineatum","Hae.flav",1,24,4.16666666666667,0.0416666666666667
24,"24","Haemulon sciurus","Hae.sciu",21,"21","Haemulon juvenil","Hae.juv",0,24,0,0
24,"24","Haemulon sciurus","Hae.sciu",22,"22","Haemulon plumierii","Hae.plum",2,24,8.33333333333333,0.0833333333333333
24,"24","Haemulon sciurus","Hae.sciu",23,"23","Haemulon plumierii juvenil","Hae.plum juv",0,24,0,0
24,"24","Haemulon sciurus","Hae.sciu",24,"24","Haemulon sciurus","Hae.sciu",16,24,66.6666666666667,0.666666666666667
24,"24","Haemulon sciurus","Hae.sciu",25,"25","Halichoeres spp","Hal.spp",0,24,0,0
24,"24","Haemulon sciurus","Hae.sciu",26,"26","Holacanthus spp","Hol.spp",0,24,0,0
24,"24","Haemulon sciurus","Hae.sciu",27,"27","Kyphosus spp","Kyp.spp",0,24,0,0
24,"24","Haemulon sciurus","Hae.sciu",28,"28","Lachnolaimus maximus","Lac.maxi",0,24,0,0
24,"24","Haemulon sciurus","Hae.sciu",29,"29","Lutjanus analis","Lut.anal",0,24,0,0
24,"24","Haemulon sciurus","Hae.sciu",30,"30","Lutjanus griseus","Lut.gris",0,24,0,0
24,"24","Haemulon sciurus","Hae.sciu",31,"31","Lutjanus jocu","Lut.jocu",0,24,0,0
24,"24","Haemulon sciurus","Hae.sciu",32,"32","Mycteroperca spp","Myc.spp",0,24,0,0
24,"24","Haemulon sciurus","Hae.sciu",33,"33","Nicholsina usta","Nic.usta",0,24,0,0
24,"24","Haemulon sciurus","Hae.sciu",34,"34","Ocyurus chrysurus","Ocy.chry",0,24,0,0
24,"24","Haemulon sciurus","Hae.sciu",35,"35","Pomacanthus arcuatus","Pom.arcu",0,24,0,0
24,"24","Haemulon sciurus","Hae.sciu",36,"36","Pomacanthus paru","Pom.paru",0,24,0,0
24,"24","Haemulon sciurus","Hae.sciu",37,"37","Rhomboplites aurorubens","Rho.auro",0,24,0,0
24,"24","Haemulon sciurus","Hae.sciu",38,"38","Scarus coelestinus","Sca.coel",0,24,0,0
24,"24","Haemulon sciurus","Hae.sciu",39,"39","Scarus coeruleus","Sca.coer",0,24,0,0
24,"24","Haemulon sciurus","Hae.sciu",40,"40","Scarus guacamaia","Sca.guac",0,24,0,0
24,"24","Haemulon sciurus","Hae.sciu",41,"41","Scarus iseri","Sca.iser",0,24,0,0
24,"24","Haemulon sciurus","Hae.sciu",42,"42","Scarus juvenil","Sca.juv",0,24,0,0
24,"24","Haemulon sciurus","Hae.sciu",43,"43","Scarus taeniopterus","Sca.taen",0,24,0,0
24,"24","Haemulon sciurus","Hae.sciu",44,"44","Scarus vetula","Sca.vetu",0,24,0,0
24,"24","Haemulon sciurus","Hae.sciu",45,"45","Sparisoma aurofrenatum","Spa.auro",0,24,0,0
24,"24","Haemulon sciurus","Hae.sciu",46,"46","Sparisoma chrysopterum","Spa.chry",0,24,0,0
24,"24","Haemulon sciurus","Hae.sciu",47,"47","Sparisoma rubripinne FI","Spa.rubr FI",0,24,0,0
24,"24","Haemulon sciurus","Hae.sciu",48,"48","Sparisoma viride","Spa.viri",0,24,0,0
24,"24","Haemulon sciurus","Hae.sciu",49,"49","Sparisoma viride FI","Spa.viri FI",0,24,0,0
24,"24","Haemulon sciurus","Hae.sciu",50,"50","Sphyraena barracuda","Sph.barr",0,24,0,0
24,"24","Haemulon sciurus","Hae.sciu",51,"51","Urobatis jamaicensis","Uro.jama",0,24,0,0
24,"24","Haemulon sciurus","Hae.sciu",52,"52","unidentifiable","Unident.",0,24,0,0
24,"24","Haemulon sciurus","Hae.sciu",53,"background","No matched prediction","No match",5,24,20.8333333333333,0.208333333333333
25,"25","Halichoeres spp","Hal.spp",1,"1","Abudefduf saxatilis","Abu.saxa",0,17,0,0
25,"25","Halichoeres spp","Hal.spp",2,"2","Acanthurus chirurgus","Aca.chir",0,17,0,0
25,"25","Halichoeres spp","Hal.spp",3,"3","Acanthurus coeruleus","Aca.coer",0,17,0,0
25,"25","Halichoeres spp","Hal.spp",4,"4","Anisotremus virginicus","Ani.virg",0,17,0,0
25,"25","Halichoeres spp","Hal.spp",5,"5","Azurina cyanea","Azu.cyan",0,17,0,0
25,"25","Halichoeres spp","Hal.spp",6,"6","Bodianus rufus","Bod.rufu",0,17,0,0
25,"25","Halichoeres spp","Hal.spp",7,"7","Calamus spp","Cal.spp",0,17,0,0
25,"25","Halichoeres spp","Hal.spp",8,"8","Caranx bartholomaei","Car.bart",0,17,0,0
25,"25","Halichoeres spp","Hal.spp",9,"9","Caranx latus","Car.latu",0,17,0,0
25,"25","Halichoeres spp","Hal.spp",10,"10","Caranx ruber","Car.rube",0,17,0,0
25,"25","Halichoeres spp","Hal.spp",11,"11","Cephalopholis cruentata","Cep.crue",0,17,0,0
25,"25","Halichoeres spp","Hal.spp",12,"12","Chaetodon capistratus","Cha.capi",0,17,0,0
25,"25","Halichoeres spp","Hal.spp",13,"13","Chaetodon ocellatus","Cha.ocel",0,17,0,0
25,"25","Halichoeres spp","Hal.spp",14,"14","Chaetodon sedentarius","Cha.sede",0,17,0,0
25,"25","Halichoeres spp","Hal.spp",15,"15","Chaetodon striatus","Cha.stri",0,17,0,0
25,"25","Halichoeres spp","Hal.spp",16,"16","Chromis scotti","Chr.scot",0,17,0,0
25,"25","Halichoeres spp","Hal.spp",17,"17","Diodon spp","Dio.spp",0,17,0,0
25,"25","Halichoeres spp","Hal.spp",18,"18","Epinephelus spp","Epi.spp",0,17,0,0
25,"25","Halichoeres spp","Hal.spp",19,"19","Ginglymostoma cirratum","Gin.cirr",0,17,0,0
25,"25","Halichoeres spp","Hal.spp",20,"20","Haemulon flavolineatum","Hae.flav",0,17,0,0
25,"25","Halichoeres spp","Hal.spp",21,"21","Haemulon juvenil","Hae.juv",2,17,11.7647058823529,0.117647058823529
25,"25","Halichoeres spp","Hal.spp",22,"22","Haemulon plumierii","Hae.plum",0,17,0,0
25,"25","Halichoeres spp","Hal.spp",23,"23","Haemulon plumierii juvenil","Hae.plum juv",0,17,0,0
25,"25","Halichoeres spp","Hal.spp",24,"24","Haemulon sciurus","Hae.sciu",0,17,0,0
25,"25","Halichoeres spp","Hal.spp",25,"25","Halichoeres spp","Hal.spp",14,17,82.3529411764706,0.823529411764706
25,"25","Halichoeres spp","Hal.spp",26,"26","Holacanthus spp","Hol.spp",0,17,0,0
25,"25","Halichoeres spp","Hal.spp",27,"27","Kyphosus spp","Kyp.spp",0,17,0,0
25,"25","Halichoeres spp","Hal.spp",28,"28","Lachnolaimus maximus","Lac.maxi",0,17,0,0
25,"25","Halichoeres spp","Hal.spp",29,"29","Lutjanus analis","Lut.anal",0,17,0,0
25,"25","Halichoeres spp","Hal.spp",30,"30","Lutjanus griseus","Lut.gris",0,17,0,0
25,"25","Halichoeres spp","Hal.spp",31,"31","Lutjanus jocu","Lut.jocu",0,17,0,0
25,"25","Halichoeres spp","Hal.spp",32,"32","Mycteroperca spp","Myc.spp",0,17,0,0
25,"25","Halichoeres spp","Hal.spp",33,"33","Nicholsina usta","Nic.usta",0,17,0,0
25,"25","Halichoeres spp","Hal.spp",34,"34","Ocyurus chrysurus","Ocy.chry",0,17,0,0
25,"25","Halichoeres spp","Hal.spp",35,"35","Pomacanthus arcuatus","Pom.arcu",0,17,0,0
25,"25","Halichoeres spp","Hal.spp",36,"36","Pomacanthus paru","Pom.paru",0,17,0,0
25,"25","Halichoeres spp","Hal.spp",37,"37","Rhomboplites aurorubens","Rho.auro",0,17,0,0
25,"25","Halichoeres spp","Hal.spp",38,"38","Scarus coelestinus","Sca.coel",0,17,0,0
25,"25","Halichoeres spp","Hal.spp",39,"39","Scarus coeruleus","Sca.coer",0,17,0,0
25,"25","Halichoeres spp","Hal.spp",40,"40","Scarus guacamaia","Sca.guac",0,17,0,0
25,"25","Halichoeres spp","Hal.spp",41,"41","Scarus iseri","Sca.iser",0,17,0,0
25,"25","Halichoeres spp","Hal.spp",42,"42","Scarus juvenil","Sca.juv",0,17,0,0
25,"25","Halichoeres spp","Hal.spp",43,"43","Scarus taeniopterus","Sca.taen",0,17,0,0
25,"25","Halichoeres spp","Hal.spp",44,"44","Scarus vetula","Sca.vetu",0,17,0,0
25,"25","Halichoeres spp","Hal.spp",45,"45","Sparisoma aurofrenatum","Spa.auro",0,17,0,0
25,"25","Halichoeres spp","Hal.spp",46,"46","Sparisoma chrysopterum","Spa.chry",0,17,0,0
25,"25","Halichoeres spp","Hal.spp",47,"47","Sparisoma rubripinne FI","Spa.rubr FI",0,17,0,0
25,"25","Halichoeres spp","Hal.spp",48,"48","Sparisoma viride","Spa.viri",0,17,0,0
25,"25","Halichoeres spp","Hal.spp",49,"49","Sparisoma viride FI","Spa.viri FI",0,17,0,0
25,"25","Halichoeres spp","Hal.spp",50,"50","Sphyraena barracuda","Sph.barr",0,17,0,0
25,"25","Halichoeres spp","Hal.spp",51,"51","Urobatis jamaicensis","Uro.jama",0,17,0,0
25,"25","Halichoeres spp","Hal.spp",52,"52","unidentifiable","Unident.",0,17,0,0
25,"25","Halichoeres spp","Hal.spp",53,"background","No matched prediction","No match",1,17,5.88235294117647,0.0588235294117647
26,"26","Holacanthus spp","Hol.spp",1,"1","Abudefduf saxatilis","Abu.saxa",0,23,0,0
26,"26","Holacanthus spp","Hol.spp",2,"2","Acanthurus chirurgus","Aca.chir",0,23,0,0
26,"26","Holacanthus spp","Hol.spp",3,"3","Acanthurus coeruleus","Aca.coer",0,23,0,0
26,"26","Holacanthus spp","Hol.spp",4,"4","Anisotremus virginicus","Ani.virg",0,23,0,0
26,"26","Holacanthus spp","Hol.spp",5,"5","Azurina cyanea","Azu.cyan",0,23,0,0
26,"26","Holacanthus spp","Hol.spp",6,"6","Bodianus rufus","Bod.rufu",0,23,0,0
26,"26","Holacanthus spp","Hol.spp",7,"7","Calamus spp","Cal.spp",0,23,0,0
26,"26","Holacanthus spp","Hol.spp",8,"8","Caranx bartholomaei","Car.bart",0,23,0,0
26,"26","Holacanthus spp","Hol.spp",9,"9","Caranx latus","Car.latu",0,23,0,0
26,"26","Holacanthus spp","Hol.spp",10,"10","Caranx ruber","Car.rube",0,23,0,0
26,"26","Holacanthus spp","Hol.spp",11,"11","Cephalopholis cruentata","Cep.crue",0,23,0,0
26,"26","Holacanthus spp","Hol.spp",12,"12","Chaetodon capistratus","Cha.capi",0,23,0,0
26,"26","Holacanthus spp","Hol.spp",13,"13","Chaetodon ocellatus","Cha.ocel",0,23,0,0
26,"26","Holacanthus spp","Hol.spp",14,"14","Chaetodon sedentarius","Cha.sede",0,23,0,0
26,"26","Holacanthus spp","Hol.spp",15,"15","Chaetodon striatus","Cha.stri",0,23,0,0
26,"26","Holacanthus spp","Hol.spp",16,"16","Chromis scotti","Chr.scot",0,23,0,0
26,"26","Holacanthus spp","Hol.spp",17,"17","Diodon spp","Dio.spp",0,23,0,0
26,"26","Holacanthus spp","Hol.spp",18,"18","Epinephelus spp","Epi.spp",0,23,0,0
26,"26","Holacanthus spp","Hol.spp",19,"19","Ginglymostoma cirratum","Gin.cirr",0,23,0,0
26,"26","Holacanthus spp","Hol.spp",20,"20","Haemulon flavolineatum","Hae.flav",0,23,0,0
26,"26","Holacanthus spp","Hol.spp",21,"21","Haemulon juvenil","Hae.juv",0,23,0,0
26,"26","Holacanthus spp","Hol.spp",22,"22","Haemulon plumierii","Hae.plum",4,23,17.3913043478261,0.173913043478261
26,"26","Holacanthus spp","Hol.spp",23,"23","Haemulon plumierii juvenil","Hae.plum juv",0,23,0,0
26,"26","Holacanthus spp","Hol.spp",24,"24","Haemulon sciurus","Hae.sciu",0,23,0,0
26,"26","Holacanthus spp","Hol.spp",25,"25","Halichoeres spp","Hal.spp",0,23,0,0
26,"26","Holacanthus spp","Hol.spp",26,"26","Holacanthus spp","Hol.spp",16,23,69.5652173913043,0.695652173913043
26,"26","Holacanthus spp","Hol.spp",27,"27","Kyphosus spp","Kyp.spp",0,23,0,0
26,"26","Holacanthus spp","Hol.spp",28,"28","Lachnolaimus maximus","Lac.maxi",0,23,0,0
26,"26","Holacanthus spp","Hol.spp",29,"29","Lutjanus analis","Lut.anal",0,23,0,0
26,"26","Holacanthus spp","Hol.spp",30,"30","Lutjanus griseus","Lut.gris",0,23,0,0
26,"26","Holacanthus spp","Hol.spp",31,"31","Lutjanus jocu","Lut.jocu",0,23,0,0
26,"26","Holacanthus spp","Hol.spp",32,"32","Mycteroperca spp","Myc.spp",0,23,0,0
26,"26","Holacanthus spp","Hol.spp",33,"33","Nicholsina usta","Nic.usta",0,23,0,0
26,"26","Holacanthus spp","Hol.spp",34,"34","Ocyurus chrysurus","Ocy.chry",0,23,0,0
26,"26","Holacanthus spp","Hol.spp",35,"35","Pomacanthus arcuatus","Pom.arcu",0,23,0,0
26,"26","Holacanthus spp","Hol.spp",36,"36","Pomacanthus paru","Pom.paru",0,23,0,0
26,"26","Holacanthus spp","Hol.spp",37,"37","Rhomboplites aurorubens","Rho.auro",0,23,0,0
26,"26","Holacanthus spp","Hol.spp",38,"38","Scarus coelestinus","Sca.coel",0,23,0,0
26,"26","Holacanthus spp","Hol.spp",39,"39","Scarus coeruleus","Sca.coer",0,23,0,0
26,"26","Holacanthus spp","Hol.spp",40,"40","Scarus guacamaia","Sca.guac",0,23,0,0
26,"26","Holacanthus spp","Hol.spp",41,"41","Scarus iseri","Sca.iser",0,23,0,0
26,"26","Holacanthus spp","Hol.spp",42,"42","Scarus juvenil","Sca.juv",0,23,0,0
26,"26","Holacanthus spp","Hol.spp",43,"43","Scarus taeniopterus","Sca.taen",0,23,0,0
26,"26","Holacanthus spp","Hol.spp",44,"44","Scarus vetula","Sca.vetu",0,23,0,0
26,"26","Holacanthus spp","Hol.spp",45,"45","Sparisoma aurofrenatum","Spa.auro",0,23,0,0
26,"26","Holacanthus spp","Hol.spp",46,"46","Sparisoma chrysopterum","Spa.chry",0,23,0,0
26,"26","Holacanthus spp","Hol.spp",47,"47","Sparisoma rubripinne FI","Spa.rubr FI",0,23,0,0
26,"26","Holacanthus spp","Hol.spp",48,"48","Sparisoma viride","Spa.viri",0,23,0,0
26,"26","Holacanthus spp","Hol.spp",49,"49","Sparisoma viride FI","Spa.viri FI",0,23,0,0
26,"26","Holacanthus spp","Hol.spp",50,"50","Sphyraena barracuda","Sph.barr",0,23,0,0
26,"26","Holacanthus spp","Hol.spp",51,"51","Urobatis jamaicensis","Uro.jama",0,23,0,0
26,"26","Holacanthus spp","Hol.spp",52,"52","unidentifiable","Unident.",0,23,0,0
26,"26","Holacanthus spp","Hol.spp",53,"background","No matched prediction","No match",3,23,13.0434782608696,0.130434782608696
27,"27","Kyphosus spp","Kyp.spp",1,"1","Abudefduf saxatilis","Abu.saxa",0,48,0,0
27,"27","Kyphosus spp","Kyp.spp",2,"2","Acanthurus chirurgus","Aca.chir",0,48,0,0
27,"27","Kyphosus spp","Kyp.spp",3,"3","Acanthurus coeruleus","Aca.coer",0,48,0,0
27,"27","Kyphosus spp","Kyp.spp",4,"4","Anisotremus virginicus","Ani.virg",0,48,0,0
27,"27","Kyphosus spp","Kyp.spp",5,"5","Azurina cyanea","Azu.cyan",0,48,0,0
27,"27","Kyphosus spp","Kyp.spp",6,"6","Bodianus rufus","Bod.rufu",0,48,0,0
27,"27","Kyphosus spp","Kyp.spp",7,"7","Calamus spp","Cal.spp",0,48,0,0
27,"27","Kyphosus spp","Kyp.spp",8,"8","Caranx bartholomaei","Car.bart",0,48,0,0
27,"27","Kyphosus spp","Kyp.spp",9,"9","Caranx latus","Car.latu",0,48,0,0
27,"27","Kyphosus spp","Kyp.spp",10,"10","Caranx ruber","Car.rube",0,48,0,0
27,"27","Kyphosus spp","Kyp.spp",11,"11","Cephalopholis cruentata","Cep.crue",0,48,0,0
27,"27","Kyphosus spp","Kyp.spp",12,"12","Chaetodon capistratus","Cha.capi",0,48,0,0
27,"27","Kyphosus spp","Kyp.spp",13,"13","Chaetodon ocellatus","Cha.ocel",0,48,0,0
27,"27","Kyphosus spp","Kyp.spp",14,"14","Chaetodon sedentarius","Cha.sede",0,48,0,0
27,"27","Kyphosus spp","Kyp.spp",15,"15","Chaetodon striatus","Cha.stri",0,48,0,0
27,"27","Kyphosus spp","Kyp.spp",16,"16","Chromis scotti","Chr.scot",0,48,0,0
27,"27","Kyphosus spp","Kyp.spp",17,"17","Diodon spp","Dio.spp",0,48,0,0
27,"27","Kyphosus spp","Kyp.spp",18,"18","Epinephelus spp","Epi.spp",0,48,0,0
27,"27","Kyphosus spp","Kyp.spp",19,"19","Ginglymostoma cirratum","Gin.cirr",0,48,0,0
27,"27","Kyphosus spp","Kyp.spp",20,"20","Haemulon flavolineatum","Hae.flav",0,48,0,0
27,"27","Kyphosus spp","Kyp.spp",21,"21","Haemulon juvenil","Hae.juv",0,48,0,0
27,"27","Kyphosus spp","Kyp.spp",22,"22","Haemulon plumierii","Hae.plum",0,48,0,0
27,"27","Kyphosus spp","Kyp.spp",23,"23","Haemulon plumierii juvenil","Hae.plum juv",0,48,0,0
27,"27","Kyphosus spp","Kyp.spp",24,"24","Haemulon sciurus","Hae.sciu",0,48,0,0
27,"27","Kyphosus spp","Kyp.spp",25,"25","Halichoeres spp","Hal.spp",0,48,0,0
27,"27","Kyphosus spp","Kyp.spp",26,"26","Holacanthus spp","Hol.spp",0,48,0,0
27,"27","Kyphosus spp","Kyp.spp",27,"27","Kyphosus spp","Kyp.spp",19,48,39.5833333333333,0.395833333333333
27,"27","Kyphosus spp","Kyp.spp",28,"28","Lachnolaimus maximus","Lac.maxi",0,48,0,0
27,"27","Kyphosus spp","Kyp.spp",29,"29","Lutjanus analis","Lut.anal",0,48,0,0
27,"27","Kyphosus spp","Kyp.spp",30,"30","Lutjanus griseus","Lut.gris",7,48,14.5833333333333,0.145833333333333
27,"27","Kyphosus spp","Kyp.spp",31,"31","Lutjanus jocu","Lut.jocu",0,48,0,0
27,"27","Kyphosus spp","Kyp.spp",32,"32","Mycteroperca spp","Myc.spp",0,48,0,0
27,"27","Kyphosus spp","Kyp.spp",33,"33","Nicholsina usta","Nic.usta",0,48,0,0
27,"27","Kyphosus spp","Kyp.spp",34,"34","Ocyurus chrysurus","Ocy.chry",0,48,0,0
27,"27","Kyphosus spp","Kyp.spp",35,"35","Pomacanthus arcuatus","Pom.arcu",0,48,0,0
27,"27","Kyphosus spp","Kyp.spp",36,"36","Pomacanthus paru","Pom.paru",0,48,0,0
27,"27","Kyphosus spp","Kyp.spp",37,"37","Rhomboplites aurorubens","Rho.auro",0,48,0,0
27,"27","Kyphosus spp","Kyp.spp",38,"38","Scarus coelestinus","Sca.coel",0,48,0,0
27,"27","Kyphosus spp","Kyp.spp",39,"39","Scarus coeruleus","Sca.coer",0,48,0,0
27,"27","Kyphosus spp","Kyp.spp",40,"40","Scarus guacamaia","Sca.guac",0,48,0,0
27,"27","Kyphosus spp","Kyp.spp",41,"41","Scarus iseri","Sca.iser",0,48,0,0
27,"27","Kyphosus spp","Kyp.spp",42,"42","Scarus juvenil","Sca.juv",0,48,0,0
27,"27","Kyphosus spp","Kyp.spp",43,"43","Scarus taeniopterus","Sca.taen",0,48,0,0
27,"27","Kyphosus spp","Kyp.spp",44,"44","Scarus vetula","Sca.vetu",0,48,0,0
27,"27","Kyphosus spp","Kyp.spp",45,"45","Sparisoma aurofrenatum","Spa.auro",0,48,0,0
27,"27","Kyphosus spp","Kyp.spp",46,"46","Sparisoma chrysopterum","Spa.chry",0,48,0,0
27,"27","Kyphosus spp","Kyp.spp",47,"47","Sparisoma rubripinne FI","Spa.rubr FI",0,48,0,0
27,"27","Kyphosus spp","Kyp.spp",48,"48","Sparisoma viride","Spa.viri",0,48,0,0
27,"27","Kyphosus spp","Kyp.spp",49,"49","Sparisoma viride FI","Spa.viri FI",0,48,0,0
27,"27","Kyphosus spp","Kyp.spp",50,"50","Sphyraena barracuda","Sph.barr",0,48,0,0
27,"27","Kyphosus spp","Kyp.spp",51,"51","Urobatis jamaicensis","Uro.jama",0,48,0,0
27,"27","Kyphosus spp","Kyp.spp",52,"52","unidentifiable","Unident.",0,48,0,0
27,"27","Kyphosus spp","Kyp.spp",53,"background","No matched prediction","No match",22,48,45.8333333333333,0.458333333333333
28,"28","Lachnolaimus maximus","Lac.maxi",1,"1","Abudefduf saxatilis","Abu.saxa",0,36,0,0
28,"28","Lachnolaimus maximus","Lac.maxi",2,"2","Acanthurus chirurgus","Aca.chir",0,36,0,0
28,"28","Lachnolaimus maximus","Lac.maxi",3,"3","Acanthurus coeruleus","Aca.coer",0,36,0,0
28,"28","Lachnolaimus maximus","Lac.maxi",4,"4","Anisotremus virginicus","Ani.virg",0,36,0,0
28,"28","Lachnolaimus maximus","Lac.maxi",5,"5","Azurina cyanea","Azu.cyan",0,36,0,0
28,"28","Lachnolaimus maximus","Lac.maxi",6,"6","Bodianus rufus","Bod.rufu",0,36,0,0
28,"28","Lachnolaimus maximus","Lac.maxi",7,"7","Calamus spp","Cal.spp",0,36,0,0
28,"28","Lachnolaimus maximus","Lac.maxi",8,"8","Caranx bartholomaei","Car.bart",0,36,0,0
28,"28","Lachnolaimus maximus","Lac.maxi",9,"9","Caranx latus","Car.latu",0,36,0,0
28,"28","Lachnolaimus maximus","Lac.maxi",10,"10","Caranx ruber","Car.rube",0,36,0,0
28,"28","Lachnolaimus maximus","Lac.maxi",11,"11","Cephalopholis cruentata","Cep.crue",0,36,0,0
28,"28","Lachnolaimus maximus","Lac.maxi",12,"12","Chaetodon capistratus","Cha.capi",0,36,0,0
28,"28","Lachnolaimus maximus","Lac.maxi",13,"13","Chaetodon ocellatus","Cha.ocel",0,36,0,0
28,"28","Lachnolaimus maximus","Lac.maxi",14,"14","Chaetodon sedentarius","Cha.sede",0,36,0,0
28,"28","Lachnolaimus maximus","Lac.maxi",15,"15","Chaetodon striatus","Cha.stri",0,36,0,0
28,"28","Lachnolaimus maximus","Lac.maxi",16,"16","Chromis scotti","Chr.scot",0,36,0,0
28,"28","Lachnolaimus maximus","Lac.maxi",17,"17","Diodon spp","Dio.spp",0,36,0,0
28,"28","Lachnolaimus maximus","Lac.maxi",18,"18","Epinephelus spp","Epi.spp",0,36,0,0
28,"28","Lachnolaimus maximus","Lac.maxi",19,"19","Ginglymostoma cirratum","Gin.cirr",0,36,0,0
28,"28","Lachnolaimus maximus","Lac.maxi",20,"20","Haemulon flavolineatum","Hae.flav",0,36,0,0
28,"28","Lachnolaimus maximus","Lac.maxi",21,"21","Haemulon juvenil","Hae.juv",0,36,0,0
28,"28","Lachnolaimus maximus","Lac.maxi",22,"22","Haemulon plumierii","Hae.plum",2,36,5.55555555555556,0.0555555555555556
28,"28","Lachnolaimus maximus","Lac.maxi",23,"23","Haemulon plumierii juvenil","Hae.plum juv",0,36,0,0
28,"28","Lachnolaimus maximus","Lac.maxi",24,"24","Haemulon sciurus","Hae.sciu",0,36,0,0
28,"28","Lachnolaimus maximus","Lac.maxi",25,"25","Halichoeres spp","Hal.spp",0,36,0,0
28,"28","Lachnolaimus maximus","Lac.maxi",26,"26","Holacanthus spp","Hol.spp",0,36,0,0
28,"28","Lachnolaimus maximus","Lac.maxi",27,"27","Kyphosus spp","Kyp.spp",0,36,0,0
28,"28","Lachnolaimus maximus","Lac.maxi",28,"28","Lachnolaimus maximus","Lac.maxi",18,36,50,0.5
28,"28","Lachnolaimus maximus","Lac.maxi",29,"29","Lutjanus analis","Lut.anal",0,36,0,0
28,"28","Lachnolaimus maximus","Lac.maxi",30,"30","Lutjanus griseus","Lut.gris",0,36,0,0
28,"28","Lachnolaimus maximus","Lac.maxi",31,"31","Lutjanus jocu","Lut.jocu",0,36,0,0
28,"28","Lachnolaimus maximus","Lac.maxi",32,"32","Mycteroperca spp","Myc.spp",0,36,0,0
28,"28","Lachnolaimus maximus","Lac.maxi",33,"33","Nicholsina usta","Nic.usta",0,36,0,0
28,"28","Lachnolaimus maximus","Lac.maxi",34,"34","Ocyurus chrysurus","Ocy.chry",0,36,0,0
28,"28","Lachnolaimus maximus","Lac.maxi",35,"35","Pomacanthus arcuatus","Pom.arcu",0,36,0,0
28,"28","Lachnolaimus maximus","Lac.maxi",36,"36","Pomacanthus paru","Pom.paru",0,36,0,0
28,"28","Lachnolaimus maximus","Lac.maxi",37,"37","Rhomboplites aurorubens","Rho.auro",0,36,0,0
28,"28","Lachnolaimus maximus","Lac.maxi",38,"38","Scarus coelestinus","Sca.coel",0,36,0,0
28,"28","Lachnolaimus maximus","Lac.maxi",39,"39","Scarus coeruleus","Sca.coer",0,36,0,0
28,"28","Lachnolaimus maximus","Lac.maxi",40,"40","Scarus guacamaia","Sca.guac",0,36,0,0
28,"28","Lachnolaimus maximus","Lac.maxi",41,"41","Scarus iseri","Sca.iser",0,36,0,0
28,"28","Lachnolaimus maximus","Lac.maxi",42,"42","Scarus juvenil","Sca.juv",0,36,0,0
28,"28","Lachnolaimus maximus","Lac.maxi",43,"43","Scarus taeniopterus","Sca.taen",0,36,0,0
28,"28","Lachnolaimus maximus","Lac.maxi",44,"44","Scarus vetula","Sca.vetu",0,36,0,0
28,"28","Lachnolaimus maximus","Lac.maxi",45,"45","Sparisoma aurofrenatum","Spa.auro",0,36,0,0
28,"28","Lachnolaimus maximus","Lac.maxi",46,"46","Sparisoma chrysopterum","Spa.chry",0,36,0,0
28,"28","Lachnolaimus maximus","Lac.maxi",47,"47","Sparisoma rubripinne FI","Spa.rubr FI",0,36,0,0
28,"28","Lachnolaimus maximus","Lac.maxi",48,"48","Sparisoma viride","Spa.viri",0,36,0,0
28,"28","Lachnolaimus maximus","Lac.maxi",49,"49","Sparisoma viride FI","Spa.viri FI",0,36,0,0
28,"28","Lachnolaimus maximus","Lac.maxi",50,"50","Sphyraena barracuda","Sph.barr",0,36,0,0
28,"28","Lachnolaimus maximus","Lac.maxi",51,"51","Urobatis jamaicensis","Uro.jama",0,36,0,0
28,"28","Lachnolaimus maximus","Lac.maxi",52,"52","unidentifiable","Unident.",0,36,0,0
28,"28","Lachnolaimus maximus","Lac.maxi",53,"background","No matched prediction","No match",16,36,44.4444444444444,0.444444444444444
29,"29","Lutjanus analis","Lut.anal",1,"1","Abudefduf saxatilis","Abu.saxa",0,26,0,0
29,"29","Lutjanus analis","Lut.anal",2,"2","Acanthurus chirurgus","Aca.chir",0,26,0,0
29,"29","Lutjanus analis","Lut.anal",3,"3","Acanthurus coeruleus","Aca.coer",0,26,0,0
29,"29","Lutjanus analis","Lut.anal",4,"4","Anisotremus virginicus","Ani.virg",0,26,0,0
29,"29","Lutjanus analis","Lut.anal",5,"5","Azurina cyanea","Azu.cyan",0,26,0,0
29,"29","Lutjanus analis","Lut.anal",6,"6","Bodianus rufus","Bod.rufu",0,26,0,0
29,"29","Lutjanus analis","Lut.anal",7,"7","Calamus spp","Cal.spp",0,26,0,0
29,"29","Lutjanus analis","Lut.anal",8,"8","Caranx bartholomaei","Car.bart",0,26,0,0
29,"29","Lutjanus analis","Lut.anal",9,"9","Caranx latus","Car.latu",0,26,0,0
29,"29","Lutjanus analis","Lut.anal",10,"10","Caranx ruber","Car.rube",0,26,0,0
29,"29","Lutjanus analis","Lut.anal",11,"11","Cephalopholis cruentata","Cep.crue",0,26,0,0
29,"29","Lutjanus analis","Lut.anal",12,"12","Chaetodon capistratus","Cha.capi",0,26,0,0
29,"29","Lutjanus analis","Lut.anal",13,"13","Chaetodon ocellatus","Cha.ocel",0,26,0,0
29,"29","Lutjanus analis","Lut.anal",14,"14","Chaetodon sedentarius","Cha.sede",0,26,0,0
29,"29","Lutjanus analis","Lut.anal",15,"15","Chaetodon striatus","Cha.stri",0,26,0,0
29,"29","Lutjanus analis","Lut.anal",16,"16","Chromis scotti","Chr.scot",0,26,0,0
29,"29","Lutjanus analis","Lut.anal",17,"17","Diodon spp","Dio.spp",0,26,0,0
29,"29","Lutjanus analis","Lut.anal",18,"18","Epinephelus spp","Epi.spp",0,26,0,0
29,"29","Lutjanus analis","Lut.anal",19,"19","Ginglymostoma cirratum","Gin.cirr",0,26,0,0
29,"29","Lutjanus analis","Lut.anal",20,"20","Haemulon flavolineatum","Hae.flav",0,26,0,0
29,"29","Lutjanus analis","Lut.anal",21,"21","Haemulon juvenil","Hae.juv",0,26,0,0
29,"29","Lutjanus analis","Lut.anal",22,"22","Haemulon plumierii","Hae.plum",0,26,0,0
29,"29","Lutjanus analis","Lut.anal",23,"23","Haemulon plumierii juvenil","Hae.plum juv",0,26,0,0
29,"29","Lutjanus analis","Lut.anal",24,"24","Haemulon sciurus","Hae.sciu",0,26,0,0
29,"29","Lutjanus analis","Lut.anal",25,"25","Halichoeres spp","Hal.spp",0,26,0,0
29,"29","Lutjanus analis","Lut.anal",26,"26","Holacanthus spp","Hol.spp",0,26,0,0
29,"29","Lutjanus analis","Lut.anal",27,"27","Kyphosus spp","Kyp.spp",0,26,0,0
29,"29","Lutjanus analis","Lut.anal",28,"28","Lachnolaimus maximus","Lac.maxi",0,26,0,0
29,"29","Lutjanus analis","Lut.anal",29,"29","Lutjanus analis","Lut.anal",21,26,80.7692307692308,0.807692307692308
29,"29","Lutjanus analis","Lut.anal",30,"30","Lutjanus griseus","Lut.gris",0,26,0,0
29,"29","Lutjanus analis","Lut.anal",31,"31","Lutjanus jocu","Lut.jocu",0,26,0,0
29,"29","Lutjanus analis","Lut.anal",32,"32","Mycteroperca spp","Myc.spp",0,26,0,0
29,"29","Lutjanus analis","Lut.anal",33,"33","Nicholsina usta","Nic.usta",0,26,0,0
29,"29","Lutjanus analis","Lut.anal",34,"34","Ocyurus chrysurus","Ocy.chry",0,26,0,0
29,"29","Lutjanus analis","Lut.anal",35,"35","Pomacanthus arcuatus","Pom.arcu",0,26,0,0
29,"29","Lutjanus analis","Lut.anal",36,"36","Pomacanthus paru","Pom.paru",0,26,0,0
29,"29","Lutjanus analis","Lut.anal",37,"37","Rhomboplites aurorubens","Rho.auro",0,26,0,0
29,"29","Lutjanus analis","Lut.anal",38,"38","Scarus coelestinus","Sca.coel",0,26,0,0
29,"29","Lutjanus analis","Lut.anal",39,"39","Scarus coeruleus","Sca.coer",0,26,0,0
29,"29","Lutjanus analis","Lut.anal",40,"40","Scarus guacamaia","Sca.guac",0,26,0,0
29,"29","Lutjanus analis","Lut.anal",41,"41","Scarus iseri","Sca.iser",0,26,0,0
29,"29","Lutjanus analis","Lut.anal",42,"42","Scarus juvenil","Sca.juv",0,26,0,0
29,"29","Lutjanus analis","Lut.anal",43,"43","Scarus taeniopterus","Sca.taen",0,26,0,0
29,"29","Lutjanus analis","Lut.anal",44,"44","Scarus vetula","Sca.vetu",0,26,0,0
29,"29","Lutjanus analis","Lut.anal",45,"45","Sparisoma aurofrenatum","Spa.auro",0,26,0,0
29,"29","Lutjanus analis","Lut.anal",46,"46","Sparisoma chrysopterum","Spa.chry",0,26,0,0
29,"29","Lutjanus analis","Lut.anal",47,"47","Sparisoma rubripinne FI","Spa.rubr FI",0,26,0,0
29,"29","Lutjanus analis","Lut.anal",48,"48","Sparisoma viride","Spa.viri",0,26,0,0
29,"29","Lutjanus analis","Lut.anal",49,"49","Sparisoma viride FI","Spa.viri FI",0,26,0,0
29,"29","Lutjanus analis","Lut.anal",50,"50","Sphyraena barracuda","Sph.barr",0,26,0,0
29,"29","Lutjanus analis","Lut.anal",51,"51","Urobatis jamaicensis","Uro.jama",0,26,0,0
29,"29","Lutjanus analis","Lut.anal",52,"52","unidentifiable","Unident.",0,26,0,0
29,"29","Lutjanus analis","Lut.anal",53,"background","No matched prediction","No match",5,26,19.2307692307692,0.192307692307692
30,"30","Lutjanus griseus","Lut.gris",1,"1","Abudefduf saxatilis","Abu.saxa",0,94,0,0
30,"30","Lutjanus griseus","Lut.gris",2,"2","Acanthurus chirurgus","Aca.chir",0,94,0,0
30,"30","Lutjanus griseus","Lut.gris",3,"3","Acanthurus coeruleus","Aca.coer",0,94,0,0
30,"30","Lutjanus griseus","Lut.gris",4,"4","Anisotremus virginicus","Ani.virg",0,94,0,0
30,"30","Lutjanus griseus","Lut.gris",5,"5","Azurina cyanea","Azu.cyan",0,94,0,0
30,"30","Lutjanus griseus","Lut.gris",6,"6","Bodianus rufus","Bod.rufu",0,94,0,0
30,"30","Lutjanus griseus","Lut.gris",7,"7","Calamus spp","Cal.spp",0,94,0,0
30,"30","Lutjanus griseus","Lut.gris",8,"8","Caranx bartholomaei","Car.bart",0,94,0,0
30,"30","Lutjanus griseus","Lut.gris",9,"9","Caranx latus","Car.latu",0,94,0,0
30,"30","Lutjanus griseus","Lut.gris",10,"10","Caranx ruber","Car.rube",0,94,0,0
30,"30","Lutjanus griseus","Lut.gris",11,"11","Cephalopholis cruentata","Cep.crue",0,94,0,0
30,"30","Lutjanus griseus","Lut.gris",12,"12","Chaetodon capistratus","Cha.capi",0,94,0,0
30,"30","Lutjanus griseus","Lut.gris",13,"13","Chaetodon ocellatus","Cha.ocel",0,94,0,0
30,"30","Lutjanus griseus","Lut.gris",14,"14","Chaetodon sedentarius","Cha.sede",0,94,0,0
30,"30","Lutjanus griseus","Lut.gris",15,"15","Chaetodon striatus","Cha.stri",0,94,0,0
30,"30","Lutjanus griseus","Lut.gris",16,"16","Chromis scotti","Chr.scot",0,94,0,0
30,"30","Lutjanus griseus","Lut.gris",17,"17","Diodon spp","Dio.spp",0,94,0,0
30,"30","Lutjanus griseus","Lut.gris",18,"18","Epinephelus spp","Epi.spp",0,94,0,0
30,"30","Lutjanus griseus","Lut.gris",19,"19","Ginglymostoma cirratum","Gin.cirr",0,94,0,0
30,"30","Lutjanus griseus","Lut.gris",20,"20","Haemulon flavolineatum","Hae.flav",0,94,0,0
30,"30","Lutjanus griseus","Lut.gris",21,"21","Haemulon juvenil","Hae.juv",0,94,0,0
30,"30","Lutjanus griseus","Lut.gris",22,"22","Haemulon plumierii","Hae.plum",2,94,2.12765957446809,0.0212765957446809
30,"30","Lutjanus griseus","Lut.gris",23,"23","Haemulon plumierii juvenil","Hae.plum juv",0,94,0,0
30,"30","Lutjanus griseus","Lut.gris",24,"24","Haemulon sciurus","Hae.sciu",0,94,0,0
30,"30","Lutjanus griseus","Lut.gris",25,"25","Halichoeres spp","Hal.spp",0,94,0,0
30,"30","Lutjanus griseus","Lut.gris",26,"26","Holacanthus spp","Hol.spp",0,94,0,0
30,"30","Lutjanus griseus","Lut.gris",27,"27","Kyphosus spp","Kyp.spp",0,94,0,0
30,"30","Lutjanus griseus","Lut.gris",28,"28","Lachnolaimus maximus","Lac.maxi",0,94,0,0
30,"30","Lutjanus griseus","Lut.gris",29,"29","Lutjanus analis","Lut.anal",0,94,0,0
30,"30","Lutjanus griseus","Lut.gris",30,"30","Lutjanus griseus","Lut.gris",68,94,72.3404255319149,0.723404255319149
30,"30","Lutjanus griseus","Lut.gris",31,"31","Lutjanus jocu","Lut.jocu",0,94,0,0
30,"30","Lutjanus griseus","Lut.gris",32,"32","Mycteroperca spp","Myc.spp",0,94,0,0
30,"30","Lutjanus griseus","Lut.gris",33,"33","Nicholsina usta","Nic.usta",0,94,0,0
30,"30","Lutjanus griseus","Lut.gris",34,"34","Ocyurus chrysurus","Ocy.chry",0,94,0,0
30,"30","Lutjanus griseus","Lut.gris",35,"35","Pomacanthus arcuatus","Pom.arcu",0,94,0,0
30,"30","Lutjanus griseus","Lut.gris",36,"36","Pomacanthus paru","Pom.paru",0,94,0,0
30,"30","Lutjanus griseus","Lut.gris",37,"37","Rhomboplites aurorubens","Rho.auro",0,94,0,0
30,"30","Lutjanus griseus","Lut.gris",38,"38","Scarus coelestinus","Sca.coel",0,94,0,0
30,"30","Lutjanus griseus","Lut.gris",39,"39","Scarus coeruleus","Sca.coer",0,94,0,0
30,"30","Lutjanus griseus","Lut.gris",40,"40","Scarus guacamaia","Sca.guac",0,94,0,0
30,"30","Lutjanus griseus","Lut.gris",41,"41","Scarus iseri","Sca.iser",0,94,0,0
30,"30","Lutjanus griseus","Lut.gris",42,"42","Scarus juvenil","Sca.juv",0,94,0,0
30,"30","Lutjanus griseus","Lut.gris",43,"43","Scarus taeniopterus","Sca.taen",0,94,0,0
30,"30","Lutjanus griseus","Lut.gris",44,"44","Scarus vetula","Sca.vetu",0,94,0,0
30,"30","Lutjanus griseus","Lut.gris",45,"45","Sparisoma aurofrenatum","Spa.auro",0,94,0,0
30,"30","Lutjanus griseus","Lut.gris",46,"46","Sparisoma chrysopterum","Spa.chry",0,94,0,0
30,"30","Lutjanus griseus","Lut.gris",47,"47","Sparisoma rubripinne FI","Spa.rubr FI",0,94,0,0
30,"30","Lutjanus griseus","Lut.gris",48,"48","Sparisoma viride","Spa.viri",0,94,0,0
30,"30","Lutjanus griseus","Lut.gris",49,"49","Sparisoma viride FI","Spa.viri FI",0,94,0,0
30,"30","Lutjanus griseus","Lut.gris",50,"50","Sphyraena barracuda","Sph.barr",0,94,0,0
30,"30","Lutjanus griseus","Lut.gris",51,"51","Urobatis jamaicensis","Uro.jama",0,94,0,0
30,"30","Lutjanus griseus","Lut.gris",52,"52","unidentifiable","Unident.",0,94,0,0
30,"30","Lutjanus griseus","Lut.gris",53,"background","No matched prediction","No match",24,94,25.531914893617,0.25531914893617
31,"31","Lutjanus jocu","Lut.jocu",1,"1","Abudefduf saxatilis","Abu.saxa",0,22,0,0
31,"31","Lutjanus jocu","Lut.jocu",2,"2","Acanthurus chirurgus","Aca.chir",0,22,0,0
31,"31","Lutjanus jocu","Lut.jocu",3,"3","Acanthurus coeruleus","Aca.coer",0,22,0,0
31,"31","Lutjanus jocu","Lut.jocu",4,"4","Anisotremus virginicus","Ani.virg",0,22,0,0
31,"31","Lutjanus jocu","Lut.jocu",5,"5","Azurina cyanea","Azu.cyan",0,22,0,0
31,"31","Lutjanus jocu","Lut.jocu",6,"6","Bodianus rufus","Bod.rufu",0,22,0,0
31,"31","Lutjanus jocu","Lut.jocu",7,"7","Calamus spp","Cal.spp",0,22,0,0
31,"31","Lutjanus jocu","Lut.jocu",8,"8","Caranx bartholomaei","Car.bart",0,22,0,0
31,"31","Lutjanus jocu","Lut.jocu",9,"9","Caranx latus","Car.latu",0,22,0,0
31,"31","Lutjanus jocu","Lut.jocu",10,"10","Caranx ruber","Car.rube",0,22,0,0
31,"31","Lutjanus jocu","Lut.jocu",11,"11","Cephalopholis cruentata","Cep.crue",0,22,0,0
31,"31","Lutjanus jocu","Lut.jocu",12,"12","Chaetodon capistratus","Cha.capi",0,22,0,0
31,"31","Lutjanus jocu","Lut.jocu",13,"13","Chaetodon ocellatus","Cha.ocel",0,22,0,0
31,"31","Lutjanus jocu","Lut.jocu",14,"14","Chaetodon sedentarius","Cha.sede",0,22,0,0
31,"31","Lutjanus jocu","Lut.jocu",15,"15","Chaetodon striatus","Cha.stri",0,22,0,0
31,"31","Lutjanus jocu","Lut.jocu",16,"16","Chromis scotti","Chr.scot",0,22,0,0
31,"31","Lutjanus jocu","Lut.jocu",17,"17","Diodon spp","Dio.spp",0,22,0,0
31,"31","Lutjanus jocu","Lut.jocu",18,"18","Epinephelus spp","Epi.spp",0,22,0,0
31,"31","Lutjanus jocu","Lut.jocu",19,"19","Ginglymostoma cirratum","Gin.cirr",0,22,0,0
31,"31","Lutjanus jocu","Lut.jocu",20,"20","Haemulon flavolineatum","Hae.flav",0,22,0,0
31,"31","Lutjanus jocu","Lut.jocu",21,"21","Haemulon juvenil","Hae.juv",0,22,0,0
31,"31","Lutjanus jocu","Lut.jocu",22,"22","Haemulon plumierii","Hae.plum",0,22,0,0
31,"31","Lutjanus jocu","Lut.jocu",23,"23","Haemulon plumierii juvenil","Hae.plum juv",0,22,0,0
31,"31","Lutjanus jocu","Lut.jocu",24,"24","Haemulon sciurus","Hae.sciu",0,22,0,0
31,"31","Lutjanus jocu","Lut.jocu",25,"25","Halichoeres spp","Hal.spp",0,22,0,0
31,"31","Lutjanus jocu","Lut.jocu",26,"26","Holacanthus spp","Hol.spp",0,22,0,0
31,"31","Lutjanus jocu","Lut.jocu",27,"27","Kyphosus spp","Kyp.spp",0,22,0,0
31,"31","Lutjanus jocu","Lut.jocu",28,"28","Lachnolaimus maximus","Lac.maxi",0,22,0,0
31,"31","Lutjanus jocu","Lut.jocu",29,"29","Lutjanus analis","Lut.anal",0,22,0,0
31,"31","Lutjanus jocu","Lut.jocu",30,"30","Lutjanus griseus","Lut.gris",0,22,0,0
31,"31","Lutjanus jocu","Lut.jocu",31,"31","Lutjanus jocu","Lut.jocu",19,22,86.3636363636364,0.863636363636364
31,"31","Lutjanus jocu","Lut.jocu",32,"32","Mycteroperca spp","Myc.spp",0,22,0,0
31,"31","Lutjanus jocu","Lut.jocu",33,"33","Nicholsina usta","Nic.usta",0,22,0,0
31,"31","Lutjanus jocu","Lut.jocu",34,"34","Ocyurus chrysurus","Ocy.chry",0,22,0,0
31,"31","Lutjanus jocu","Lut.jocu",35,"35","Pomacanthus arcuatus","Pom.arcu",0,22,0,0
31,"31","Lutjanus jocu","Lut.jocu",36,"36","Pomacanthus paru","Pom.paru",0,22,0,0
31,"31","Lutjanus jocu","Lut.jocu",37,"37","Rhomboplites aurorubens","Rho.auro",0,22,0,0
31,"31","Lutjanus jocu","Lut.jocu",38,"38","Scarus coelestinus","Sca.coel",0,22,0,0
31,"31","Lutjanus jocu","Lut.jocu",39,"39","Scarus coeruleus","Sca.coer",0,22,0,0
31,"31","Lutjanus jocu","Lut.jocu",40,"40","Scarus guacamaia","Sca.guac",0,22,0,0
31,"31","Lutjanus jocu","Lut.jocu",41,"41","Scarus iseri","Sca.iser",0,22,0,0
31,"31","Lutjanus jocu","Lut.jocu",42,"42","Scarus juvenil","Sca.juv",0,22,0,0
31,"31","Lutjanus jocu","Lut.jocu",43,"43","Scarus taeniopterus","Sca.taen",0,22,0,0
31,"31","Lutjanus jocu","Lut.jocu",44,"44","Scarus vetula","Sca.vetu",0,22,0,0
31,"31","Lutjanus jocu","Lut.jocu",45,"45","Sparisoma aurofrenatum","Spa.auro",0,22,0,0
31,"31","Lutjanus jocu","Lut.jocu",46,"46","Sparisoma chrysopterum","Spa.chry",0,22,0,0
31,"31","Lutjanus jocu","Lut.jocu",47,"47","Sparisoma rubripinne FI","Spa.rubr FI",0,22,0,0
31,"31","Lutjanus jocu","Lut.jocu",48,"48","Sparisoma viride","Spa.viri",0,22,0,0
31,"31","Lutjanus jocu","Lut.jocu",49,"49","Sparisoma viride FI","Spa.viri FI",0,22,0,0
31,"31","Lutjanus jocu","Lut.jocu",50,"50","Sphyraena barracuda","Sph.barr",0,22,0,0
31,"31","Lutjanus jocu","Lut.jocu",51,"51","Urobatis jamaicensis","Uro.jama",0,22,0,0
31,"31","Lutjanus jocu","Lut.jocu",52,"52","unidentifiable","Unident.",0,22,0,0
31,"31","Lutjanus jocu","Lut.jocu",53,"background","No matched prediction","No match",3,22,13.6363636363636,0.136363636363636
32,"32","Mycteroperca spp","Myc.spp",1,"1","Abudefduf saxatilis","Abu.saxa",0,24,0,0
32,"32","Mycteroperca spp","Myc.spp",2,"2","Acanthurus chirurgus","Aca.chir",0,24,0,0
32,"32","Mycteroperca spp","Myc.spp",3,"3","Acanthurus coeruleus","Aca.coer",0,24,0,0
32,"32","Mycteroperca spp","Myc.spp",4,"4","Anisotremus virginicus","Ani.virg",0,24,0,0
32,"32","Mycteroperca spp","Myc.spp",5,"5","Azurina cyanea","Azu.cyan",0,24,0,0
32,"32","Mycteroperca spp","Myc.spp",6,"6","Bodianus rufus","Bod.rufu",0,24,0,0
32,"32","Mycteroperca spp","Myc.spp",7,"7","Calamus spp","Cal.spp",0,24,0,0
32,"32","Mycteroperca spp","Myc.spp",8,"8","Caranx bartholomaei","Car.bart",0,24,0,0
32,"32","Mycteroperca spp","Myc.spp",9,"9","Caranx latus","Car.latu",0,24,0,0
32,"32","Mycteroperca spp","Myc.spp",10,"10","Caranx ruber","Car.rube",0,24,0,0
32,"32","Mycteroperca spp","Myc.spp",11,"11","Cephalopholis cruentata","Cep.crue",0,24,0,0
32,"32","Mycteroperca spp","Myc.spp",12,"12","Chaetodon capistratus","Cha.capi",0,24,0,0
32,"32","Mycteroperca spp","Myc.spp",13,"13","Chaetodon ocellatus","Cha.ocel",0,24,0,0
32,"32","Mycteroperca spp","Myc.spp",14,"14","Chaetodon sedentarius","Cha.sede",0,24,0,0
32,"32","Mycteroperca spp","Myc.spp",15,"15","Chaetodon striatus","Cha.stri",0,24,0,0
32,"32","Mycteroperca spp","Myc.spp",16,"16","Chromis scotti","Chr.scot",0,24,0,0
32,"32","Mycteroperca spp","Myc.spp",17,"17","Diodon spp","Dio.spp",0,24,0,0
32,"32","Mycteroperca spp","Myc.spp",18,"18","Epinephelus spp","Epi.spp",0,24,0,0
32,"32","Mycteroperca spp","Myc.spp",19,"19","Ginglymostoma cirratum","Gin.cirr",0,24,0,0
32,"32","Mycteroperca spp","Myc.spp",20,"20","Haemulon flavolineatum","Hae.flav",0,24,0,0
32,"32","Mycteroperca spp","Myc.spp",21,"21","Haemulon juvenil","Hae.juv",0,24,0,0
32,"32","Mycteroperca spp","Myc.spp",22,"22","Haemulon plumierii","Hae.plum",0,24,0,0
32,"32","Mycteroperca spp","Myc.spp",23,"23","Haemulon plumierii juvenil","Hae.plum juv",0,24,0,0
32,"32","Mycteroperca spp","Myc.spp",24,"24","Haemulon sciurus","Hae.sciu",0,24,0,0
32,"32","Mycteroperca spp","Myc.spp",25,"25","Halichoeres spp","Hal.spp",0,24,0,0
32,"32","Mycteroperca spp","Myc.spp",26,"26","Holacanthus spp","Hol.spp",0,24,0,0
32,"32","Mycteroperca spp","Myc.spp",27,"27","Kyphosus spp","Kyp.spp",0,24,0,0
32,"32","Mycteroperca spp","Myc.spp",28,"28","Lachnolaimus maximus","Lac.maxi",0,24,0,0
32,"32","Mycteroperca spp","Myc.spp",29,"29","Lutjanus analis","Lut.anal",0,24,0,0
32,"32","Mycteroperca spp","Myc.spp",30,"30","Lutjanus griseus","Lut.gris",0,24,0,0
32,"32","Mycteroperca spp","Myc.spp",31,"31","Lutjanus jocu","Lut.jocu",0,24,0,0
32,"32","Mycteroperca spp","Myc.spp",32,"32","Mycteroperca spp","Myc.spp",16,24,66.6666666666667,0.666666666666667
32,"32","Mycteroperca spp","Myc.spp",33,"33","Nicholsina usta","Nic.usta",0,24,0,0
32,"32","Mycteroperca spp","Myc.spp",34,"34","Ocyurus chrysurus","Ocy.chry",0,24,0,0
32,"32","Mycteroperca spp","Myc.spp",35,"35","Pomacanthus arcuatus","Pom.arcu",0,24,0,0
32,"32","Mycteroperca spp","Myc.spp",36,"36","Pomacanthus paru","Pom.paru",0,24,0,0
32,"32","Mycteroperca spp","Myc.spp",37,"37","Rhomboplites aurorubens","Rho.auro",0,24,0,0
32,"32","Mycteroperca spp","Myc.spp",38,"38","Scarus coelestinus","Sca.coel",0,24,0,0
32,"32","Mycteroperca spp","Myc.spp",39,"39","Scarus coeruleus","Sca.coer",0,24,0,0
32,"32","Mycteroperca spp","Myc.spp",40,"40","Scarus guacamaia","Sca.guac",0,24,0,0
32,"32","Mycteroperca spp","Myc.spp",41,"41","Scarus iseri","Sca.iser",0,24,0,0
32,"32","Mycteroperca spp","Myc.spp",42,"42","Scarus juvenil","Sca.juv",0,24,0,0
32,"32","Mycteroperca spp","Myc.spp",43,"43","Scarus taeniopterus","Sca.taen",0,24,0,0
32,"32","Mycteroperca spp","Myc.spp",44,"44","Scarus vetula","Sca.vetu",0,24,0,0
32,"32","Mycteroperca spp","Myc.spp",45,"45","Sparisoma aurofrenatum","Spa.auro",0,24,0,0
32,"32","Mycteroperca spp","Myc.spp",46,"46","Sparisoma chrysopterum","Spa.chry",0,24,0,0
32,"32","Mycteroperca spp","Myc.spp",47,"47","Sparisoma rubripinne FI","Spa.rubr FI",0,24,0,0
32,"32","Mycteroperca spp","Myc.spp",48,"48","Sparisoma viride","Spa.viri",0,24,0,0
32,"32","Mycteroperca spp","Myc.spp",49,"49","Sparisoma viride FI","Spa.viri FI",0,24,0,0
32,"32","Mycteroperca spp","Myc.spp",50,"50","Sphyraena barracuda","Sph.barr",0,24,0,0
32,"32","Mycteroperca spp","Myc.spp",51,"51","Urobatis jamaicensis","Uro.jama",0,24,0,0
32,"32","Mycteroperca spp","Myc.spp",52,"52","unidentifiable","Unident.",0,24,0,0
32,"32","Mycteroperca spp","Myc.spp",53,"background","No matched prediction","No match",8,24,33.3333333333333,0.333333333333333
33,"33","Nicholsina usta","Nic.usta",1,"1","Abudefduf saxatilis","Abu.saxa",0,25,0,0
33,"33","Nicholsina usta","Nic.usta",2,"2","Acanthurus chirurgus","Aca.chir",0,25,0,0
33,"33","Nicholsina usta","Nic.usta",3,"3","Acanthurus coeruleus","Aca.coer",0,25,0,0
33,"33","Nicholsina usta","Nic.usta",4,"4","Anisotremus virginicus","Ani.virg",0,25,0,0
33,"33","Nicholsina usta","Nic.usta",5,"5","Azurina cyanea","Azu.cyan",0,25,0,0
33,"33","Nicholsina usta","Nic.usta",6,"6","Bodianus rufus","Bod.rufu",0,25,0,0
33,"33","Nicholsina usta","Nic.usta",7,"7","Calamus spp","Cal.spp",0,25,0,0
33,"33","Nicholsina usta","Nic.usta",8,"8","Caranx bartholomaei","Car.bart",0,25,0,0
33,"33","Nicholsina usta","Nic.usta",9,"9","Caranx latus","Car.latu",0,25,0,0
33,"33","Nicholsina usta","Nic.usta",10,"10","Caranx ruber","Car.rube",0,25,0,0
33,"33","Nicholsina usta","Nic.usta",11,"11","Cephalopholis cruentata","Cep.crue",0,25,0,0
33,"33","Nicholsina usta","Nic.usta",12,"12","Chaetodon capistratus","Cha.capi",0,25,0,0
33,"33","Nicholsina usta","Nic.usta",13,"13","Chaetodon ocellatus","Cha.ocel",0,25,0,0
33,"33","Nicholsina usta","Nic.usta",14,"14","Chaetodon sedentarius","Cha.sede",0,25,0,0
33,"33","Nicholsina usta","Nic.usta",15,"15","Chaetodon striatus","Cha.stri",0,25,0,0
33,"33","Nicholsina usta","Nic.usta",16,"16","Chromis scotti","Chr.scot",0,25,0,0
33,"33","Nicholsina usta","Nic.usta",17,"17","Diodon spp","Dio.spp",0,25,0,0
33,"33","Nicholsina usta","Nic.usta",18,"18","Epinephelus spp","Epi.spp",1,25,4,0.04
33,"33","Nicholsina usta","Nic.usta",19,"19","Ginglymostoma cirratum","Gin.cirr",0,25,0,0
33,"33","Nicholsina usta","Nic.usta",20,"20","Haemulon flavolineatum","Hae.flav",0,25,0,0
33,"33","Nicholsina usta","Nic.usta",21,"21","Haemulon juvenil","Hae.juv",0,25,0,0
33,"33","Nicholsina usta","Nic.usta",22,"22","Haemulon plumierii","Hae.plum",0,25,0,0
33,"33","Nicholsina usta","Nic.usta",23,"23","Haemulon plumierii juvenil","Hae.plum juv",0,25,0,0
33,"33","Nicholsina usta","Nic.usta",24,"24","Haemulon sciurus","Hae.sciu",0,25,0,0
33,"33","Nicholsina usta","Nic.usta",25,"25","Halichoeres spp","Hal.spp",0,25,0,0
33,"33","Nicholsina usta","Nic.usta",26,"26","Holacanthus spp","Hol.spp",0,25,0,0
33,"33","Nicholsina usta","Nic.usta",27,"27","Kyphosus spp","Kyp.spp",0,25,0,0
33,"33","Nicholsina usta","Nic.usta",28,"28","Lachnolaimus maximus","Lac.maxi",0,25,0,0
33,"33","Nicholsina usta","Nic.usta",29,"29","Lutjanus analis","Lut.anal",0,25,0,0
33,"33","Nicholsina usta","Nic.usta",30,"30","Lutjanus griseus","Lut.gris",0,25,0,0
33,"33","Nicholsina usta","Nic.usta",31,"31","Lutjanus jocu","Lut.jocu",0,25,0,0
33,"33","Nicholsina usta","Nic.usta",32,"32","Mycteroperca spp","Myc.spp",0,25,0,0
33,"33","Nicholsina usta","Nic.usta",33,"33","Nicholsina usta","Nic.usta",6,25,24,0.24
33,"33","Nicholsina usta","Nic.usta",34,"34","Ocyurus chrysurus","Ocy.chry",0,25,0,0
33,"33","Nicholsina usta","Nic.usta",35,"35","Pomacanthus arcuatus","Pom.arcu",0,25,0,0
33,"33","Nicholsina usta","Nic.usta",36,"36","Pomacanthus paru","Pom.paru",0,25,0,0
33,"33","Nicholsina usta","Nic.usta",37,"37","Rhomboplites aurorubens","Rho.auro",0,25,0,0
33,"33","Nicholsina usta","Nic.usta",38,"38","Scarus coelestinus","Sca.coel",0,25,0,0
33,"33","Nicholsina usta","Nic.usta",39,"39","Scarus coeruleus","Sca.coer",0,25,0,0
33,"33","Nicholsina usta","Nic.usta",40,"40","Scarus guacamaia","Sca.guac",0,25,0,0
33,"33","Nicholsina usta","Nic.usta",41,"41","Scarus iseri","Sca.iser",2,25,8,0.08
33,"33","Nicholsina usta","Nic.usta",42,"42","Scarus juvenil","Sca.juv",0,25,0,0
33,"33","Nicholsina usta","Nic.usta",43,"43","Scarus taeniopterus","Sca.taen",0,25,0,0
33,"33","Nicholsina usta","Nic.usta",44,"44","Scarus vetula","Sca.vetu",0,25,0,0
33,"33","Nicholsina usta","Nic.usta",45,"45","Sparisoma aurofrenatum","Spa.auro",0,25,0,0
33,"33","Nicholsina usta","Nic.usta",46,"46","Sparisoma chrysopterum","Spa.chry",0,25,0,0
33,"33","Nicholsina usta","Nic.usta",47,"47","Sparisoma rubripinne FI","Spa.rubr FI",0,25,0,0
33,"33","Nicholsina usta","Nic.usta",48,"48","Sparisoma viride","Spa.viri",0,25,0,0
33,"33","Nicholsina usta","Nic.usta",49,"49","Sparisoma viride FI","Spa.viri FI",0,25,0,0
33,"33","Nicholsina usta","Nic.usta",50,"50","Sphyraena barracuda","Sph.barr",0,25,0,0
33,"33","Nicholsina usta","Nic.usta",51,"51","Urobatis jamaicensis","Uro.jama",0,25,0,0
33,"33","Nicholsina usta","Nic.usta",52,"52","unidentifiable","Unident.",0,25,0,0
33,"33","Nicholsina usta","Nic.usta",53,"background","No matched prediction","No match",16,25,64,0.64
34,"34","Ocyurus chrysurus","Ocy.chry",1,"1","Abudefduf saxatilis","Abu.saxa",0,46,0,0
34,"34","Ocyurus chrysurus","Ocy.chry",2,"2","Acanthurus chirurgus","Aca.chir",0,46,0,0
34,"34","Ocyurus chrysurus","Ocy.chry",3,"3","Acanthurus coeruleus","Aca.coer",0,46,0,0
34,"34","Ocyurus chrysurus","Ocy.chry",4,"4","Anisotremus virginicus","Ani.virg",0,46,0,0
34,"34","Ocyurus chrysurus","Ocy.chry",5,"5","Azurina cyanea","Azu.cyan",0,46,0,0
34,"34","Ocyurus chrysurus","Ocy.chry",6,"6","Bodianus rufus","Bod.rufu",0,46,0,0
34,"34","Ocyurus chrysurus","Ocy.chry",7,"7","Calamus spp","Cal.spp",0,46,0,0
34,"34","Ocyurus chrysurus","Ocy.chry",8,"8","Caranx bartholomaei","Car.bart",0,46,0,0
34,"34","Ocyurus chrysurus","Ocy.chry",9,"9","Caranx latus","Car.latu",0,46,0,0
34,"34","Ocyurus chrysurus","Ocy.chry",10,"10","Caranx ruber","Car.rube",0,46,0,0
34,"34","Ocyurus chrysurus","Ocy.chry",11,"11","Cephalopholis cruentata","Cep.crue",0,46,0,0
34,"34","Ocyurus chrysurus","Ocy.chry",12,"12","Chaetodon capistratus","Cha.capi",0,46,0,0
34,"34","Ocyurus chrysurus","Ocy.chry",13,"13","Chaetodon ocellatus","Cha.ocel",0,46,0,0
34,"34","Ocyurus chrysurus","Ocy.chry",14,"14","Chaetodon sedentarius","Cha.sede",0,46,0,0
34,"34","Ocyurus chrysurus","Ocy.chry",15,"15","Chaetodon striatus","Cha.stri",0,46,0,0
34,"34","Ocyurus chrysurus","Ocy.chry",16,"16","Chromis scotti","Chr.scot",0,46,0,0
34,"34","Ocyurus chrysurus","Ocy.chry",17,"17","Diodon spp","Dio.spp",0,46,0,0
34,"34","Ocyurus chrysurus","Ocy.chry",18,"18","Epinephelus spp","Epi.spp",0,46,0,0
34,"34","Ocyurus chrysurus","Ocy.chry",19,"19","Ginglymostoma cirratum","Gin.cirr",0,46,0,0
34,"34","Ocyurus chrysurus","Ocy.chry",20,"20","Haemulon flavolineatum","Hae.flav",0,46,0,0
34,"34","Ocyurus chrysurus","Ocy.chry",21,"21","Haemulon juvenil","Hae.juv",0,46,0,0
34,"34","Ocyurus chrysurus","Ocy.chry",22,"22","Haemulon plumierii","Hae.plum",0,46,0,0
34,"34","Ocyurus chrysurus","Ocy.chry",23,"23","Haemulon plumierii juvenil","Hae.plum juv",0,46,0,0
34,"34","Ocyurus chrysurus","Ocy.chry",24,"24","Haemulon sciurus","Hae.sciu",0,46,0,0
34,"34","Ocyurus chrysurus","Ocy.chry",25,"25","Halichoeres spp","Hal.spp",0,46,0,0
34,"34","Ocyurus chrysurus","Ocy.chry",26,"26","Holacanthus spp","Hol.spp",0,46,0,0
34,"34","Ocyurus chrysurus","Ocy.chry",27,"27","Kyphosus spp","Kyp.spp",0,46,0,0
34,"34","Ocyurus chrysurus","Ocy.chry",28,"28","Lachnolaimus maximus","Lac.maxi",0,46,0,0
34,"34","Ocyurus chrysurus","Ocy.chry",29,"29","Lutjanus analis","Lut.anal",0,46,0,0
34,"34","Ocyurus chrysurus","Ocy.chry",30,"30","Lutjanus griseus","Lut.gris",0,46,0,0
34,"34","Ocyurus chrysurus","Ocy.chry",31,"31","Lutjanus jocu","Lut.jocu",0,46,0,0
34,"34","Ocyurus chrysurus","Ocy.chry",32,"32","Mycteroperca spp","Myc.spp",0,46,0,0
34,"34","Ocyurus chrysurus","Ocy.chry",33,"33","Nicholsina usta","Nic.usta",0,46,0,0
34,"34","Ocyurus chrysurus","Ocy.chry",34,"34","Ocyurus chrysurus","Ocy.chry",38,46,82.6086956521739,0.826086956521739
34,"34","Ocyurus chrysurus","Ocy.chry",35,"35","Pomacanthus arcuatus","Pom.arcu",0,46,0,0
34,"34","Ocyurus chrysurus","Ocy.chry",36,"36","Pomacanthus paru","Pom.paru",0,46,0,0
34,"34","Ocyurus chrysurus","Ocy.chry",37,"37","Rhomboplites aurorubens","Rho.auro",0,46,0,0
34,"34","Ocyurus chrysurus","Ocy.chry",38,"38","Scarus coelestinus","Sca.coel",0,46,0,0
34,"34","Ocyurus chrysurus","Ocy.chry",39,"39","Scarus coeruleus","Sca.coer",0,46,0,0
34,"34","Ocyurus chrysurus","Ocy.chry",40,"40","Scarus guacamaia","Sca.guac",0,46,0,0
34,"34","Ocyurus chrysurus","Ocy.chry",41,"41","Scarus iseri","Sca.iser",0,46,0,0
34,"34","Ocyurus chrysurus","Ocy.chry",42,"42","Scarus juvenil","Sca.juv",0,46,0,0
34,"34","Ocyurus chrysurus","Ocy.chry",43,"43","Scarus taeniopterus","Sca.taen",0,46,0,0
34,"34","Ocyurus chrysurus","Ocy.chry",44,"44","Scarus vetula","Sca.vetu",0,46,0,0
34,"34","Ocyurus chrysurus","Ocy.chry",45,"45","Sparisoma aurofrenatum","Spa.auro",0,46,0,0
34,"34","Ocyurus chrysurus","Ocy.chry",46,"46","Sparisoma chrysopterum","Spa.chry",0,46,0,0
34,"34","Ocyurus chrysurus","Ocy.chry",47,"47","Sparisoma rubripinne FI","Spa.rubr FI",0,46,0,0
34,"34","Ocyurus chrysurus","Ocy.chry",48,"48","Sparisoma viride","Spa.viri",0,46,0,0
34,"34","Ocyurus chrysurus","Ocy.chry",49,"49","Sparisoma viride FI","Spa.viri FI",0,46,0,0
34,"34","Ocyurus chrysurus","Ocy.chry",50,"50","Sphyraena barracuda","Sph.barr",0,46,0,0
34,"34","Ocyurus chrysurus","Ocy.chry",51,"51","Urobatis jamaicensis","Uro.jama",0,46,0,0
34,"34","Ocyurus chrysurus","Ocy.chry",52,"52","unidentifiable","Unident.",0,46,0,0
34,"34","Ocyurus chrysurus","Ocy.chry",53,"background","No matched prediction","No match",8,46,17.3913043478261,0.173913043478261
35,"35","Pomacanthus arcuatus","Pom.arcu",1,"1","Abudefduf saxatilis","Abu.saxa",0,26,0,0
35,"35","Pomacanthus arcuatus","Pom.arcu",2,"2","Acanthurus chirurgus","Aca.chir",0,26,0,0
35,"35","Pomacanthus arcuatus","Pom.arcu",3,"3","Acanthurus coeruleus","Aca.coer",0,26,0,0
35,"35","Pomacanthus arcuatus","Pom.arcu",4,"4","Anisotremus virginicus","Ani.virg",0,26,0,0
35,"35","Pomacanthus arcuatus","Pom.arcu",5,"5","Azurina cyanea","Azu.cyan",0,26,0,0
35,"35","Pomacanthus arcuatus","Pom.arcu",6,"6","Bodianus rufus","Bod.rufu",0,26,0,0
35,"35","Pomacanthus arcuatus","Pom.arcu",7,"7","Calamus spp","Cal.spp",0,26,0,0
35,"35","Pomacanthus arcuatus","Pom.arcu",8,"8","Caranx bartholomaei","Car.bart",0,26,0,0
35,"35","Pomacanthus arcuatus","Pom.arcu",9,"9","Caranx latus","Car.latu",0,26,0,0
35,"35","Pomacanthus arcuatus","Pom.arcu",10,"10","Caranx ruber","Car.rube",0,26,0,0
35,"35","Pomacanthus arcuatus","Pom.arcu",11,"11","Cephalopholis cruentata","Cep.crue",0,26,0,0
35,"35","Pomacanthus arcuatus","Pom.arcu",12,"12","Chaetodon capistratus","Cha.capi",0,26,0,0
35,"35","Pomacanthus arcuatus","Pom.arcu",13,"13","Chaetodon ocellatus","Cha.ocel",0,26,0,0
35,"35","Pomacanthus arcuatus","Pom.arcu",14,"14","Chaetodon sedentarius","Cha.sede",0,26,0,0
35,"35","Pomacanthus arcuatus","Pom.arcu",15,"15","Chaetodon striatus","Cha.stri",0,26,0,0
35,"35","Pomacanthus arcuatus","Pom.arcu",16,"16","Chromis scotti","Chr.scot",0,26,0,0
35,"35","Pomacanthus arcuatus","Pom.arcu",17,"17","Diodon spp","Dio.spp",0,26,0,0
35,"35","Pomacanthus arcuatus","Pom.arcu",18,"18","Epinephelus spp","Epi.spp",0,26,0,0
35,"35","Pomacanthus arcuatus","Pom.arcu",19,"19","Ginglymostoma cirratum","Gin.cirr",0,26,0,0
35,"35","Pomacanthus arcuatus","Pom.arcu",20,"20","Haemulon flavolineatum","Hae.flav",0,26,0,0
35,"35","Pomacanthus arcuatus","Pom.arcu",21,"21","Haemulon juvenil","Hae.juv",0,26,0,0
35,"35","Pomacanthus arcuatus","Pom.arcu",22,"22","Haemulon plumierii","Hae.plum",0,26,0,0
35,"35","Pomacanthus arcuatus","Pom.arcu",23,"23","Haemulon plumierii juvenil","Hae.plum juv",0,26,0,0
35,"35","Pomacanthus arcuatus","Pom.arcu",24,"24","Haemulon sciurus","Hae.sciu",0,26,0,0
35,"35","Pomacanthus arcuatus","Pom.arcu",25,"25","Halichoeres spp","Hal.spp",0,26,0,0
35,"35","Pomacanthus arcuatus","Pom.arcu",26,"26","Holacanthus spp","Hol.spp",0,26,0,0
35,"35","Pomacanthus arcuatus","Pom.arcu",27,"27","Kyphosus spp","Kyp.spp",0,26,0,0
35,"35","Pomacanthus arcuatus","Pom.arcu",28,"28","Lachnolaimus maximus","Lac.maxi",0,26,0,0
35,"35","Pomacanthus arcuatus","Pom.arcu",29,"29","Lutjanus analis","Lut.anal",0,26,0,0
35,"35","Pomacanthus arcuatus","Pom.arcu",30,"30","Lutjanus griseus","Lut.gris",0,26,0,0
35,"35","Pomacanthus arcuatus","Pom.arcu",31,"31","Lutjanus jocu","Lut.jocu",0,26,0,0
35,"35","Pomacanthus arcuatus","Pom.arcu",32,"32","Mycteroperca spp","Myc.spp",0,26,0,0
35,"35","Pomacanthus arcuatus","Pom.arcu",33,"33","Nicholsina usta","Nic.usta",0,26,0,0
35,"35","Pomacanthus arcuatus","Pom.arcu",34,"34","Ocyurus chrysurus","Ocy.chry",0,26,0,0
35,"35","Pomacanthus arcuatus","Pom.arcu",35,"35","Pomacanthus arcuatus","Pom.arcu",14,26,53.8461538461538,0.538461538461538
35,"35","Pomacanthus arcuatus","Pom.arcu",36,"36","Pomacanthus paru","Pom.paru",0,26,0,0
35,"35","Pomacanthus arcuatus","Pom.arcu",37,"37","Rhomboplites aurorubens","Rho.auro",0,26,0,0
35,"35","Pomacanthus arcuatus","Pom.arcu",38,"38","Scarus coelestinus","Sca.coel",0,26,0,0
35,"35","Pomacanthus arcuatus","Pom.arcu",39,"39","Scarus coeruleus","Sca.coer",0,26,0,0
35,"35","Pomacanthus arcuatus","Pom.arcu",40,"40","Scarus guacamaia","Sca.guac",0,26,0,0
35,"35","Pomacanthus arcuatus","Pom.arcu",41,"41","Scarus iseri","Sca.iser",0,26,0,0
35,"35","Pomacanthus arcuatus","Pom.arcu",42,"42","Scarus juvenil","Sca.juv",0,26,0,0
35,"35","Pomacanthus arcuatus","Pom.arcu",43,"43","Scarus taeniopterus","Sca.taen",0,26,0,0
35,"35","Pomacanthus arcuatus","Pom.arcu",44,"44","Scarus vetula","Sca.vetu",0,26,0,0
35,"35","Pomacanthus arcuatus","Pom.arcu",45,"45","Sparisoma aurofrenatum","Spa.auro",0,26,0,0
35,"35","Pomacanthus arcuatus","Pom.arcu",46,"46","Sparisoma chrysopterum","Spa.chry",0,26,0,0
35,"35","Pomacanthus arcuatus","Pom.arcu",47,"47","Sparisoma rubripinne FI","Spa.rubr FI",0,26,0,0
35,"35","Pomacanthus arcuatus","Pom.arcu",48,"48","Sparisoma viride","Spa.viri",0,26,0,0
35,"35","Pomacanthus arcuatus","Pom.arcu",49,"49","Sparisoma viride FI","Spa.viri FI",0,26,0,0
35,"35","Pomacanthus arcuatus","Pom.arcu",50,"50","Sphyraena barracuda","Sph.barr",0,26,0,0
35,"35","Pomacanthus arcuatus","Pom.arcu",51,"51","Urobatis jamaicensis","Uro.jama",0,26,0,0
35,"35","Pomacanthus arcuatus","Pom.arcu",52,"52","unidentifiable","Unident.",0,26,0,0
35,"35","Pomacanthus arcuatus","Pom.arcu",53,"background","No matched prediction","No match",12,26,46.1538461538462,0.461538461538462
36,"36","Pomacanthus paru","Pom.paru",1,"1","Abudefduf saxatilis","Abu.saxa",0,21,0,0
36,"36","Pomacanthus paru","Pom.paru",2,"2","Acanthurus chirurgus","Aca.chir",0,21,0,0
36,"36","Pomacanthus paru","Pom.paru",3,"3","Acanthurus coeruleus","Aca.coer",0,21,0,0
36,"36","Pomacanthus paru","Pom.paru",4,"4","Anisotremus virginicus","Ani.virg",0,21,0,0
36,"36","Pomacanthus paru","Pom.paru",5,"5","Azurina cyanea","Azu.cyan",0,21,0,0
36,"36","Pomacanthus paru","Pom.paru",6,"6","Bodianus rufus","Bod.rufu",0,21,0,0
36,"36","Pomacanthus paru","Pom.paru",7,"7","Calamus spp","Cal.spp",0,21,0,0
36,"36","Pomacanthus paru","Pom.paru",8,"8","Caranx bartholomaei","Car.bart",0,21,0,0
36,"36","Pomacanthus paru","Pom.paru",9,"9","Caranx latus","Car.latu",0,21,0,0
36,"36","Pomacanthus paru","Pom.paru",10,"10","Caranx ruber","Car.rube",0,21,0,0
36,"36","Pomacanthus paru","Pom.paru",11,"11","Cephalopholis cruentata","Cep.crue",0,21,0,0
36,"36","Pomacanthus paru","Pom.paru",12,"12","Chaetodon capistratus","Cha.capi",0,21,0,0
36,"36","Pomacanthus paru","Pom.paru",13,"13","Chaetodon ocellatus","Cha.ocel",0,21,0,0
36,"36","Pomacanthus paru","Pom.paru",14,"14","Chaetodon sedentarius","Cha.sede",0,21,0,0
36,"36","Pomacanthus paru","Pom.paru",15,"15","Chaetodon striatus","Cha.stri",0,21,0,0
36,"36","Pomacanthus paru","Pom.paru",16,"16","Chromis scotti","Chr.scot",0,21,0,0
36,"36","Pomacanthus paru","Pom.paru",17,"17","Diodon spp","Dio.spp",0,21,0,0
36,"36","Pomacanthus paru","Pom.paru",18,"18","Epinephelus spp","Epi.spp",0,21,0,0
36,"36","Pomacanthus paru","Pom.paru",19,"19","Ginglymostoma cirratum","Gin.cirr",0,21,0,0
36,"36","Pomacanthus paru","Pom.paru",20,"20","Haemulon flavolineatum","Hae.flav",0,21,0,0
36,"36","Pomacanthus paru","Pom.paru",21,"21","Haemulon juvenil","Hae.juv",0,21,0,0
36,"36","Pomacanthus paru","Pom.paru",22,"22","Haemulon plumierii","Hae.plum",0,21,0,0
36,"36","Pomacanthus paru","Pom.paru",23,"23","Haemulon plumierii juvenil","Hae.plum juv",0,21,0,0
36,"36","Pomacanthus paru","Pom.paru",24,"24","Haemulon sciurus","Hae.sciu",0,21,0,0
36,"36","Pomacanthus paru","Pom.paru",25,"25","Halichoeres spp","Hal.spp",0,21,0,0
36,"36","Pomacanthus paru","Pom.paru",26,"26","Holacanthus spp","Hol.spp",0,21,0,0
36,"36","Pomacanthus paru","Pom.paru",27,"27","Kyphosus spp","Kyp.spp",0,21,0,0
36,"36","Pomacanthus paru","Pom.paru",28,"28","Lachnolaimus maximus","Lac.maxi",0,21,0,0
36,"36","Pomacanthus paru","Pom.paru",29,"29","Lutjanus analis","Lut.anal",0,21,0,0
36,"36","Pomacanthus paru","Pom.paru",30,"30","Lutjanus griseus","Lut.gris",2,21,9.52380952380952,0.0952380952380952
36,"36","Pomacanthus paru","Pom.paru",31,"31","Lutjanus jocu","Lut.jocu",0,21,0,0
36,"36","Pomacanthus paru","Pom.paru",32,"32","Mycteroperca spp","Myc.spp",0,21,0,0
36,"36","Pomacanthus paru","Pom.paru",33,"33","Nicholsina usta","Nic.usta",0,21,0,0
36,"36","Pomacanthus paru","Pom.paru",34,"34","Ocyurus chrysurus","Ocy.chry",0,21,0,0
36,"36","Pomacanthus paru","Pom.paru",35,"35","Pomacanthus arcuatus","Pom.arcu",0,21,0,0
36,"36","Pomacanthus paru","Pom.paru",36,"36","Pomacanthus paru","Pom.paru",12,21,57.1428571428571,0.571428571428572
36,"36","Pomacanthus paru","Pom.paru",37,"37","Rhomboplites aurorubens","Rho.auro",0,21,0,0
36,"36","Pomacanthus paru","Pom.paru",38,"38","Scarus coelestinus","Sca.coel",0,21,0,0
36,"36","Pomacanthus paru","Pom.paru",39,"39","Scarus coeruleus","Sca.coer",0,21,0,0
36,"36","Pomacanthus paru","Pom.paru",40,"40","Scarus guacamaia","Sca.guac",0,21,0,0
36,"36","Pomacanthus paru","Pom.paru",41,"41","Scarus iseri","Sca.iser",0,21,0,0
36,"36","Pomacanthus paru","Pom.paru",42,"42","Scarus juvenil","Sca.juv",0,21,0,0
36,"36","Pomacanthus paru","Pom.paru",43,"43","Scarus taeniopterus","Sca.taen",0,21,0,0
36,"36","Pomacanthus paru","Pom.paru",44,"44","Scarus vetula","Sca.vetu",0,21,0,0
36,"36","Pomacanthus paru","Pom.paru",45,"45","Sparisoma aurofrenatum","Spa.auro",0,21,0,0
36,"36","Pomacanthus paru","Pom.paru",46,"46","Sparisoma chrysopterum","Spa.chry",0,21,0,0
36,"36","Pomacanthus paru","Pom.paru",47,"47","Sparisoma rubripinne FI","Spa.rubr FI",0,21,0,0
36,"36","Pomacanthus paru","Pom.paru",48,"48","Sparisoma viride","Spa.viri",0,21,0,0
36,"36","Pomacanthus paru","Pom.paru",49,"49","Sparisoma viride FI","Spa.viri FI",0,21,0,0
36,"36","Pomacanthus paru","Pom.paru",50,"50","Sphyraena barracuda","Sph.barr",0,21,0,0
36,"36","Pomacanthus paru","Pom.paru",51,"51","Urobatis jamaicensis","Uro.jama",0,21,0,0
36,"36","Pomacanthus paru","Pom.paru",52,"52","unidentifiable","Unident.",0,21,0,0
36,"36","Pomacanthus paru","Pom.paru",53,"background","No matched prediction","No match",7,21,33.3333333333333,0.333333333333333
37,"37","Rhomboplites aurorubens","Rho.auro",1,"1","Abudefduf saxatilis","Abu.saxa",0,58,0,0
37,"37","Rhomboplites aurorubens","Rho.auro",2,"2","Acanthurus chirurgus","Aca.chir",0,58,0,0
37,"37","Rhomboplites aurorubens","Rho.auro",3,"3","Acanthurus coeruleus","Aca.coer",0,58,0,0
37,"37","Rhomboplites aurorubens","Rho.auro",4,"4","Anisotremus virginicus","Ani.virg",0,58,0,0
37,"37","Rhomboplites aurorubens","Rho.auro",5,"5","Azurina cyanea","Azu.cyan",0,58,0,0
37,"37","Rhomboplites aurorubens","Rho.auro",6,"6","Bodianus rufus","Bod.rufu",0,58,0,0
37,"37","Rhomboplites aurorubens","Rho.auro",7,"7","Calamus spp","Cal.spp",0,58,0,0
37,"37","Rhomboplites aurorubens","Rho.auro",8,"8","Caranx bartholomaei","Car.bart",0,58,0,0
37,"37","Rhomboplites aurorubens","Rho.auro",9,"9","Caranx latus","Car.latu",0,58,0,0
37,"37","Rhomboplites aurorubens","Rho.auro",10,"10","Caranx ruber","Car.rube",0,58,0,0
37,"37","Rhomboplites aurorubens","Rho.auro",11,"11","Cephalopholis cruentata","Cep.crue",0,58,0,0
37,"37","Rhomboplites aurorubens","Rho.auro",12,"12","Chaetodon capistratus","Cha.capi",0,58,0,0
37,"37","Rhomboplites aurorubens","Rho.auro",13,"13","Chaetodon ocellatus","Cha.ocel",0,58,0,0
37,"37","Rhomboplites aurorubens","Rho.auro",14,"14","Chaetodon sedentarius","Cha.sede",0,58,0,0
37,"37","Rhomboplites aurorubens","Rho.auro",15,"15","Chaetodon striatus","Cha.stri",0,58,0,0
37,"37","Rhomboplites aurorubens","Rho.auro",16,"16","Chromis scotti","Chr.scot",0,58,0,0
37,"37","Rhomboplites aurorubens","Rho.auro",17,"17","Diodon spp","Dio.spp",0,58,0,0
37,"37","Rhomboplites aurorubens","Rho.auro",18,"18","Epinephelus spp","Epi.spp",0,58,0,0
37,"37","Rhomboplites aurorubens","Rho.auro",19,"19","Ginglymostoma cirratum","Gin.cirr",0,58,0,0
37,"37","Rhomboplites aurorubens","Rho.auro",20,"20","Haemulon flavolineatum","Hae.flav",0,58,0,0
37,"37","Rhomboplites aurorubens","Rho.auro",21,"21","Haemulon juvenil","Hae.juv",0,58,0,0
37,"37","Rhomboplites aurorubens","Rho.auro",22,"22","Haemulon plumierii","Hae.plum",0,58,0,0
37,"37","Rhomboplites aurorubens","Rho.auro",23,"23","Haemulon plumierii juvenil","Hae.plum juv",0,58,0,0
37,"37","Rhomboplites aurorubens","Rho.auro",24,"24","Haemulon sciurus","Hae.sciu",0,58,0,0
37,"37","Rhomboplites aurorubens","Rho.auro",25,"25","Halichoeres spp","Hal.spp",0,58,0,0
37,"37","Rhomboplites aurorubens","Rho.auro",26,"26","Holacanthus spp","Hol.spp",0,58,0,0
37,"37","Rhomboplites aurorubens","Rho.auro",27,"27","Kyphosus spp","Kyp.spp",0,58,0,0
37,"37","Rhomboplites aurorubens","Rho.auro",28,"28","Lachnolaimus maximus","Lac.maxi",0,58,0,0
37,"37","Rhomboplites aurorubens","Rho.auro",29,"29","Lutjanus analis","Lut.anal",0,58,0,0
37,"37","Rhomboplites aurorubens","Rho.auro",30,"30","Lutjanus griseus","Lut.gris",0,58,0,0
37,"37","Rhomboplites aurorubens","Rho.auro",31,"31","Lutjanus jocu","Lut.jocu",0,58,0,0
37,"37","Rhomboplites aurorubens","Rho.auro",32,"32","Mycteroperca spp","Myc.spp",0,58,0,0
37,"37","Rhomboplites aurorubens","Rho.auro",33,"33","Nicholsina usta","Nic.usta",0,58,0,0
37,"37","Rhomboplites aurorubens","Rho.auro",34,"34","Ocyurus chrysurus","Ocy.chry",0,58,0,0
37,"37","Rhomboplites aurorubens","Rho.auro",35,"35","Pomacanthus arcuatus","Pom.arcu",0,58,0,0
37,"37","Rhomboplites aurorubens","Rho.auro",36,"36","Pomacanthus paru","Pom.paru",0,58,0,0
37,"37","Rhomboplites aurorubens","Rho.auro",37,"37","Rhomboplites aurorubens","Rho.auro",37,58,63.7931034482759,0.637931034482759
37,"37","Rhomboplites aurorubens","Rho.auro",38,"38","Scarus coelestinus","Sca.coel",0,58,0,0
37,"37","Rhomboplites aurorubens","Rho.auro",39,"39","Scarus coeruleus","Sca.coer",0,58,0,0
37,"37","Rhomboplites aurorubens","Rho.auro",40,"40","Scarus guacamaia","Sca.guac",0,58,0,0
37,"37","Rhomboplites aurorubens","Rho.auro",41,"41","Scarus iseri","Sca.iser",0,58,0,0
37,"37","Rhomboplites aurorubens","Rho.auro",42,"42","Scarus juvenil","Sca.juv",0,58,0,0
37,"37","Rhomboplites aurorubens","Rho.auro",43,"43","Scarus taeniopterus","Sca.taen",0,58,0,0
37,"37","Rhomboplites aurorubens","Rho.auro",44,"44","Scarus vetula","Sca.vetu",0,58,0,0
37,"37","Rhomboplites aurorubens","Rho.auro",45,"45","Sparisoma aurofrenatum","Spa.auro",0,58,0,0
37,"37","Rhomboplites aurorubens","Rho.auro",46,"46","Sparisoma chrysopterum","Spa.chry",0,58,0,0
37,"37","Rhomboplites aurorubens","Rho.auro",47,"47","Sparisoma rubripinne FI","Spa.rubr FI",0,58,0,0
37,"37","Rhomboplites aurorubens","Rho.auro",48,"48","Sparisoma viride","Spa.viri",0,58,0,0
37,"37","Rhomboplites aurorubens","Rho.auro",49,"49","Sparisoma viride FI","Spa.viri FI",0,58,0,0
37,"37","Rhomboplites aurorubens","Rho.auro",50,"50","Sphyraena barracuda","Sph.barr",0,58,0,0
37,"37","Rhomboplites aurorubens","Rho.auro",51,"51","Urobatis jamaicensis","Uro.jama",0,58,0,0
37,"37","Rhomboplites aurorubens","Rho.auro",52,"52","unidentifiable","Unident.",0,58,0,0
37,"37","Rhomboplites aurorubens","Rho.auro",53,"background","No matched prediction","No match",21,58,36.2068965517241,0.362068965517241
38,"38","Scarus coelestinus","Sca.coel",1,"1","Abudefduf saxatilis","Abu.saxa",0,21,0,0
38,"38","Scarus coelestinus","Sca.coel",2,"2","Acanthurus chirurgus","Aca.chir",0,21,0,0
38,"38","Scarus coelestinus","Sca.coel",3,"3","Acanthurus coeruleus","Aca.coer",0,21,0,0
38,"38","Scarus coelestinus","Sca.coel",4,"4","Anisotremus virginicus","Ani.virg",0,21,0,0
38,"38","Scarus coelestinus","Sca.coel",5,"5","Azurina cyanea","Azu.cyan",0,21,0,0
38,"38","Scarus coelestinus","Sca.coel",6,"6","Bodianus rufus","Bod.rufu",0,21,0,0
38,"38","Scarus coelestinus","Sca.coel",7,"7","Calamus spp","Cal.spp",0,21,0,0
38,"38","Scarus coelestinus","Sca.coel",8,"8","Caranx bartholomaei","Car.bart",0,21,0,0
38,"38","Scarus coelestinus","Sca.coel",9,"9","Caranx latus","Car.latu",0,21,0,0
38,"38","Scarus coelestinus","Sca.coel",10,"10","Caranx ruber","Car.rube",0,21,0,0
38,"38","Scarus coelestinus","Sca.coel",11,"11","Cephalopholis cruentata","Cep.crue",0,21,0,0
38,"38","Scarus coelestinus","Sca.coel",12,"12","Chaetodon capistratus","Cha.capi",0,21,0,0
38,"38","Scarus coelestinus","Sca.coel",13,"13","Chaetodon ocellatus","Cha.ocel",0,21,0,0
38,"38","Scarus coelestinus","Sca.coel",14,"14","Chaetodon sedentarius","Cha.sede",0,21,0,0
38,"38","Scarus coelestinus","Sca.coel",15,"15","Chaetodon striatus","Cha.stri",0,21,0,0
38,"38","Scarus coelestinus","Sca.coel",16,"16","Chromis scotti","Chr.scot",0,21,0,0
38,"38","Scarus coelestinus","Sca.coel",17,"17","Diodon spp","Dio.spp",0,21,0,0
38,"38","Scarus coelestinus","Sca.coel",18,"18","Epinephelus spp","Epi.spp",0,21,0,0
38,"38","Scarus coelestinus","Sca.coel",19,"19","Ginglymostoma cirratum","Gin.cirr",0,21,0,0
38,"38","Scarus coelestinus","Sca.coel",20,"20","Haemulon flavolineatum","Hae.flav",0,21,0,0
38,"38","Scarus coelestinus","Sca.coel",21,"21","Haemulon juvenil","Hae.juv",0,21,0,0
38,"38","Scarus coelestinus","Sca.coel",22,"22","Haemulon plumierii","Hae.plum",0,21,0,0
38,"38","Scarus coelestinus","Sca.coel",23,"23","Haemulon plumierii juvenil","Hae.plum juv",0,21,0,0
38,"38","Scarus coelestinus","Sca.coel",24,"24","Haemulon sciurus","Hae.sciu",0,21,0,0
38,"38","Scarus coelestinus","Sca.coel",25,"25","Halichoeres spp","Hal.spp",0,21,0,0
38,"38","Scarus coelestinus","Sca.coel",26,"26","Holacanthus spp","Hol.spp",0,21,0,0
38,"38","Scarus coelestinus","Sca.coel",27,"27","Kyphosus spp","Kyp.spp",0,21,0,0
38,"38","Scarus coelestinus","Sca.coel",28,"28","Lachnolaimus maximus","Lac.maxi",0,21,0,0
38,"38","Scarus coelestinus","Sca.coel",29,"29","Lutjanus analis","Lut.anal",0,21,0,0
38,"38","Scarus coelestinus","Sca.coel",30,"30","Lutjanus griseus","Lut.gris",0,21,0,0
38,"38","Scarus coelestinus","Sca.coel",31,"31","Lutjanus jocu","Lut.jocu",0,21,0,0
38,"38","Scarus coelestinus","Sca.coel",32,"32","Mycteroperca spp","Myc.spp",0,21,0,0
38,"38","Scarus coelestinus","Sca.coel",33,"33","Nicholsina usta","Nic.usta",0,21,0,0
38,"38","Scarus coelestinus","Sca.coel",34,"34","Ocyurus chrysurus","Ocy.chry",0,21,0,0
38,"38","Scarus coelestinus","Sca.coel",35,"35","Pomacanthus arcuatus","Pom.arcu",0,21,0,0
38,"38","Scarus coelestinus","Sca.coel",36,"36","Pomacanthus paru","Pom.paru",0,21,0,0
38,"38","Scarus coelestinus","Sca.coel",37,"37","Rhomboplites aurorubens","Rho.auro",0,21,0,0
38,"38","Scarus coelestinus","Sca.coel",38,"38","Scarus coelestinus","Sca.coel",16,21,76.1904761904762,0.761904761904762
38,"38","Scarus coelestinus","Sca.coel",39,"39","Scarus coeruleus","Sca.coer",0,21,0,0
38,"38","Scarus coelestinus","Sca.coel",40,"40","Scarus guacamaia","Sca.guac",0,21,0,0
38,"38","Scarus coelestinus","Sca.coel",41,"41","Scarus iseri","Sca.iser",0,21,0,0
38,"38","Scarus coelestinus","Sca.coel",42,"42","Scarus juvenil","Sca.juv",0,21,0,0
38,"38","Scarus coelestinus","Sca.coel",43,"43","Scarus taeniopterus","Sca.taen",0,21,0,0
38,"38","Scarus coelestinus","Sca.coel",44,"44","Scarus vetula","Sca.vetu",0,21,0,0
38,"38","Scarus coelestinus","Sca.coel",45,"45","Sparisoma aurofrenatum","Spa.auro",0,21,0,0
38,"38","Scarus coelestinus","Sca.coel",46,"46","Sparisoma chrysopterum","Spa.chry",0,21,0,0
38,"38","Scarus coelestinus","Sca.coel",47,"47","Sparisoma rubripinne FI","Spa.rubr FI",0,21,0,0
38,"38","Scarus coelestinus","Sca.coel",48,"48","Sparisoma viride","Spa.viri",0,21,0,0
38,"38","Scarus coelestinus","Sca.coel",49,"49","Sparisoma viride FI","Spa.viri FI",0,21,0,0
38,"38","Scarus coelestinus","Sca.coel",50,"50","Sphyraena barracuda","Sph.barr",0,21,0,0
38,"38","Scarus coelestinus","Sca.coel",51,"51","Urobatis jamaicensis","Uro.jama",0,21,0,0
38,"38","Scarus coelestinus","Sca.coel",52,"52","unidentifiable","Unident.",2,21,9.52380952380952,0.0952380952380952
38,"38","Scarus coelestinus","Sca.coel",53,"background","No matched prediction","No match",3,21,14.2857142857143,0.142857142857143
39,"39","Scarus coeruleus","Sca.coer",1,"1","Abudefduf saxatilis","Abu.saxa",0,31,0,0
39,"39","Scarus coeruleus","Sca.coer",2,"2","Acanthurus chirurgus","Aca.chir",0,31,0,0
39,"39","Scarus coeruleus","Sca.coer",3,"3","Acanthurus coeruleus","Aca.coer",0,31,0,0
39,"39","Scarus coeruleus","Sca.coer",4,"4","Anisotremus virginicus","Ani.virg",0,31,0,0
39,"39","Scarus coeruleus","Sca.coer",5,"5","Azurina cyanea","Azu.cyan",0,31,0,0
39,"39","Scarus coeruleus","Sca.coer",6,"6","Bodianus rufus","Bod.rufu",0,31,0,0
39,"39","Scarus coeruleus","Sca.coer",7,"7","Calamus spp","Cal.spp",0,31,0,0
39,"39","Scarus coeruleus","Sca.coer",8,"8","Caranx bartholomaei","Car.bart",0,31,0,0
39,"39","Scarus coeruleus","Sca.coer",9,"9","Caranx latus","Car.latu",0,31,0,0
39,"39","Scarus coeruleus","Sca.coer",10,"10","Caranx ruber","Car.rube",0,31,0,0
39,"39","Scarus coeruleus","Sca.coer",11,"11","Cephalopholis cruentata","Cep.crue",0,31,0,0
39,"39","Scarus coeruleus","Sca.coer",12,"12","Chaetodon capistratus","Cha.capi",0,31,0,0
39,"39","Scarus coeruleus","Sca.coer",13,"13","Chaetodon ocellatus","Cha.ocel",0,31,0,0
39,"39","Scarus coeruleus","Sca.coer",14,"14","Chaetodon sedentarius","Cha.sede",0,31,0,0
39,"39","Scarus coeruleus","Sca.coer",15,"15","Chaetodon striatus","Cha.stri",0,31,0,0
39,"39","Scarus coeruleus","Sca.coer",16,"16","Chromis scotti","Chr.scot",0,31,0,0
39,"39","Scarus coeruleus","Sca.coer",17,"17","Diodon spp","Dio.spp",0,31,0,0
39,"39","Scarus coeruleus","Sca.coer",18,"18","Epinephelus spp","Epi.spp",0,31,0,0
39,"39","Scarus coeruleus","Sca.coer",19,"19","Ginglymostoma cirratum","Gin.cirr",0,31,0,0
39,"39","Scarus coeruleus","Sca.coer",20,"20","Haemulon flavolineatum","Hae.flav",0,31,0,0
39,"39","Scarus coeruleus","Sca.coer",21,"21","Haemulon juvenil","Hae.juv",0,31,0,0
39,"39","Scarus coeruleus","Sca.coer",22,"22","Haemulon plumierii","Hae.plum",0,31,0,0
39,"39","Scarus coeruleus","Sca.coer",23,"23","Haemulon plumierii juvenil","Hae.plum juv",0,31,0,0
39,"39","Scarus coeruleus","Sca.coer",24,"24","Haemulon sciurus","Hae.sciu",0,31,0,0
39,"39","Scarus coeruleus","Sca.coer",25,"25","Halichoeres spp","Hal.spp",0,31,0,0
39,"39","Scarus coeruleus","Sca.coer",26,"26","Holacanthus spp","Hol.spp",0,31,0,0
39,"39","Scarus coeruleus","Sca.coer",27,"27","Kyphosus spp","Kyp.spp",0,31,0,0
39,"39","Scarus coeruleus","Sca.coer",28,"28","Lachnolaimus maximus","Lac.maxi",0,31,0,0
39,"39","Scarus coeruleus","Sca.coer",29,"29","Lutjanus analis","Lut.anal",0,31,0,0
39,"39","Scarus coeruleus","Sca.coer",30,"30","Lutjanus griseus","Lut.gris",0,31,0,0
39,"39","Scarus coeruleus","Sca.coer",31,"31","Lutjanus jocu","Lut.jocu",0,31,0,0
39,"39","Scarus coeruleus","Sca.coer",32,"32","Mycteroperca spp","Myc.spp",0,31,0,0
39,"39","Scarus coeruleus","Sca.coer",33,"33","Nicholsina usta","Nic.usta",0,31,0,0
39,"39","Scarus coeruleus","Sca.coer",34,"34","Ocyurus chrysurus","Ocy.chry",0,31,0,0
39,"39","Scarus coeruleus","Sca.coer",35,"35","Pomacanthus arcuatus","Pom.arcu",0,31,0,0
39,"39","Scarus coeruleus","Sca.coer",36,"36","Pomacanthus paru","Pom.paru",0,31,0,0
39,"39","Scarus coeruleus","Sca.coer",37,"37","Rhomboplites aurorubens","Rho.auro",0,31,0,0
39,"39","Scarus coeruleus","Sca.coer",38,"38","Scarus coelestinus","Sca.coel",0,31,0,0
39,"39","Scarus coeruleus","Sca.coer",39,"39","Scarus coeruleus","Sca.coer",23,31,74.1935483870968,0.741935483870968
39,"39","Scarus coeruleus","Sca.coer",40,"40","Scarus guacamaia","Sca.guac",0,31,0,0
39,"39","Scarus coeruleus","Sca.coer",41,"41","Scarus iseri","Sca.iser",6,31,19.3548387096774,0.193548387096774
39,"39","Scarus coeruleus","Sca.coer",42,"42","Scarus juvenil","Sca.juv",0,31,0,0
39,"39","Scarus coeruleus","Sca.coer",43,"43","Scarus taeniopterus","Sca.taen",0,31,0,0
39,"39","Scarus coeruleus","Sca.coer",44,"44","Scarus vetula","Sca.vetu",0,31,0,0
39,"39","Scarus coeruleus","Sca.coer",45,"45","Sparisoma aurofrenatum","Spa.auro",0,31,0,0
39,"39","Scarus coeruleus","Sca.coer",46,"46","Sparisoma chrysopterum","Spa.chry",0,31,0,0
39,"39","Scarus coeruleus","Sca.coer",47,"47","Sparisoma rubripinne FI","Spa.rubr FI",0,31,0,0
39,"39","Scarus coeruleus","Sca.coer",48,"48","Sparisoma viride","Spa.viri",0,31,0,0
39,"39","Scarus coeruleus","Sca.coer",49,"49","Sparisoma viride FI","Spa.viri FI",0,31,0,0
39,"39","Scarus coeruleus","Sca.coer",50,"50","Sphyraena barracuda","Sph.barr",0,31,0,0
39,"39","Scarus coeruleus","Sca.coer",51,"51","Urobatis jamaicensis","Uro.jama",0,31,0,0
39,"39","Scarus coeruleus","Sca.coer",52,"52","unidentifiable","Unident.",0,31,0,0
39,"39","Scarus coeruleus","Sca.coer",53,"background","No matched prediction","No match",2,31,6.45161290322581,0.0645161290322581
40,"40","Scarus guacamaia","Sca.guac",1,"1","Abudefduf saxatilis","Abu.saxa",0,30,0,0
40,"40","Scarus guacamaia","Sca.guac",2,"2","Acanthurus chirurgus","Aca.chir",0,30,0,0
40,"40","Scarus guacamaia","Sca.guac",3,"3","Acanthurus coeruleus","Aca.coer",0,30,0,0
40,"40","Scarus guacamaia","Sca.guac",4,"4","Anisotremus virginicus","Ani.virg",0,30,0,0
40,"40","Scarus guacamaia","Sca.guac",5,"5","Azurina cyanea","Azu.cyan",0,30,0,0
40,"40","Scarus guacamaia","Sca.guac",6,"6","Bodianus rufus","Bod.rufu",0,30,0,0
40,"40","Scarus guacamaia","Sca.guac",7,"7","Calamus spp","Cal.spp",0,30,0,0
40,"40","Scarus guacamaia","Sca.guac",8,"8","Caranx bartholomaei","Car.bart",0,30,0,0
40,"40","Scarus guacamaia","Sca.guac",9,"9","Caranx latus","Car.latu",0,30,0,0
40,"40","Scarus guacamaia","Sca.guac",10,"10","Caranx ruber","Car.rube",0,30,0,0
40,"40","Scarus guacamaia","Sca.guac",11,"11","Cephalopholis cruentata","Cep.crue",0,30,0,0
40,"40","Scarus guacamaia","Sca.guac",12,"12","Chaetodon capistratus","Cha.capi",0,30,0,0
40,"40","Scarus guacamaia","Sca.guac",13,"13","Chaetodon ocellatus","Cha.ocel",0,30,0,0
40,"40","Scarus guacamaia","Sca.guac",14,"14","Chaetodon sedentarius","Cha.sede",0,30,0,0
40,"40","Scarus guacamaia","Sca.guac",15,"15","Chaetodon striatus","Cha.stri",0,30,0,0
40,"40","Scarus guacamaia","Sca.guac",16,"16","Chromis scotti","Chr.scot",0,30,0,0
40,"40","Scarus guacamaia","Sca.guac",17,"17","Diodon spp","Dio.spp",0,30,0,0
40,"40","Scarus guacamaia","Sca.guac",18,"18","Epinephelus spp","Epi.spp",1,30,3.33333333333333,0.0333333333333333
40,"40","Scarus guacamaia","Sca.guac",19,"19","Ginglymostoma cirratum","Gin.cirr",0,30,0,0
40,"40","Scarus guacamaia","Sca.guac",20,"20","Haemulon flavolineatum","Hae.flav",0,30,0,0
40,"40","Scarus guacamaia","Sca.guac",21,"21","Haemulon juvenil","Hae.juv",0,30,0,0
40,"40","Scarus guacamaia","Sca.guac",22,"22","Haemulon plumierii","Hae.plum",0,30,0,0
40,"40","Scarus guacamaia","Sca.guac",23,"23","Haemulon plumierii juvenil","Hae.plum juv",0,30,0,0
40,"40","Scarus guacamaia","Sca.guac",24,"24","Haemulon sciurus","Hae.sciu",0,30,0,0
40,"40","Scarus guacamaia","Sca.guac",25,"25","Halichoeres spp","Hal.spp",0,30,0,0
40,"40","Scarus guacamaia","Sca.guac",26,"26","Holacanthus spp","Hol.spp",0,30,0,0
40,"40","Scarus guacamaia","Sca.guac",27,"27","Kyphosus spp","Kyp.spp",0,30,0,0
40,"40","Scarus guacamaia","Sca.guac",28,"28","Lachnolaimus maximus","Lac.maxi",0,30,0,0
40,"40","Scarus guacamaia","Sca.guac",29,"29","Lutjanus analis","Lut.anal",0,30,0,0
40,"40","Scarus guacamaia","Sca.guac",30,"30","Lutjanus griseus","Lut.gris",0,30,0,0
40,"40","Scarus guacamaia","Sca.guac",31,"31","Lutjanus jocu","Lut.jocu",0,30,0,0
40,"40","Scarus guacamaia","Sca.guac",32,"32","Mycteroperca spp","Myc.spp",0,30,0,0
40,"40","Scarus guacamaia","Sca.guac",33,"33","Nicholsina usta","Nic.usta",0,30,0,0
40,"40","Scarus guacamaia","Sca.guac",34,"34","Ocyurus chrysurus","Ocy.chry",0,30,0,0
40,"40","Scarus guacamaia","Sca.guac",35,"35","Pomacanthus arcuatus","Pom.arcu",0,30,0,0
40,"40","Scarus guacamaia","Sca.guac",36,"36","Pomacanthus paru","Pom.paru",0,30,0,0
40,"40","Scarus guacamaia","Sca.guac",37,"37","Rhomboplites aurorubens","Rho.auro",0,30,0,0
40,"40","Scarus guacamaia","Sca.guac",38,"38","Scarus coelestinus","Sca.coel",0,30,0,0
40,"40","Scarus guacamaia","Sca.guac",39,"39","Scarus coeruleus","Sca.coer",0,30,0,0
40,"40","Scarus guacamaia","Sca.guac",40,"40","Scarus guacamaia","Sca.guac",20,30,66.6666666666667,0.666666666666667
40,"40","Scarus guacamaia","Sca.guac",41,"41","Scarus iseri","Sca.iser",0,30,0,0
40,"40","Scarus guacamaia","Sca.guac",42,"42","Scarus juvenil","Sca.juv",0,30,0,0
40,"40","Scarus guacamaia","Sca.guac",43,"43","Scarus taeniopterus","Sca.taen",0,30,0,0
40,"40","Scarus guacamaia","Sca.guac",44,"44","Scarus vetula","Sca.vetu",0,30,0,0
40,"40","Scarus guacamaia","Sca.guac",45,"45","Sparisoma aurofrenatum","Spa.auro",0,30,0,0
40,"40","Scarus guacamaia","Sca.guac",46,"46","Sparisoma chrysopterum","Spa.chry",0,30,0,0
40,"40","Scarus guacamaia","Sca.guac",47,"47","Sparisoma rubripinne FI","Spa.rubr FI",0,30,0,0
40,"40","Scarus guacamaia","Sca.guac",48,"48","Sparisoma viride","Spa.viri",0,30,0,0
40,"40","Scarus guacamaia","Sca.guac",49,"49","Sparisoma viride FI","Spa.viri FI",0,30,0,0
40,"40","Scarus guacamaia","Sca.guac",50,"50","Sphyraena barracuda","Sph.barr",0,30,0,0
40,"40","Scarus guacamaia","Sca.guac",51,"51","Urobatis jamaicensis","Uro.jama",0,30,0,0
40,"40","Scarus guacamaia","Sca.guac",52,"52","unidentifiable","Unident.",0,30,0,0
40,"40","Scarus guacamaia","Sca.guac",53,"background","No matched prediction","No match",9,30,30,0.3
41,"41","Scarus iseri","Sca.iser",1,"1","Abudefduf saxatilis","Abu.saxa",0,22,0,0
41,"41","Scarus iseri","Sca.iser",2,"2","Acanthurus chirurgus","Aca.chir",0,22,0,0
41,"41","Scarus iseri","Sca.iser",3,"3","Acanthurus coeruleus","Aca.coer",0,22,0,0
41,"41","Scarus iseri","Sca.iser",4,"4","Anisotremus virginicus","Ani.virg",0,22,0,0
41,"41","Scarus iseri","Sca.iser",5,"5","Azurina cyanea","Azu.cyan",0,22,0,0
41,"41","Scarus iseri","Sca.iser",6,"6","Bodianus rufus","Bod.rufu",0,22,0,0
41,"41","Scarus iseri","Sca.iser",7,"7","Calamus spp","Cal.spp",0,22,0,0
41,"41","Scarus iseri","Sca.iser",8,"8","Caranx bartholomaei","Car.bart",0,22,0,0
41,"41","Scarus iseri","Sca.iser",9,"9","Caranx latus","Car.latu",0,22,0,0
41,"41","Scarus iseri","Sca.iser",10,"10","Caranx ruber","Car.rube",0,22,0,0
41,"41","Scarus iseri","Sca.iser",11,"11","Cephalopholis cruentata","Cep.crue",0,22,0,0
41,"41","Scarus iseri","Sca.iser",12,"12","Chaetodon capistratus","Cha.capi",0,22,0,0
41,"41","Scarus iseri","Sca.iser",13,"13","Chaetodon ocellatus","Cha.ocel",0,22,0,0
41,"41","Scarus iseri","Sca.iser",14,"14","Chaetodon sedentarius","Cha.sede",0,22,0,0
41,"41","Scarus iseri","Sca.iser",15,"15","Chaetodon striatus","Cha.stri",0,22,0,0
41,"41","Scarus iseri","Sca.iser",16,"16","Chromis scotti","Chr.scot",0,22,0,0
41,"41","Scarus iseri","Sca.iser",17,"17","Diodon spp","Dio.spp",0,22,0,0
41,"41","Scarus iseri","Sca.iser",18,"18","Epinephelus spp","Epi.spp",0,22,0,0
41,"41","Scarus iseri","Sca.iser",19,"19","Ginglymostoma cirratum","Gin.cirr",0,22,0,0
41,"41","Scarus iseri","Sca.iser",20,"20","Haemulon flavolineatum","Hae.flav",0,22,0,0
41,"41","Scarus iseri","Sca.iser",21,"21","Haemulon juvenil","Hae.juv",0,22,0,0
41,"41","Scarus iseri","Sca.iser",22,"22","Haemulon plumierii","Hae.plum",0,22,0,0
41,"41","Scarus iseri","Sca.iser",23,"23","Haemulon plumierii juvenil","Hae.plum juv",0,22,0,0
41,"41","Scarus iseri","Sca.iser",24,"24","Haemulon sciurus","Hae.sciu",0,22,0,0
41,"41","Scarus iseri","Sca.iser",25,"25","Halichoeres spp","Hal.spp",0,22,0,0
41,"41","Scarus iseri","Sca.iser",26,"26","Holacanthus spp","Hol.spp",0,22,0,0
41,"41","Scarus iseri","Sca.iser",27,"27","Kyphosus spp","Kyp.spp",0,22,0,0
41,"41","Scarus iseri","Sca.iser",28,"28","Lachnolaimus maximus","Lac.maxi",0,22,0,0
41,"41","Scarus iseri","Sca.iser",29,"29","Lutjanus analis","Lut.anal",0,22,0,0
41,"41","Scarus iseri","Sca.iser",30,"30","Lutjanus griseus","Lut.gris",0,22,0,0
41,"41","Scarus iseri","Sca.iser",31,"31","Lutjanus jocu","Lut.jocu",0,22,0,0
41,"41","Scarus iseri","Sca.iser",32,"32","Mycteroperca spp","Myc.spp",0,22,0,0
41,"41","Scarus iseri","Sca.iser",33,"33","Nicholsina usta","Nic.usta",0,22,0,0
41,"41","Scarus iseri","Sca.iser",34,"34","Ocyurus chrysurus","Ocy.chry",0,22,0,0
41,"41","Scarus iseri","Sca.iser",35,"35","Pomacanthus arcuatus","Pom.arcu",0,22,0,0
41,"41","Scarus iseri","Sca.iser",36,"36","Pomacanthus paru","Pom.paru",0,22,0,0
41,"41","Scarus iseri","Sca.iser",37,"37","Rhomboplites aurorubens","Rho.auro",0,22,0,0
41,"41","Scarus iseri","Sca.iser",38,"38","Scarus coelestinus","Sca.coel",0,22,0,0
41,"41","Scarus iseri","Sca.iser",39,"39","Scarus coeruleus","Sca.coer",0,22,0,0
41,"41","Scarus iseri","Sca.iser",40,"40","Scarus guacamaia","Sca.guac",0,22,0,0
41,"41","Scarus iseri","Sca.iser",41,"41","Scarus iseri","Sca.iser",13,22,59.0909090909091,0.590909090909091
41,"41","Scarus iseri","Sca.iser",42,"42","Scarus juvenil","Sca.juv",3,22,13.6363636363636,0.136363636363636
41,"41","Scarus iseri","Sca.iser",43,"43","Scarus taeniopterus","Sca.taen",0,22,0,0
41,"41","Scarus iseri","Sca.iser",44,"44","Scarus vetula","Sca.vetu",0,22,0,0
41,"41","Scarus iseri","Sca.iser",45,"45","Sparisoma aurofrenatum","Spa.auro",0,22,0,0
41,"41","Scarus iseri","Sca.iser",46,"46","Sparisoma chrysopterum","Spa.chry",0,22,0,0
41,"41","Scarus iseri","Sca.iser",47,"47","Sparisoma rubripinne FI","Spa.rubr FI",0,22,0,0
41,"41","Scarus iseri","Sca.iser",48,"48","Sparisoma viride","Spa.viri",0,22,0,0
41,"41","Scarus iseri","Sca.iser",49,"49","Sparisoma viride FI","Spa.viri FI",0,22,0,0
41,"41","Scarus iseri","Sca.iser",50,"50","Sphyraena barracuda","Sph.barr",0,22,0,0
41,"41","Scarus iseri","Sca.iser",51,"51","Urobatis jamaicensis","Uro.jama",0,22,0,0
41,"41","Scarus iseri","Sca.iser",52,"52","unidentifiable","Unident.",0,22,0,0
41,"41","Scarus iseri","Sca.iser",53,"background","No matched prediction","No match",6,22,27.2727272727273,0.272727272727273
42,"42","Scarus juvenil","Sca.juv",1,"1","Abudefduf saxatilis","Abu.saxa",0,20,0,0
42,"42","Scarus juvenil","Sca.juv",2,"2","Acanthurus chirurgus","Aca.chir",0,20,0,0
42,"42","Scarus juvenil","Sca.juv",3,"3","Acanthurus coeruleus","Aca.coer",0,20,0,0
42,"42","Scarus juvenil","Sca.juv",4,"4","Anisotremus virginicus","Ani.virg",0,20,0,0
42,"42","Scarus juvenil","Sca.juv",5,"5","Azurina cyanea","Azu.cyan",0,20,0,0
42,"42","Scarus juvenil","Sca.juv",6,"6","Bodianus rufus","Bod.rufu",0,20,0,0
42,"42","Scarus juvenil","Sca.juv",7,"7","Calamus spp","Cal.spp",0,20,0,0
42,"42","Scarus juvenil","Sca.juv",8,"8","Caranx bartholomaei","Car.bart",0,20,0,0
42,"42","Scarus juvenil","Sca.juv",9,"9","Caranx latus","Car.latu",0,20,0,0
42,"42","Scarus juvenil","Sca.juv",10,"10","Caranx ruber","Car.rube",0,20,0,0
42,"42","Scarus juvenil","Sca.juv",11,"11","Cephalopholis cruentata","Cep.crue",0,20,0,0
42,"42","Scarus juvenil","Sca.juv",12,"12","Chaetodon capistratus","Cha.capi",0,20,0,0
42,"42","Scarus juvenil","Sca.juv",13,"13","Chaetodon ocellatus","Cha.ocel",0,20,0,0
42,"42","Scarus juvenil","Sca.juv",14,"14","Chaetodon sedentarius","Cha.sede",0,20,0,0
42,"42","Scarus juvenil","Sca.juv",15,"15","Chaetodon striatus","Cha.stri",0,20,0,0
42,"42","Scarus juvenil","Sca.juv",16,"16","Chromis scotti","Chr.scot",0,20,0,0
42,"42","Scarus juvenil","Sca.juv",17,"17","Diodon spp","Dio.spp",0,20,0,0
42,"42","Scarus juvenil","Sca.juv",18,"18","Epinephelus spp","Epi.spp",0,20,0,0
42,"42","Scarus juvenil","Sca.juv",19,"19","Ginglymostoma cirratum","Gin.cirr",0,20,0,0
42,"42","Scarus juvenil","Sca.juv",20,"20","Haemulon flavolineatum","Hae.flav",0,20,0,0
42,"42","Scarus juvenil","Sca.juv",21,"21","Haemulon juvenil","Hae.juv",2,20,10,0.1
42,"42","Scarus juvenil","Sca.juv",22,"22","Haemulon plumierii","Hae.plum",0,20,0,0
42,"42","Scarus juvenil","Sca.juv",23,"23","Haemulon plumierii juvenil","Hae.plum juv",0,20,0,0
42,"42","Scarus juvenil","Sca.juv",24,"24","Haemulon sciurus","Hae.sciu",0,20,0,0
42,"42","Scarus juvenil","Sca.juv",25,"25","Halichoeres spp","Hal.spp",0,20,0,0
42,"42","Scarus juvenil","Sca.juv",26,"26","Holacanthus spp","Hol.spp",0,20,0,0
42,"42","Scarus juvenil","Sca.juv",27,"27","Kyphosus spp","Kyp.spp",0,20,0,0
42,"42","Scarus juvenil","Sca.juv",28,"28","Lachnolaimus maximus","Lac.maxi",0,20,0,0
42,"42","Scarus juvenil","Sca.juv",29,"29","Lutjanus analis","Lut.anal",0,20,0,0
42,"42","Scarus juvenil","Sca.juv",30,"30","Lutjanus griseus","Lut.gris",0,20,0,0
42,"42","Scarus juvenil","Sca.juv",31,"31","Lutjanus jocu","Lut.jocu",0,20,0,0
42,"42","Scarus juvenil","Sca.juv",32,"32","Mycteroperca spp","Myc.spp",0,20,0,0
42,"42","Scarus juvenil","Sca.juv",33,"33","Nicholsina usta","Nic.usta",0,20,0,0
42,"42","Scarus juvenil","Sca.juv",34,"34","Ocyurus chrysurus","Ocy.chry",0,20,0,0
42,"42","Scarus juvenil","Sca.juv",35,"35","Pomacanthus arcuatus","Pom.arcu",0,20,0,0
42,"42","Scarus juvenil","Sca.juv",36,"36","Pomacanthus paru","Pom.paru",0,20,0,0
42,"42","Scarus juvenil","Sca.juv",37,"37","Rhomboplites aurorubens","Rho.auro",0,20,0,0
42,"42","Scarus juvenil","Sca.juv",38,"38","Scarus coelestinus","Sca.coel",0,20,0,0
42,"42","Scarus juvenil","Sca.juv",39,"39","Scarus coeruleus","Sca.coer",0,20,0,0
42,"42","Scarus juvenil","Sca.juv",40,"40","Scarus guacamaia","Sca.guac",0,20,0,0
42,"42","Scarus juvenil","Sca.juv",41,"41","Scarus iseri","Sca.iser",0,20,0,0
42,"42","Scarus juvenil","Sca.juv",42,"42","Scarus juvenil","Sca.juv",5,20,25,0.25
42,"42","Scarus juvenil","Sca.juv",43,"43","Scarus taeniopterus","Sca.taen",0,20,0,0
42,"42","Scarus juvenil","Sca.juv",44,"44","Scarus vetula","Sca.vetu",0,20,0,0
42,"42","Scarus juvenil","Sca.juv",45,"45","Sparisoma aurofrenatum","Spa.auro",0,20,0,0
42,"42","Scarus juvenil","Sca.juv",46,"46","Sparisoma chrysopterum","Spa.chry",0,20,0,0
42,"42","Scarus juvenil","Sca.juv",47,"47","Sparisoma rubripinne FI","Spa.rubr FI",0,20,0,0
42,"42","Scarus juvenil","Sca.juv",48,"48","Sparisoma viride","Spa.viri",0,20,0,0
42,"42","Scarus juvenil","Sca.juv",49,"49","Sparisoma viride FI","Spa.viri FI",0,20,0,0
42,"42","Scarus juvenil","Sca.juv",50,"50","Sphyraena barracuda","Sph.barr",0,20,0,0
42,"42","Scarus juvenil","Sca.juv",51,"51","Urobatis jamaicensis","Uro.jama",0,20,0,0
42,"42","Scarus juvenil","Sca.juv",52,"52","unidentifiable","Unident.",4,20,20,0.2
42,"42","Scarus juvenil","Sca.juv",53,"background","No matched prediction","No match",9,20,45,0.45
43,"43","Scarus taeniopterus","Sca.taen",1,"1","Abudefduf saxatilis","Abu.saxa",0,21,0,0
43,"43","Scarus taeniopterus","Sca.taen",2,"2","Acanthurus chirurgus","Aca.chir",0,21,0,0
43,"43","Scarus taeniopterus","Sca.taen",3,"3","Acanthurus coeruleus","Aca.coer",0,21,0,0
43,"43","Scarus taeniopterus","Sca.taen",4,"4","Anisotremus virginicus","Ani.virg",0,21,0,0
43,"43","Scarus taeniopterus","Sca.taen",5,"5","Azurina cyanea","Azu.cyan",0,21,0,0
43,"43","Scarus taeniopterus","Sca.taen",6,"6","Bodianus rufus","Bod.rufu",0,21,0,0
43,"43","Scarus taeniopterus","Sca.taen",7,"7","Calamus spp","Cal.spp",0,21,0,0
43,"43","Scarus taeniopterus","Sca.taen",8,"8","Caranx bartholomaei","Car.bart",0,21,0,0
43,"43","Scarus taeniopterus","Sca.taen",9,"9","Caranx latus","Car.latu",0,21,0,0
43,"43","Scarus taeniopterus","Sca.taen",10,"10","Caranx ruber","Car.rube",0,21,0,0
43,"43","Scarus taeniopterus","Sca.taen",11,"11","Cephalopholis cruentata","Cep.crue",0,21,0,0
43,"43","Scarus taeniopterus","Sca.taen",12,"12","Chaetodon capistratus","Cha.capi",0,21,0,0
43,"43","Scarus taeniopterus","Sca.taen",13,"13","Chaetodon ocellatus","Cha.ocel",0,21,0,0
43,"43","Scarus taeniopterus","Sca.taen",14,"14","Chaetodon sedentarius","Cha.sede",0,21,0,0
43,"43","Scarus taeniopterus","Sca.taen",15,"15","Chaetodon striatus","Cha.stri",0,21,0,0
43,"43","Scarus taeniopterus","Sca.taen",16,"16","Chromis scotti","Chr.scot",0,21,0,0
43,"43","Scarus taeniopterus","Sca.taen",17,"17","Diodon spp","Dio.spp",0,21,0,0
43,"43","Scarus taeniopterus","Sca.taen",18,"18","Epinephelus spp","Epi.spp",0,21,0,0
43,"43","Scarus taeniopterus","Sca.taen",19,"19","Ginglymostoma cirratum","Gin.cirr",0,21,0,0
43,"43","Scarus taeniopterus","Sca.taen",20,"20","Haemulon flavolineatum","Hae.flav",0,21,0,0
43,"43","Scarus taeniopterus","Sca.taen",21,"21","Haemulon juvenil","Hae.juv",0,21,0,0
43,"43","Scarus taeniopterus","Sca.taen",22,"22","Haemulon plumierii","Hae.plum",0,21,0,0
43,"43","Scarus taeniopterus","Sca.taen",23,"23","Haemulon plumierii juvenil","Hae.plum juv",0,21,0,0
43,"43","Scarus taeniopterus","Sca.taen",24,"24","Haemulon sciurus","Hae.sciu",0,21,0,0
43,"43","Scarus taeniopterus","Sca.taen",25,"25","Halichoeres spp","Hal.spp",0,21,0,0
43,"43","Scarus taeniopterus","Sca.taen",26,"26","Holacanthus spp","Hol.spp",0,21,0,0
43,"43","Scarus taeniopterus","Sca.taen",27,"27","Kyphosus spp","Kyp.spp",0,21,0,0
43,"43","Scarus taeniopterus","Sca.taen",28,"28","Lachnolaimus maximus","Lac.maxi",0,21,0,0
43,"43","Scarus taeniopterus","Sca.taen",29,"29","Lutjanus analis","Lut.anal",0,21,0,0
43,"43","Scarus taeniopterus","Sca.taen",30,"30","Lutjanus griseus","Lut.gris",0,21,0,0
43,"43","Scarus taeniopterus","Sca.taen",31,"31","Lutjanus jocu","Lut.jocu",0,21,0,0
43,"43","Scarus taeniopterus","Sca.taen",32,"32","Mycteroperca spp","Myc.spp",0,21,0,0
43,"43","Scarus taeniopterus","Sca.taen",33,"33","Nicholsina usta","Nic.usta",0,21,0,0
43,"43","Scarus taeniopterus","Sca.taen",34,"34","Ocyurus chrysurus","Ocy.chry",0,21,0,0
43,"43","Scarus taeniopterus","Sca.taen",35,"35","Pomacanthus arcuatus","Pom.arcu",0,21,0,0
43,"43","Scarus taeniopterus","Sca.taen",36,"36","Pomacanthus paru","Pom.paru",0,21,0,0
43,"43","Scarus taeniopterus","Sca.taen",37,"37","Rhomboplites aurorubens","Rho.auro",0,21,0,0
43,"43","Scarus taeniopterus","Sca.taen",38,"38","Scarus coelestinus","Sca.coel",0,21,0,0
43,"43","Scarus taeniopterus","Sca.taen",39,"39","Scarus coeruleus","Sca.coer",0,21,0,0
43,"43","Scarus taeniopterus","Sca.taen",40,"40","Scarus guacamaia","Sca.guac",0,21,0,0
43,"43","Scarus taeniopterus","Sca.taen",41,"41","Scarus iseri","Sca.iser",2,21,9.52380952380952,0.0952380952380952
43,"43","Scarus taeniopterus","Sca.taen",42,"42","Scarus juvenil","Sca.juv",0,21,0,0
43,"43","Scarus taeniopterus","Sca.taen",43,"43","Scarus taeniopterus","Sca.taen",13,21,61.9047619047619,0.619047619047619
43,"43","Scarus taeniopterus","Sca.taen",44,"44","Scarus vetula","Sca.vetu",1,21,4.76190476190476,0.0476190476190476
43,"43","Scarus taeniopterus","Sca.taen",45,"45","Sparisoma aurofrenatum","Spa.auro",0,21,0,0
43,"43","Scarus taeniopterus","Sca.taen",46,"46","Sparisoma chrysopterum","Spa.chry",0,21,0,0
43,"43","Scarus taeniopterus","Sca.taen",47,"47","Sparisoma rubripinne FI","Spa.rubr FI",0,21,0,0
43,"43","Scarus taeniopterus","Sca.taen",48,"48","Sparisoma viride","Spa.viri",0,21,0,0
43,"43","Scarus taeniopterus","Sca.taen",49,"49","Sparisoma viride FI","Spa.viri FI",0,21,0,0
43,"43","Scarus taeniopterus","Sca.taen",50,"50","Sphyraena barracuda","Sph.barr",0,21,0,0
43,"43","Scarus taeniopterus","Sca.taen",51,"51","Urobatis jamaicensis","Uro.jama",0,21,0,0
43,"43","Scarus taeniopterus","Sca.taen",52,"52","unidentifiable","Unident.",0,21,0,0
43,"43","Scarus taeniopterus","Sca.taen",53,"background","No matched prediction","No match",5,21,23.8095238095238,0.238095238095238
44,"44","Scarus vetula","Sca.vetu",1,"1","Abudefduf saxatilis","Abu.saxa",0,23,0,0
44,"44","Scarus vetula","Sca.vetu",2,"2","Acanthurus chirurgus","Aca.chir",0,23,0,0
44,"44","Scarus vetula","Sca.vetu",3,"3","Acanthurus coeruleus","Aca.coer",0,23,0,0
44,"44","Scarus vetula","Sca.vetu",4,"4","Anisotremus virginicus","Ani.virg",0,23,0,0
44,"44","Scarus vetula","Sca.vetu",5,"5","Azurina cyanea","Azu.cyan",0,23,0,0
44,"44","Scarus vetula","Sca.vetu",6,"6","Bodianus rufus","Bod.rufu",0,23,0,0
44,"44","Scarus vetula","Sca.vetu",7,"7","Calamus spp","Cal.spp",0,23,0,0
44,"44","Scarus vetula","Sca.vetu",8,"8","Caranx bartholomaei","Car.bart",0,23,0,0
44,"44","Scarus vetula","Sca.vetu",9,"9","Caranx latus","Car.latu",0,23,0,0
44,"44","Scarus vetula","Sca.vetu",10,"10","Caranx ruber","Car.rube",0,23,0,0
44,"44","Scarus vetula","Sca.vetu",11,"11","Cephalopholis cruentata","Cep.crue",0,23,0,0
44,"44","Scarus vetula","Sca.vetu",12,"12","Chaetodon capistratus","Cha.capi",0,23,0,0
44,"44","Scarus vetula","Sca.vetu",13,"13","Chaetodon ocellatus","Cha.ocel",0,23,0,0
44,"44","Scarus vetula","Sca.vetu",14,"14","Chaetodon sedentarius","Cha.sede",0,23,0,0
44,"44","Scarus vetula","Sca.vetu",15,"15","Chaetodon striatus","Cha.stri",0,23,0,0
44,"44","Scarus vetula","Sca.vetu",16,"16","Chromis scotti","Chr.scot",0,23,0,0
44,"44","Scarus vetula","Sca.vetu",17,"17","Diodon spp","Dio.spp",0,23,0,0
44,"44","Scarus vetula","Sca.vetu",18,"18","Epinephelus spp","Epi.spp",0,23,0,0
44,"44","Scarus vetula","Sca.vetu",19,"19","Ginglymostoma cirratum","Gin.cirr",0,23,0,0
44,"44","Scarus vetula","Sca.vetu",20,"20","Haemulon flavolineatum","Hae.flav",0,23,0,0
44,"44","Scarus vetula","Sca.vetu",21,"21","Haemulon juvenil","Hae.juv",0,23,0,0
44,"44","Scarus vetula","Sca.vetu",22,"22","Haemulon plumierii","Hae.plum",0,23,0,0
44,"44","Scarus vetula","Sca.vetu",23,"23","Haemulon plumierii juvenil","Hae.plum juv",0,23,0,0
44,"44","Scarus vetula","Sca.vetu",24,"24","Haemulon sciurus","Hae.sciu",0,23,0,0
44,"44","Scarus vetula","Sca.vetu",25,"25","Halichoeres spp","Hal.spp",0,23,0,0
44,"44","Scarus vetula","Sca.vetu",26,"26","Holacanthus spp","Hol.spp",0,23,0,0
44,"44","Scarus vetula","Sca.vetu",27,"27","Kyphosus spp","Kyp.spp",0,23,0,0
44,"44","Scarus vetula","Sca.vetu",28,"28","Lachnolaimus maximus","Lac.maxi",0,23,0,0
44,"44","Scarus vetula","Sca.vetu",29,"29","Lutjanus analis","Lut.anal",0,23,0,0
44,"44","Scarus vetula","Sca.vetu",30,"30","Lutjanus griseus","Lut.gris",0,23,0,0
44,"44","Scarus vetula","Sca.vetu",31,"31","Lutjanus jocu","Lut.jocu",0,23,0,0
44,"44","Scarus vetula","Sca.vetu",32,"32","Mycteroperca spp","Myc.spp",0,23,0,0
44,"44","Scarus vetula","Sca.vetu",33,"33","Nicholsina usta","Nic.usta",0,23,0,0
44,"44","Scarus vetula","Sca.vetu",34,"34","Ocyurus chrysurus","Ocy.chry",0,23,0,0
44,"44","Scarus vetula","Sca.vetu",35,"35","Pomacanthus arcuatus","Pom.arcu",0,23,0,0
44,"44","Scarus vetula","Sca.vetu",36,"36","Pomacanthus paru","Pom.paru",0,23,0,0
44,"44","Scarus vetula","Sca.vetu",37,"37","Rhomboplites aurorubens","Rho.auro",0,23,0,0
44,"44","Scarus vetula","Sca.vetu",38,"38","Scarus coelestinus","Sca.coel",2,23,8.69565217391304,0.0869565217391304
44,"44","Scarus vetula","Sca.vetu",39,"39","Scarus coeruleus","Sca.coer",0,23,0,0
44,"44","Scarus vetula","Sca.vetu",40,"40","Scarus guacamaia","Sca.guac",2,23,8.69565217391304,0.0869565217391304
44,"44","Scarus vetula","Sca.vetu",41,"41","Scarus iseri","Sca.iser",0,23,0,0
44,"44","Scarus vetula","Sca.vetu",42,"42","Scarus juvenil","Sca.juv",0,23,0,0
44,"44","Scarus vetula","Sca.vetu",43,"43","Scarus taeniopterus","Sca.taen",0,23,0,0
44,"44","Scarus vetula","Sca.vetu",44,"44","Scarus vetula","Sca.vetu",6,23,26.0869565217391,0.260869565217391
44,"44","Scarus vetula","Sca.vetu",45,"45","Sparisoma aurofrenatum","Spa.auro",0,23,0,0
44,"44","Scarus vetula","Sca.vetu",46,"46","Sparisoma chrysopterum","Spa.chry",2,23,8.69565217391304,0.0869565217391304
44,"44","Scarus vetula","Sca.vetu",47,"47","Sparisoma rubripinne FI","Spa.rubr FI",0,23,0,0
44,"44","Scarus vetula","Sca.vetu",48,"48","Sparisoma viride","Spa.viri",3,23,13.0434782608696,0.130434782608696
44,"44","Scarus vetula","Sca.vetu",49,"49","Sparisoma viride FI","Spa.viri FI",0,23,0,0
44,"44","Scarus vetula","Sca.vetu",50,"50","Sphyraena barracuda","Sph.barr",0,23,0,0
44,"44","Scarus vetula","Sca.vetu",51,"51","Urobatis jamaicensis","Uro.jama",0,23,0,0
44,"44","Scarus vetula","Sca.vetu",52,"52","unidentifiable","Unident.",0,23,0,0
44,"44","Scarus vetula","Sca.vetu",53,"background","No matched prediction","No match",8,23,34.7826086956522,0.347826086956522
45,"45","Sparisoma aurofrenatum","Spa.auro",1,"1","Abudefduf saxatilis","Abu.saxa",0,26,0,0
45,"45","Sparisoma aurofrenatum","Spa.auro",2,"2","Acanthurus chirurgus","Aca.chir",0,26,0,0
45,"45","Sparisoma aurofrenatum","Spa.auro",3,"3","Acanthurus coeruleus","Aca.coer",0,26,0,0
45,"45","Sparisoma aurofrenatum","Spa.auro",4,"4","Anisotremus virginicus","Ani.virg",0,26,0,0
45,"45","Sparisoma aurofrenatum","Spa.auro",5,"5","Azurina cyanea","Azu.cyan",0,26,0,0
45,"45","Sparisoma aurofrenatum","Spa.auro",6,"6","Bodianus rufus","Bod.rufu",0,26,0,0
45,"45","Sparisoma aurofrenatum","Spa.auro",7,"7","Calamus spp","Cal.spp",0,26,0,0
45,"45","Sparisoma aurofrenatum","Spa.auro",8,"8","Caranx bartholomaei","Car.bart",0,26,0,0
45,"45","Sparisoma aurofrenatum","Spa.auro",9,"9","Caranx latus","Car.latu",0,26,0,0
45,"45","Sparisoma aurofrenatum","Spa.auro",10,"10","Caranx ruber","Car.rube",0,26,0,0
45,"45","Sparisoma aurofrenatum","Spa.auro",11,"11","Cephalopholis cruentata","Cep.crue",0,26,0,0
45,"45","Sparisoma aurofrenatum","Spa.auro",12,"12","Chaetodon capistratus","Cha.capi",0,26,0,0
45,"45","Sparisoma aurofrenatum","Spa.auro",13,"13","Chaetodon ocellatus","Cha.ocel",0,26,0,0
45,"45","Sparisoma aurofrenatum","Spa.auro",14,"14","Chaetodon sedentarius","Cha.sede",0,26,0,0
45,"45","Sparisoma aurofrenatum","Spa.auro",15,"15","Chaetodon striatus","Cha.stri",0,26,0,0
45,"45","Sparisoma aurofrenatum","Spa.auro",16,"16","Chromis scotti","Chr.scot",0,26,0,0
45,"45","Sparisoma aurofrenatum","Spa.auro",17,"17","Diodon spp","Dio.spp",0,26,0,0
45,"45","Sparisoma aurofrenatum","Spa.auro",18,"18","Epinephelus spp","Epi.spp",0,26,0,0
45,"45","Sparisoma aurofrenatum","Spa.auro",19,"19","Ginglymostoma cirratum","Gin.cirr",0,26,0,0
45,"45","Sparisoma aurofrenatum","Spa.auro",20,"20","Haemulon flavolineatum","Hae.flav",0,26,0,0
45,"45","Sparisoma aurofrenatum","Spa.auro",21,"21","Haemulon juvenil","Hae.juv",0,26,0,0
45,"45","Sparisoma aurofrenatum","Spa.auro",22,"22","Haemulon plumierii","Hae.plum",0,26,0,0
45,"45","Sparisoma aurofrenatum","Spa.auro",23,"23","Haemulon plumierii juvenil","Hae.plum juv",0,26,0,0
45,"45","Sparisoma aurofrenatum","Spa.auro",24,"24","Haemulon sciurus","Hae.sciu",0,26,0,0
45,"45","Sparisoma aurofrenatum","Spa.auro",25,"25","Halichoeres spp","Hal.spp",0,26,0,0
45,"45","Sparisoma aurofrenatum","Spa.auro",26,"26","Holacanthus spp","Hol.spp",0,26,0,0
45,"45","Sparisoma aurofrenatum","Spa.auro",27,"27","Kyphosus spp","Kyp.spp",0,26,0,0
45,"45","Sparisoma aurofrenatum","Spa.auro",28,"28","Lachnolaimus maximus","Lac.maxi",0,26,0,0
45,"45","Sparisoma aurofrenatum","Spa.auro",29,"29","Lutjanus analis","Lut.anal",0,26,0,0
45,"45","Sparisoma aurofrenatum","Spa.auro",30,"30","Lutjanus griseus","Lut.gris",0,26,0,0
45,"45","Sparisoma aurofrenatum","Spa.auro",31,"31","Lutjanus jocu","Lut.jocu",0,26,0,0
45,"45","Sparisoma aurofrenatum","Spa.auro",32,"32","Mycteroperca spp","Myc.spp",0,26,0,0
45,"45","Sparisoma aurofrenatum","Spa.auro",33,"33","Nicholsina usta","Nic.usta",0,26,0,0
45,"45","Sparisoma aurofrenatum","Spa.auro",34,"34","Ocyurus chrysurus","Ocy.chry",0,26,0,0
45,"45","Sparisoma aurofrenatum","Spa.auro",35,"35","Pomacanthus arcuatus","Pom.arcu",0,26,0,0
45,"45","Sparisoma aurofrenatum","Spa.auro",36,"36","Pomacanthus paru","Pom.paru",0,26,0,0
45,"45","Sparisoma aurofrenatum","Spa.auro",37,"37","Rhomboplites aurorubens","Rho.auro",0,26,0,0
45,"45","Sparisoma aurofrenatum","Spa.auro",38,"38","Scarus coelestinus","Sca.coel",0,26,0,0
45,"45","Sparisoma aurofrenatum","Spa.auro",39,"39","Scarus coeruleus","Sca.coer",0,26,0,0
45,"45","Sparisoma aurofrenatum","Spa.auro",40,"40","Scarus guacamaia","Sca.guac",0,26,0,0
45,"45","Sparisoma aurofrenatum","Spa.auro",41,"41","Scarus iseri","Sca.iser",0,26,0,0
45,"45","Sparisoma aurofrenatum","Spa.auro",42,"42","Scarus juvenil","Sca.juv",0,26,0,0
45,"45","Sparisoma aurofrenatum","Spa.auro",43,"43","Scarus taeniopterus","Sca.taen",0,26,0,0
45,"45","Sparisoma aurofrenatum","Spa.auro",44,"44","Scarus vetula","Sca.vetu",0,26,0,0
45,"45","Sparisoma aurofrenatum","Spa.auro",45,"45","Sparisoma aurofrenatum","Spa.auro",16,26,61.5384615384615,0.615384615384615
45,"45","Sparisoma aurofrenatum","Spa.auro",46,"46","Sparisoma chrysopterum","Spa.chry",1,26,3.84615384615385,0.0384615384615385
45,"45","Sparisoma aurofrenatum","Spa.auro",47,"47","Sparisoma rubripinne FI","Spa.rubr FI",0,26,0,0
45,"45","Sparisoma aurofrenatum","Spa.auro",48,"48","Sparisoma viride","Spa.viri",2,26,7.69230769230769,0.0769230769230769
45,"45","Sparisoma aurofrenatum","Spa.auro",49,"49","Sparisoma viride FI","Spa.viri FI",0,26,0,0
45,"45","Sparisoma aurofrenatum","Spa.auro",50,"50","Sphyraena barracuda","Sph.barr",0,26,0,0
45,"45","Sparisoma aurofrenatum","Spa.auro",51,"51","Urobatis jamaicensis","Uro.jama",0,26,0,0
45,"45","Sparisoma aurofrenatum","Spa.auro",52,"52","unidentifiable","Unident.",0,26,0,0
45,"45","Sparisoma aurofrenatum","Spa.auro",53,"background","No matched prediction","No match",7,26,26.9230769230769,0.269230769230769
46,"46","Sparisoma chrysopterum","Spa.chry",1,"1","Abudefduf saxatilis","Abu.saxa",0,21,0,0
46,"46","Sparisoma chrysopterum","Spa.chry",2,"2","Acanthurus chirurgus","Aca.chir",0,21,0,0
46,"46","Sparisoma chrysopterum","Spa.chry",3,"3","Acanthurus coeruleus","Aca.coer",0,21,0,0
46,"46","Sparisoma chrysopterum","Spa.chry",4,"4","Anisotremus virginicus","Ani.virg",0,21,0,0
46,"46","Sparisoma chrysopterum","Spa.chry",5,"5","Azurina cyanea","Azu.cyan",0,21,0,0
46,"46","Sparisoma chrysopterum","Spa.chry",6,"6","Bodianus rufus","Bod.rufu",0,21,0,0
46,"46","Sparisoma chrysopterum","Spa.chry",7,"7","Calamus spp","Cal.spp",0,21,0,0
46,"46","Sparisoma chrysopterum","Spa.chry",8,"8","Caranx bartholomaei","Car.bart",0,21,0,0
46,"46","Sparisoma chrysopterum","Spa.chry",9,"9","Caranx latus","Car.latu",0,21,0,0
46,"46","Sparisoma chrysopterum","Spa.chry",10,"10","Caranx ruber","Car.rube",0,21,0,0
46,"46","Sparisoma chrysopterum","Spa.chry",11,"11","Cephalopholis cruentata","Cep.crue",0,21,0,0
46,"46","Sparisoma chrysopterum","Spa.chry",12,"12","Chaetodon capistratus","Cha.capi",0,21,0,0
46,"46","Sparisoma chrysopterum","Spa.chry",13,"13","Chaetodon ocellatus","Cha.ocel",0,21,0,0
46,"46","Sparisoma chrysopterum","Spa.chry",14,"14","Chaetodon sedentarius","Cha.sede",0,21,0,0
46,"46","Sparisoma chrysopterum","Spa.chry",15,"15","Chaetodon striatus","Cha.stri",0,21,0,0
46,"46","Sparisoma chrysopterum","Spa.chry",16,"16","Chromis scotti","Chr.scot",0,21,0,0
46,"46","Sparisoma chrysopterum","Spa.chry",17,"17","Diodon spp","Dio.spp",0,21,0,0
46,"46","Sparisoma chrysopterum","Spa.chry",18,"18","Epinephelus spp","Epi.spp",0,21,0,0
46,"46","Sparisoma chrysopterum","Spa.chry",19,"19","Ginglymostoma cirratum","Gin.cirr",0,21,0,0
46,"46","Sparisoma chrysopterum","Spa.chry",20,"20","Haemulon flavolineatum","Hae.flav",0,21,0,0
46,"46","Sparisoma chrysopterum","Spa.chry",21,"21","Haemulon juvenil","Hae.juv",0,21,0,0
46,"46","Sparisoma chrysopterum","Spa.chry",22,"22","Haemulon plumierii","Hae.plum",0,21,0,0
46,"46","Sparisoma chrysopterum","Spa.chry",23,"23","Haemulon plumierii juvenil","Hae.plum juv",0,21,0,0
46,"46","Sparisoma chrysopterum","Spa.chry",24,"24","Haemulon sciurus","Hae.sciu",0,21,0,0
46,"46","Sparisoma chrysopterum","Spa.chry",25,"25","Halichoeres spp","Hal.spp",0,21,0,0
46,"46","Sparisoma chrysopterum","Spa.chry",26,"26","Holacanthus spp","Hol.spp",0,21,0,0
46,"46","Sparisoma chrysopterum","Spa.chry",27,"27","Kyphosus spp","Kyp.spp",0,21,0,0
46,"46","Sparisoma chrysopterum","Spa.chry",28,"28","Lachnolaimus maximus","Lac.maxi",0,21,0,0
46,"46","Sparisoma chrysopterum","Spa.chry",29,"29","Lutjanus analis","Lut.anal",0,21,0,0
46,"46","Sparisoma chrysopterum","Spa.chry",30,"30","Lutjanus griseus","Lut.gris",0,21,0,0
46,"46","Sparisoma chrysopterum","Spa.chry",31,"31","Lutjanus jocu","Lut.jocu",0,21,0,0
46,"46","Sparisoma chrysopterum","Spa.chry",32,"32","Mycteroperca spp","Myc.spp",0,21,0,0
46,"46","Sparisoma chrysopterum","Spa.chry",33,"33","Nicholsina usta","Nic.usta",0,21,0,0
46,"46","Sparisoma chrysopterum","Spa.chry",34,"34","Ocyurus chrysurus","Ocy.chry",0,21,0,0
46,"46","Sparisoma chrysopterum","Spa.chry",35,"35","Pomacanthus arcuatus","Pom.arcu",0,21,0,0
46,"46","Sparisoma chrysopterum","Spa.chry",36,"36","Pomacanthus paru","Pom.paru",0,21,0,0
46,"46","Sparisoma chrysopterum","Spa.chry",37,"37","Rhomboplites aurorubens","Rho.auro",0,21,0,0
46,"46","Sparisoma chrysopterum","Spa.chry",38,"38","Scarus coelestinus","Sca.coel",0,21,0,0
46,"46","Sparisoma chrysopterum","Spa.chry",39,"39","Scarus coeruleus","Sca.coer",0,21,0,0
46,"46","Sparisoma chrysopterum","Spa.chry",40,"40","Scarus guacamaia","Sca.guac",0,21,0,0
46,"46","Sparisoma chrysopterum","Spa.chry",41,"41","Scarus iseri","Sca.iser",0,21,0,0
46,"46","Sparisoma chrysopterum","Spa.chry",42,"42","Scarus juvenil","Sca.juv",0,21,0,0
46,"46","Sparisoma chrysopterum","Spa.chry",43,"43","Scarus taeniopterus","Sca.taen",0,21,0,0
46,"46","Sparisoma chrysopterum","Spa.chry",44,"44","Scarus vetula","Sca.vetu",0,21,0,0
46,"46","Sparisoma chrysopterum","Spa.chry",45,"45","Sparisoma aurofrenatum","Spa.auro",0,21,0,0
46,"46","Sparisoma chrysopterum","Spa.chry",46,"46","Sparisoma chrysopterum","Spa.chry",12,21,57.1428571428571,0.571428571428572
46,"46","Sparisoma chrysopterum","Spa.chry",47,"47","Sparisoma rubripinne FI","Spa.rubr FI",0,21,0,0
46,"46","Sparisoma chrysopterum","Spa.chry",48,"48","Sparisoma viride","Spa.viri",1,21,4.76190476190476,0.0476190476190476
46,"46","Sparisoma chrysopterum","Spa.chry",49,"49","Sparisoma viride FI","Spa.viri FI",0,21,0,0
46,"46","Sparisoma chrysopterum","Spa.chry",50,"50","Sphyraena barracuda","Sph.barr",0,21,0,0
46,"46","Sparisoma chrysopterum","Spa.chry",51,"51","Urobatis jamaicensis","Uro.jama",0,21,0,0
46,"46","Sparisoma chrysopterum","Spa.chry",52,"52","unidentifiable","Unident.",0,21,0,0
46,"46","Sparisoma chrysopterum","Spa.chry",53,"background","No matched prediction","No match",8,21,38.0952380952381,0.380952380952381
47,"47","Sparisoma rubripinne FI","Spa.rubr FI",1,"1","Abudefduf saxatilis","Abu.saxa",0,23,0,0
47,"47","Sparisoma rubripinne FI","Spa.rubr FI",2,"2","Acanthurus chirurgus","Aca.chir",0,23,0,0
47,"47","Sparisoma rubripinne FI","Spa.rubr FI",3,"3","Acanthurus coeruleus","Aca.coer",0,23,0,0
47,"47","Sparisoma rubripinne FI","Spa.rubr FI",4,"4","Anisotremus virginicus","Ani.virg",0,23,0,0
47,"47","Sparisoma rubripinne FI","Spa.rubr FI",5,"5","Azurina cyanea","Azu.cyan",0,23,0,0
47,"47","Sparisoma rubripinne FI","Spa.rubr FI",6,"6","Bodianus rufus","Bod.rufu",0,23,0,0
47,"47","Sparisoma rubripinne FI","Spa.rubr FI",7,"7","Calamus spp","Cal.spp",0,23,0,0
47,"47","Sparisoma rubripinne FI","Spa.rubr FI",8,"8","Caranx bartholomaei","Car.bart",0,23,0,0
47,"47","Sparisoma rubripinne FI","Spa.rubr FI",9,"9","Caranx latus","Car.latu",0,23,0,0
47,"47","Sparisoma rubripinne FI","Spa.rubr FI",10,"10","Caranx ruber","Car.rube",0,23,0,0
47,"47","Sparisoma rubripinne FI","Spa.rubr FI",11,"11","Cephalopholis cruentata","Cep.crue",0,23,0,0
47,"47","Sparisoma rubripinne FI","Spa.rubr FI",12,"12","Chaetodon capistratus","Cha.capi",0,23,0,0
47,"47","Sparisoma rubripinne FI","Spa.rubr FI",13,"13","Chaetodon ocellatus","Cha.ocel",0,23,0,0
47,"47","Sparisoma rubripinne FI","Spa.rubr FI",14,"14","Chaetodon sedentarius","Cha.sede",0,23,0,0
47,"47","Sparisoma rubripinne FI","Spa.rubr FI",15,"15","Chaetodon striatus","Cha.stri",0,23,0,0
47,"47","Sparisoma rubripinne FI","Spa.rubr FI",16,"16","Chromis scotti","Chr.scot",0,23,0,0
47,"47","Sparisoma rubripinne FI","Spa.rubr FI",17,"17","Diodon spp","Dio.spp",0,23,0,0
47,"47","Sparisoma rubripinne FI","Spa.rubr FI",18,"18","Epinephelus spp","Epi.spp",0,23,0,0
47,"47","Sparisoma rubripinne FI","Spa.rubr FI",19,"19","Ginglymostoma cirratum","Gin.cirr",0,23,0,0
47,"47","Sparisoma rubripinne FI","Spa.rubr FI",20,"20","Haemulon flavolineatum","Hae.flav",0,23,0,0
47,"47","Sparisoma rubripinne FI","Spa.rubr FI",21,"21","Haemulon juvenil","Hae.juv",0,23,0,0
47,"47","Sparisoma rubripinne FI","Spa.rubr FI",22,"22","Haemulon plumierii","Hae.plum",0,23,0,0
47,"47","Sparisoma rubripinne FI","Spa.rubr FI",23,"23","Haemulon plumierii juvenil","Hae.plum juv",0,23,0,0
47,"47","Sparisoma rubripinne FI","Spa.rubr FI",24,"24","Haemulon sciurus","Hae.sciu",0,23,0,0
47,"47","Sparisoma rubripinne FI","Spa.rubr FI",25,"25","Halichoeres spp","Hal.spp",0,23,0,0
47,"47","Sparisoma rubripinne FI","Spa.rubr FI",26,"26","Holacanthus spp","Hol.spp",0,23,0,0
47,"47","Sparisoma rubripinne FI","Spa.rubr FI",27,"27","Kyphosus spp","Kyp.spp",0,23,0,0
47,"47","Sparisoma rubripinne FI","Spa.rubr FI",28,"28","Lachnolaimus maximus","Lac.maxi",0,23,0,0
47,"47","Sparisoma rubripinne FI","Spa.rubr FI",29,"29","Lutjanus analis","Lut.anal",0,23,0,0
47,"47","Sparisoma rubripinne FI","Spa.rubr FI",30,"30","Lutjanus griseus","Lut.gris",0,23,0,0
47,"47","Sparisoma rubripinne FI","Spa.rubr FI",31,"31","Lutjanus jocu","Lut.jocu",0,23,0,0
47,"47","Sparisoma rubripinne FI","Spa.rubr FI",32,"32","Mycteroperca spp","Myc.spp",0,23,0,0
47,"47","Sparisoma rubripinne FI","Spa.rubr FI",33,"33","Nicholsina usta","Nic.usta",0,23,0,0
47,"47","Sparisoma rubripinne FI","Spa.rubr FI",34,"34","Ocyurus chrysurus","Ocy.chry",4,23,17.3913043478261,0.173913043478261
47,"47","Sparisoma rubripinne FI","Spa.rubr FI",35,"35","Pomacanthus arcuatus","Pom.arcu",0,23,0,0
47,"47","Sparisoma rubripinne FI","Spa.rubr FI",36,"36","Pomacanthus paru","Pom.paru",0,23,0,0
47,"47","Sparisoma rubripinne FI","Spa.rubr FI",37,"37","Rhomboplites aurorubens","Rho.auro",0,23,0,0
47,"47","Sparisoma rubripinne FI","Spa.rubr FI",38,"38","Scarus coelestinus","Sca.coel",0,23,0,0
47,"47","Sparisoma rubripinne FI","Spa.rubr FI",39,"39","Scarus coeruleus","Sca.coer",0,23,0,0
47,"47","Sparisoma rubripinne FI","Spa.rubr FI",40,"40","Scarus guacamaia","Sca.guac",0,23,0,0
47,"47","Sparisoma rubripinne FI","Spa.rubr FI",41,"41","Scarus iseri","Sca.iser",0,23,0,0
47,"47","Sparisoma rubripinne FI","Spa.rubr FI",42,"42","Scarus juvenil","Sca.juv",0,23,0,0
47,"47","Sparisoma rubripinne FI","Spa.rubr FI",43,"43","Scarus taeniopterus","Sca.taen",0,23,0,0
47,"47","Sparisoma rubripinne FI","Spa.rubr FI",44,"44","Scarus vetula","Sca.vetu",0,23,0,0
47,"47","Sparisoma rubripinne FI","Spa.rubr FI",45,"45","Sparisoma aurofrenatum","Spa.auro",0,23,0,0
47,"47","Sparisoma rubripinne FI","Spa.rubr FI",46,"46","Sparisoma chrysopterum","Spa.chry",0,23,0,0
47,"47","Sparisoma rubripinne FI","Spa.rubr FI",47,"47","Sparisoma rubripinne FI","Spa.rubr FI",16,23,69.5652173913043,0.695652173913043
47,"47","Sparisoma rubripinne FI","Spa.rubr FI",48,"48","Sparisoma viride","Spa.viri",0,23,0,0
47,"47","Sparisoma rubripinne FI","Spa.rubr FI",49,"49","Sparisoma viride FI","Spa.viri FI",0,23,0,0
47,"47","Sparisoma rubripinne FI","Spa.rubr FI",50,"50","Sphyraena barracuda","Sph.barr",0,23,0,0
47,"47","Sparisoma rubripinne FI","Spa.rubr FI",51,"51","Urobatis jamaicensis","Uro.jama",0,23,0,0
47,"47","Sparisoma rubripinne FI","Spa.rubr FI",52,"52","unidentifiable","Unident.",0,23,0,0
47,"47","Sparisoma rubripinne FI","Spa.rubr FI",53,"background","No matched prediction","No match",3,23,13.0434782608696,0.130434782608696
48,"48","Sparisoma viride","Spa.viri",1,"1","Abudefduf saxatilis","Abu.saxa",0,18,0,0
48,"48","Sparisoma viride","Spa.viri",2,"2","Acanthurus chirurgus","Aca.chir",0,18,0,0
48,"48","Sparisoma viride","Spa.viri",3,"3","Acanthurus coeruleus","Aca.coer",0,18,0,0
48,"48","Sparisoma viride","Spa.viri",4,"4","Anisotremus virginicus","Ani.virg",0,18,0,0
48,"48","Sparisoma viride","Spa.viri",5,"5","Azurina cyanea","Azu.cyan",0,18,0,0
48,"48","Sparisoma viride","Spa.viri",6,"6","Bodianus rufus","Bod.rufu",0,18,0,0
48,"48","Sparisoma viride","Spa.viri",7,"7","Calamus spp","Cal.spp",0,18,0,0
48,"48","Sparisoma viride","Spa.viri",8,"8","Caranx bartholomaei","Car.bart",0,18,0,0
48,"48","Sparisoma viride","Spa.viri",9,"9","Caranx latus","Car.latu",0,18,0,0
48,"48","Sparisoma viride","Spa.viri",10,"10","Caranx ruber","Car.rube",0,18,0,0
48,"48","Sparisoma viride","Spa.viri",11,"11","Cephalopholis cruentata","Cep.crue",0,18,0,0
48,"48","Sparisoma viride","Spa.viri",12,"12","Chaetodon capistratus","Cha.capi",0,18,0,0
48,"48","Sparisoma viride","Spa.viri",13,"13","Chaetodon ocellatus","Cha.ocel",0,18,0,0
48,"48","Sparisoma viride","Spa.viri",14,"14","Chaetodon sedentarius","Cha.sede",0,18,0,0
48,"48","Sparisoma viride","Spa.viri",15,"15","Chaetodon striatus","Cha.stri",0,18,0,0
48,"48","Sparisoma viride","Spa.viri",16,"16","Chromis scotti","Chr.scot",0,18,0,0
48,"48","Sparisoma viride","Spa.viri",17,"17","Diodon spp","Dio.spp",0,18,0,0
48,"48","Sparisoma viride","Spa.viri",18,"18","Epinephelus spp","Epi.spp",0,18,0,0
48,"48","Sparisoma viride","Spa.viri",19,"19","Ginglymostoma cirratum","Gin.cirr",0,18,0,0
48,"48","Sparisoma viride","Spa.viri",20,"20","Haemulon flavolineatum","Hae.flav",0,18,0,0
48,"48","Sparisoma viride","Spa.viri",21,"21","Haemulon juvenil","Hae.juv",0,18,0,0
48,"48","Sparisoma viride","Spa.viri",22,"22","Haemulon plumierii","Hae.plum",0,18,0,0
48,"48","Sparisoma viride","Spa.viri",23,"23","Haemulon plumierii juvenil","Hae.plum juv",0,18,0,0
48,"48","Sparisoma viride","Spa.viri",24,"24","Haemulon sciurus","Hae.sciu",0,18,0,0
48,"48","Sparisoma viride","Spa.viri",25,"25","Halichoeres spp","Hal.spp",0,18,0,0
48,"48","Sparisoma viride","Spa.viri",26,"26","Holacanthus spp","Hol.spp",0,18,0,0
48,"48","Sparisoma viride","Spa.viri",27,"27","Kyphosus spp","Kyp.spp",0,18,0,0
48,"48","Sparisoma viride","Spa.viri",28,"28","Lachnolaimus maximus","Lac.maxi",0,18,0,0
48,"48","Sparisoma viride","Spa.viri",29,"29","Lutjanus analis","Lut.anal",0,18,0,0
48,"48","Sparisoma viride","Spa.viri",30,"30","Lutjanus griseus","Lut.gris",0,18,0,0
48,"48","Sparisoma viride","Spa.viri",31,"31","Lutjanus jocu","Lut.jocu",0,18,0,0
48,"48","Sparisoma viride","Spa.viri",32,"32","Mycteroperca spp","Myc.spp",0,18,0,0
48,"48","Sparisoma viride","Spa.viri",33,"33","Nicholsina usta","Nic.usta",0,18,0,0
48,"48","Sparisoma viride","Spa.viri",34,"34","Ocyurus chrysurus","Ocy.chry",0,18,0,0
48,"48","Sparisoma viride","Spa.viri",35,"35","Pomacanthus arcuatus","Pom.arcu",0,18,0,0
48,"48","Sparisoma viride","Spa.viri",36,"36","Pomacanthus paru","Pom.paru",0,18,0,0
48,"48","Sparisoma viride","Spa.viri",37,"37","Rhomboplites aurorubens","Rho.auro",0,18,0,0
48,"48","Sparisoma viride","Spa.viri",38,"38","Scarus coelestinus","Sca.coel",0,18,0,0
48,"48","Sparisoma viride","Spa.viri",39,"39","Scarus coeruleus","Sca.coer",0,18,0,0
48,"48","Sparisoma viride","Spa.viri",40,"40","Scarus guacamaia","Sca.guac",0,18,0,0
48,"48","Sparisoma viride","Spa.viri",41,"41","Scarus iseri","Sca.iser",0,18,0,0
48,"48","Sparisoma viride","Spa.viri",42,"42","Scarus juvenil","Sca.juv",0,18,0,0
48,"48","Sparisoma viride","Spa.viri",43,"43","Scarus taeniopterus","Sca.taen",0,18,0,0
48,"48","Sparisoma viride","Spa.viri",44,"44","Scarus vetula","Sca.vetu",0,18,0,0
48,"48","Sparisoma viride","Spa.viri",45,"45","Sparisoma aurofrenatum","Spa.auro",0,18,0,0
48,"48","Sparisoma viride","Spa.viri",46,"46","Sparisoma chrysopterum","Spa.chry",0,18,0,0
48,"48","Sparisoma viride","Spa.viri",47,"47","Sparisoma rubripinne FI","Spa.rubr FI",0,18,0,0
48,"48","Sparisoma viride","Spa.viri",48,"48","Sparisoma viride","Spa.viri",11,18,61.1111111111111,0.611111111111111
48,"48","Sparisoma viride","Spa.viri",49,"49","Sparisoma viride FI","Spa.viri FI",0,18,0,0
48,"48","Sparisoma viride","Spa.viri",50,"50","Sphyraena barracuda","Sph.barr",0,18,0,0
48,"48","Sparisoma viride","Spa.viri",51,"51","Urobatis jamaicensis","Uro.jama",0,18,0,0
48,"48","Sparisoma viride","Spa.viri",52,"52","unidentifiable","Unident.",0,18,0,0
48,"48","Sparisoma viride","Spa.viri",53,"background","No matched prediction","No match",7,18,38.8888888888889,0.388888888888889
49,"49","Sparisoma viride FI","Spa.viri FI",1,"1","Abudefduf saxatilis","Abu.saxa",0,18,0,0
49,"49","Sparisoma viride FI","Spa.viri FI",2,"2","Acanthurus chirurgus","Aca.chir",0,18,0,0
49,"49","Sparisoma viride FI","Spa.viri FI",3,"3","Acanthurus coeruleus","Aca.coer",0,18,0,0
49,"49","Sparisoma viride FI","Spa.viri FI",4,"4","Anisotremus virginicus","Ani.virg",0,18,0,0
49,"49","Sparisoma viride FI","Spa.viri FI",5,"5","Azurina cyanea","Azu.cyan",0,18,0,0
49,"49","Sparisoma viride FI","Spa.viri FI",6,"6","Bodianus rufus","Bod.rufu",0,18,0,0
49,"49","Sparisoma viride FI","Spa.viri FI",7,"7","Calamus spp","Cal.spp",0,18,0,0
49,"49","Sparisoma viride FI","Spa.viri FI",8,"8","Caranx bartholomaei","Car.bart",0,18,0,0
49,"49","Sparisoma viride FI","Spa.viri FI",9,"9","Caranx latus","Car.latu",0,18,0,0
49,"49","Sparisoma viride FI","Spa.viri FI",10,"10","Caranx ruber","Car.rube",0,18,0,0
49,"49","Sparisoma viride FI","Spa.viri FI",11,"11","Cephalopholis cruentata","Cep.crue",0,18,0,0
49,"49","Sparisoma viride FI","Spa.viri FI",12,"12","Chaetodon capistratus","Cha.capi",0,18,0,0
49,"49","Sparisoma viride FI","Spa.viri FI",13,"13","Chaetodon ocellatus","Cha.ocel",0,18,0,0
49,"49","Sparisoma viride FI","Spa.viri FI",14,"14","Chaetodon sedentarius","Cha.sede",0,18,0,0
49,"49","Sparisoma viride FI","Spa.viri FI",15,"15","Chaetodon striatus","Cha.stri",0,18,0,0
49,"49","Sparisoma viride FI","Spa.viri FI",16,"16","Chromis scotti","Chr.scot",0,18,0,0
49,"49","Sparisoma viride FI","Spa.viri FI",17,"17","Diodon spp","Dio.spp",0,18,0,0
49,"49","Sparisoma viride FI","Spa.viri FI",18,"18","Epinephelus spp","Epi.spp",0,18,0,0
49,"49","Sparisoma viride FI","Spa.viri FI",19,"19","Ginglymostoma cirratum","Gin.cirr",0,18,0,0
49,"49","Sparisoma viride FI","Spa.viri FI",20,"20","Haemulon flavolineatum","Hae.flav",0,18,0,0
49,"49","Sparisoma viride FI","Spa.viri FI",21,"21","Haemulon juvenil","Hae.juv",0,18,0,0
49,"49","Sparisoma viride FI","Spa.viri FI",22,"22","Haemulon plumierii","Hae.plum",0,18,0,0
49,"49","Sparisoma viride FI","Spa.viri FI",23,"23","Haemulon plumierii juvenil","Hae.plum juv",0,18,0,0
49,"49","Sparisoma viride FI","Spa.viri FI",24,"24","Haemulon sciurus","Hae.sciu",0,18,0,0
49,"49","Sparisoma viride FI","Spa.viri FI",25,"25","Halichoeres spp","Hal.spp",0,18,0,0
49,"49","Sparisoma viride FI","Spa.viri FI",26,"26","Holacanthus spp","Hol.spp",0,18,0,0
49,"49","Sparisoma viride FI","Spa.viri FI",27,"27","Kyphosus spp","Kyp.spp",0,18,0,0
49,"49","Sparisoma viride FI","Spa.viri FI",28,"28","Lachnolaimus maximus","Lac.maxi",0,18,0,0
49,"49","Sparisoma viride FI","Spa.viri FI",29,"29","Lutjanus analis","Lut.anal",0,18,0,0
49,"49","Sparisoma viride FI","Spa.viri FI",30,"30","Lutjanus griseus","Lut.gris",0,18,0,0
49,"49","Sparisoma viride FI","Spa.viri FI",31,"31","Lutjanus jocu","Lut.jocu",0,18,0,0
49,"49","Sparisoma viride FI","Spa.viri FI",32,"32","Mycteroperca spp","Myc.spp",0,18,0,0
49,"49","Sparisoma viride FI","Spa.viri FI",33,"33","Nicholsina usta","Nic.usta",0,18,0,0
49,"49","Sparisoma viride FI","Spa.viri FI",34,"34","Ocyurus chrysurus","Ocy.chry",0,18,0,0
49,"49","Sparisoma viride FI","Spa.viri FI",35,"35","Pomacanthus arcuatus","Pom.arcu",0,18,0,0
49,"49","Sparisoma viride FI","Spa.viri FI",36,"36","Pomacanthus paru","Pom.paru",0,18,0,0
49,"49","Sparisoma viride FI","Spa.viri FI",37,"37","Rhomboplites aurorubens","Rho.auro",0,18,0,0
49,"49","Sparisoma viride FI","Spa.viri FI",38,"38","Scarus coelestinus","Sca.coel",0,18,0,0
49,"49","Sparisoma viride FI","Spa.viri FI",39,"39","Scarus coeruleus","Sca.coer",0,18,0,0
49,"49","Sparisoma viride FI","Spa.viri FI",40,"40","Scarus guacamaia","Sca.guac",0,18,0,0
49,"49","Sparisoma viride FI","Spa.viri FI",41,"41","Scarus iseri","Sca.iser",0,18,0,0
49,"49","Sparisoma viride FI","Spa.viri FI",42,"42","Scarus juvenil","Sca.juv",0,18,0,0
49,"49","Sparisoma viride FI","Spa.viri FI",43,"43","Scarus taeniopterus","Sca.taen",0,18,0,0
49,"49","Sparisoma viride FI","Spa.viri FI",44,"44","Scarus vetula","Sca.vetu",0,18,0,0
49,"49","Sparisoma viride FI","Spa.viri FI",45,"45","Sparisoma aurofrenatum","Spa.auro",0,18,0,0
49,"49","Sparisoma viride FI","Spa.viri FI",46,"46","Sparisoma chrysopterum","Spa.chry",0,18,0,0
49,"49","Sparisoma viride FI","Spa.viri FI",47,"47","Sparisoma rubripinne FI","Spa.rubr FI",0,18,0,0
49,"49","Sparisoma viride FI","Spa.viri FI",48,"48","Sparisoma viride","Spa.viri",0,18,0,0
49,"49","Sparisoma viride FI","Spa.viri FI",49,"49","Sparisoma viride FI","Spa.viri FI",13,18,72.2222222222222,0.722222222222222
49,"49","Sparisoma viride FI","Spa.viri FI",50,"50","Sphyraena barracuda","Sph.barr",0,18,0,0
49,"49","Sparisoma viride FI","Spa.viri FI",51,"51","Urobatis jamaicensis","Uro.jama",0,18,0,0
49,"49","Sparisoma viride FI","Spa.viri FI",52,"52","unidentifiable","Unident.",0,18,0,0
49,"49","Sparisoma viride FI","Spa.viri FI",53,"background","No matched prediction","No match",5,18,27.7777777777778,0.277777777777778
50,"50","Sphyraena barracuda","Sph.barr",1,"1","Abudefduf saxatilis","Abu.saxa",0,22,0,0
50,"50","Sphyraena barracuda","Sph.barr",2,"2","Acanthurus chirurgus","Aca.chir",0,22,0,0
50,"50","Sphyraena barracuda","Sph.barr",3,"3","Acanthurus coeruleus","Aca.coer",0,22,0,0
50,"50","Sphyraena barracuda","Sph.barr",4,"4","Anisotremus virginicus","Ani.virg",0,22,0,0
50,"50","Sphyraena barracuda","Sph.barr",5,"5","Azurina cyanea","Azu.cyan",0,22,0,0
50,"50","Sphyraena barracuda","Sph.barr",6,"6","Bodianus rufus","Bod.rufu",0,22,0,0
50,"50","Sphyraena barracuda","Sph.barr",7,"7","Calamus spp","Cal.spp",0,22,0,0
50,"50","Sphyraena barracuda","Sph.barr",8,"8","Caranx bartholomaei","Car.bart",0,22,0,0
50,"50","Sphyraena barracuda","Sph.barr",9,"9","Caranx latus","Car.latu",0,22,0,0
50,"50","Sphyraena barracuda","Sph.barr",10,"10","Caranx ruber","Car.rube",0,22,0,0
50,"50","Sphyraena barracuda","Sph.barr",11,"11","Cephalopholis cruentata","Cep.crue",0,22,0,0
50,"50","Sphyraena barracuda","Sph.barr",12,"12","Chaetodon capistratus","Cha.capi",0,22,0,0
50,"50","Sphyraena barracuda","Sph.barr",13,"13","Chaetodon ocellatus","Cha.ocel",0,22,0,0
50,"50","Sphyraena barracuda","Sph.barr",14,"14","Chaetodon sedentarius","Cha.sede",0,22,0,0
50,"50","Sphyraena barracuda","Sph.barr",15,"15","Chaetodon striatus","Cha.stri",0,22,0,0
50,"50","Sphyraena barracuda","Sph.barr",16,"16","Chromis scotti","Chr.scot",0,22,0,0
50,"50","Sphyraena barracuda","Sph.barr",17,"17","Diodon spp","Dio.spp",0,22,0,0
50,"50","Sphyraena barracuda","Sph.barr",18,"18","Epinephelus spp","Epi.spp",0,22,0,0
50,"50","Sphyraena barracuda","Sph.barr",19,"19","Ginglymostoma cirratum","Gin.cirr",0,22,0,0
50,"50","Sphyraena barracuda","Sph.barr",20,"20","Haemulon flavolineatum","Hae.flav",0,22,0,0
50,"50","Sphyraena barracuda","Sph.barr",21,"21","Haemulon juvenil","Hae.juv",0,22,0,0
50,"50","Sphyraena barracuda","Sph.barr",22,"22","Haemulon plumierii","Hae.plum",0,22,0,0
50,"50","Sphyraena barracuda","Sph.barr",23,"23","Haemulon plumierii juvenil","Hae.plum juv",0,22,0,0
50,"50","Sphyraena barracuda","Sph.barr",24,"24","Haemulon sciurus","Hae.sciu",0,22,0,0
50,"50","Sphyraena barracuda","Sph.barr",25,"25","Halichoeres spp","Hal.spp",0,22,0,0
50,"50","Sphyraena barracuda","Sph.barr",26,"26","Holacanthus spp","Hol.spp",0,22,0,0
50,"50","Sphyraena barracuda","Sph.barr",27,"27","Kyphosus spp","Kyp.spp",0,22,0,0
50,"50","Sphyraena barracuda","Sph.barr",28,"28","Lachnolaimus maximus","Lac.maxi",0,22,0,0
50,"50","Sphyraena barracuda","Sph.barr",29,"29","Lutjanus analis","Lut.anal",0,22,0,0
50,"50","Sphyraena barracuda","Sph.barr",30,"30","Lutjanus griseus","Lut.gris",0,22,0,0
50,"50","Sphyraena barracuda","Sph.barr",31,"31","Lutjanus jocu","Lut.jocu",0,22,0,0
50,"50","Sphyraena barracuda","Sph.barr",32,"32","Mycteroperca spp","Myc.spp",0,22,0,0
50,"50","Sphyraena barracuda","Sph.barr",33,"33","Nicholsina usta","Nic.usta",0,22,0,0
50,"50","Sphyraena barracuda","Sph.barr",34,"34","Ocyurus chrysurus","Ocy.chry",0,22,0,0
50,"50","Sphyraena barracuda","Sph.barr",35,"35","Pomacanthus arcuatus","Pom.arcu",0,22,0,0
50,"50","Sphyraena barracuda","Sph.barr",36,"36","Pomacanthus paru","Pom.paru",0,22,0,0
50,"50","Sphyraena barracuda","Sph.barr",37,"37","Rhomboplites aurorubens","Rho.auro",0,22,0,0
50,"50","Sphyraena barracuda","Sph.barr",38,"38","Scarus coelestinus","Sca.coel",0,22,0,0
50,"50","Sphyraena barracuda","Sph.barr",39,"39","Scarus coeruleus","Sca.coer",0,22,0,0
50,"50","Sphyraena barracuda","Sph.barr",40,"40","Scarus guacamaia","Sca.guac",0,22,0,0
50,"50","Sphyraena barracuda","Sph.barr",41,"41","Scarus iseri","Sca.iser",0,22,0,0
50,"50","Sphyraena barracuda","Sph.barr",42,"42","Scarus juvenil","Sca.juv",0,22,0,0
50,"50","Sphyraena barracuda","Sph.barr",43,"43","Scarus taeniopterus","Sca.taen",0,22,0,0
50,"50","Sphyraena barracuda","Sph.barr",44,"44","Scarus vetula","Sca.vetu",0,22,0,0
50,"50","Sphyraena barracuda","Sph.barr",45,"45","Sparisoma aurofrenatum","Spa.auro",0,22,0,0
50,"50","Sphyraena barracuda","Sph.barr",46,"46","Sparisoma chrysopterum","Spa.chry",0,22,0,0
50,"50","Sphyraena barracuda","Sph.barr",47,"47","Sparisoma rubripinne FI","Spa.rubr FI",0,22,0,0
50,"50","Sphyraena barracuda","Sph.barr",48,"48","Sparisoma viride","Spa.viri",0,22,0,0
50,"50","Sphyraena barracuda","Sph.barr",49,"49","Sparisoma viride FI","Spa.viri FI",0,22,0,0
50,"50","Sphyraena barracuda","Sph.barr",50,"50","Sphyraena barracuda","Sph.barr",18,22,81.8181818181818,0.818181818181818
50,"50","Sphyraena barracuda","Sph.barr",51,"51","Urobatis jamaicensis","Uro.jama",0,22,0,0
50,"50","Sphyraena barracuda","Sph.barr",52,"52","unidentifiable","Unident.",0,22,0,0
50,"50","Sphyraena barracuda","Sph.barr",53,"background","No matched prediction","No match",4,22,18.1818181818182,0.181818181818182
51,"51","Urobatis jamaicensis","Uro.jama",1,"1","Abudefduf saxatilis","Abu.saxa",0,23,0,0
51,"51","Urobatis jamaicensis","Uro.jama",2,"2","Acanthurus chirurgus","Aca.chir",0,23,0,0
51,"51","Urobatis jamaicensis","Uro.jama",3,"3","Acanthurus coeruleus","Aca.coer",0,23,0,0
51,"51","Urobatis jamaicensis","Uro.jama",4,"4","Anisotremus virginicus","Ani.virg",0,23,0,0
51,"51","Urobatis jamaicensis","Uro.jama",5,"5","Azurina cyanea","Azu.cyan",0,23,0,0
51,"51","Urobatis jamaicensis","Uro.jama",6,"6","Bodianus rufus","Bod.rufu",0,23,0,0
51,"51","Urobatis jamaicensis","Uro.jama",7,"7","Calamus spp","Cal.spp",0,23,0,0
51,"51","Urobatis jamaicensis","Uro.jama",8,"8","Caranx bartholomaei","Car.bart",0,23,0,0
51,"51","Urobatis jamaicensis","Uro.jama",9,"9","Caranx latus","Car.latu",0,23,0,0
51,"51","Urobatis jamaicensis","Uro.jama",10,"10","Caranx ruber","Car.rube",0,23,0,0
51,"51","Urobatis jamaicensis","Uro.jama",11,"11","Cephalopholis cruentata","Cep.crue",0,23,0,0
51,"51","Urobatis jamaicensis","Uro.jama",12,"12","Chaetodon capistratus","Cha.capi",0,23,0,0
51,"51","Urobatis jamaicensis","Uro.jama",13,"13","Chaetodon ocellatus","Cha.ocel",0,23,0,0
51,"51","Urobatis jamaicensis","Uro.jama",14,"14","Chaetodon sedentarius","Cha.sede",0,23,0,0
51,"51","Urobatis jamaicensis","Uro.jama",15,"15","Chaetodon striatus","Cha.stri",0,23,0,0
51,"51","Urobatis jamaicensis","Uro.jama",16,"16","Chromis scotti","Chr.scot",0,23,0,0
51,"51","Urobatis jamaicensis","Uro.jama",17,"17","Diodon spp","Dio.spp",1,23,4.34782608695652,0.0434782608695652
51,"51","Urobatis jamaicensis","Uro.jama",18,"18","Epinephelus spp","Epi.spp",0,23,0,0
51,"51","Urobatis jamaicensis","Uro.jama",19,"19","Ginglymostoma cirratum","Gin.cirr",0,23,0,0
51,"51","Urobatis jamaicensis","Uro.jama",20,"20","Haemulon flavolineatum","Hae.flav",0,23,0,0
51,"51","Urobatis jamaicensis","Uro.jama",21,"21","Haemulon juvenil","Hae.juv",0,23,0,0
51,"51","Urobatis jamaicensis","Uro.jama",22,"22","Haemulon plumierii","Hae.plum",0,23,0,0
51,"51","Urobatis jamaicensis","Uro.jama",23,"23","Haemulon plumierii juvenil","Hae.plum juv",0,23,0,0
51,"51","Urobatis jamaicensis","Uro.jama",24,"24","Haemulon sciurus","Hae.sciu",0,23,0,0
51,"51","Urobatis jamaicensis","Uro.jama",25,"25","Halichoeres spp","Hal.spp",0,23,0,0
51,"51","Urobatis jamaicensis","Uro.jama",26,"26","Holacanthus spp","Hol.spp",0,23,0,0
51,"51","Urobatis jamaicensis","Uro.jama",27,"27","Kyphosus spp","Kyp.spp",0,23,0,0
51,"51","Urobatis jamaicensis","Uro.jama",28,"28","Lachnolaimus maximus","Lac.maxi",0,23,0,0
51,"51","Urobatis jamaicensis","Uro.jama",29,"29","Lutjanus analis","Lut.anal",0,23,0,0
51,"51","Urobatis jamaicensis","Uro.jama",30,"30","Lutjanus griseus","Lut.gris",0,23,0,0
51,"51","Urobatis jamaicensis","Uro.jama",31,"31","Lutjanus jocu","Lut.jocu",0,23,0,0
51,"51","Urobatis jamaicensis","Uro.jama",32,"32","Mycteroperca spp","Myc.spp",0,23,0,0
51,"51","Urobatis jamaicensis","Uro.jama",33,"33","Nicholsina usta","Nic.usta",0,23,0,0
51,"51","Urobatis jamaicensis","Uro.jama",34,"34","Ocyurus chrysurus","Ocy.chry",0,23,0,0
51,"51","Urobatis jamaicensis","Uro.jama",35,"35","Pomacanthus arcuatus","Pom.arcu",0,23,0,0
51,"51","Urobatis jamaicensis","Uro.jama",36,"36","Pomacanthus paru","Pom.paru",0,23,0,0
51,"51","Urobatis jamaicensis","Uro.jama",37,"37","Rhomboplites aurorubens","Rho.auro",0,23,0,0
51,"51","Urobatis jamaicensis","Uro.jama",38,"38","Scarus coelestinus","Sca.coel",0,23,0,0
51,"51","Urobatis jamaicensis","Uro.jama",39,"39","Scarus coeruleus","Sca.coer",0,23,0,0
51,"51","Urobatis jamaicensis","Uro.jama",40,"40","Scarus guacamaia","Sca.guac",0,23,0,0
51,"51","Urobatis jamaicensis","Uro.jama",41,"41","Scarus iseri","Sca.iser",0,23,0,0
51,"51","Urobatis jamaicensis","Uro.jama",42,"42","Scarus juvenil","Sca.juv",0,23,0,0
51,"51","Urobatis jamaicensis","Uro.jama",43,"43","Scarus taeniopterus","Sca.taen",0,23,0,0
51,"51","Urobatis jamaicensis","Uro.jama",44,"44","Scarus vetula","Sca.vetu",0,23,0,0
51,"51","Urobatis jamaicensis","Uro.jama",45,"45","Sparisoma aurofrenatum","Spa.auro",0,23,0,0
51,"51","Urobatis jamaicensis","Uro.jama",46,"46","Sparisoma chrysopterum","Spa.chry",0,23,0,0
51,"51","Urobatis jamaicensis","Uro.jama",47,"47","Sparisoma rubripinne FI","Spa.rubr FI",0,23,0,0
51,"51","Urobatis jamaicensis","Uro.jama",48,"48","Sparisoma viride","Spa.viri",0,23,0,0
51,"51","Urobatis jamaicensis","Uro.jama",49,"49","Sparisoma viride FI","Spa.viri FI",0,23,0,0
51,"51","Urobatis jamaicensis","Uro.jama",50,"50","Sphyraena barracuda","Sph.barr",0,23,0,0
51,"51","Urobatis jamaicensis","Uro.jama",51,"51","Urobatis jamaicensis","Uro.jama",14,23,60.8695652173913,0.608695652173913
51,"51","Urobatis jamaicensis","Uro.jama",52,"52","unidentifiable","Unident.",0,23,0,0
51,"51","Urobatis jamaicensis","Uro.jama",53,"background","No matched prediction","No match",8,23,34.7826086956522,0.347826086956522
52,"52","unidentifiable","Unident.",1,"1","Abudefduf saxatilis","Abu.saxa",0,46,0,0
52,"52","unidentifiable","Unident.",2,"2","Acanthurus chirurgus","Aca.chir",0,46,0,0
52,"52","unidentifiable","Unident.",3,"3","Acanthurus coeruleus","Aca.coer",0,46,0,0
52,"52","unidentifiable","Unident.",4,"4","Anisotremus virginicus","Ani.virg",0,46,0,0
52,"52","unidentifiable","Unident.",5,"5","Azurina cyanea","Azu.cyan",0,46,0,0
52,"52","unidentifiable","Unident.",6,"6","Bodianus rufus","Bod.rufu",0,46,0,0
52,"52","unidentifiable","Unident.",7,"7","Calamus spp","Cal.spp",0,46,0,0
52,"52","unidentifiable","Unident.",8,"8","Caranx bartholomaei","Car.bart",0,46,0,0
52,"52","unidentifiable","Unident.",9,"9","Caranx latus","Car.latu",0,46,0,0
52,"52","unidentifiable","Unident.",10,"10","Caranx ruber","Car.rube",0,46,0,0
52,"52","unidentifiable","Unident.",11,"11","Cephalopholis cruentata","Cep.crue",0,46,0,0
52,"52","unidentifiable","Unident.",12,"12","Chaetodon capistratus","Cha.capi",0,46,0,0
52,"52","unidentifiable","Unident.",13,"13","Chaetodon ocellatus","Cha.ocel",0,46,0,0
52,"52","unidentifiable","Unident.",14,"14","Chaetodon sedentarius","Cha.sede",0,46,0,0
52,"52","unidentifiable","Unident.",15,"15","Chaetodon striatus","Cha.stri",0,46,0,0
52,"52","unidentifiable","Unident.",16,"16","Chromis scotti","Chr.scot",0,46,0,0
52,"52","unidentifiable","Unident.",17,"17","Diodon spp","Dio.spp",0,46,0,0
52,"52","unidentifiable","Unident.",18,"18","Epinephelus spp","Epi.spp",0,46,0,0
52,"52","unidentifiable","Unident.",19,"19","Ginglymostoma cirratum","Gin.cirr",0,46,0,0
52,"52","unidentifiable","Unident.",20,"20","Haemulon flavolineatum","Hae.flav",0,46,0,0
52,"52","unidentifiable","Unident.",21,"21","Haemulon juvenil","Hae.juv",0,46,0,0
52,"52","unidentifiable","Unident.",22,"22","Haemulon plumierii","Hae.plum",0,46,0,0
52,"52","unidentifiable","Unident.",23,"23","Haemulon plumierii juvenil","Hae.plum juv",0,46,0,0
52,"52","unidentifiable","Unident.",24,"24","Haemulon sciurus","Hae.sciu",0,46,0,0
52,"52","unidentifiable","Unident.",25,"25","Halichoeres spp","Hal.spp",0,46,0,0
52,"52","unidentifiable","Unident.",26,"26","Holacanthus spp","Hol.spp",0,46,0,0
52,"52","unidentifiable","Unident.",27,"27","Kyphosus spp","Kyp.spp",0,46,0,0
52,"52","unidentifiable","Unident.",28,"28","Lachnolaimus maximus","Lac.maxi",0,46,0,0
52,"52","unidentifiable","Unident.",29,"29","Lutjanus analis","Lut.anal",0,46,0,0
52,"52","unidentifiable","Unident.",30,"30","Lutjanus griseus","Lut.gris",0,46,0,0
52,"52","unidentifiable","Unident.",31,"31","Lutjanus jocu","Lut.jocu",0,46,0,0
52,"52","unidentifiable","Unident.",32,"32","Mycteroperca spp","Myc.spp",0,46,0,0
52,"52","unidentifiable","Unident.",33,"33","Nicholsina usta","Nic.usta",0,46,0,0
52,"52","unidentifiable","Unident.",34,"34","Ocyurus chrysurus","Ocy.chry",2,46,4.34782608695652,0.0434782608695652
52,"52","unidentifiable","Unident.",35,"35","Pomacanthus arcuatus","Pom.arcu",0,46,0,0
52,"52","unidentifiable","Unident.",36,"36","Pomacanthus paru","Pom.paru",0,46,0,0
52,"52","unidentifiable","Unident.",37,"37","Rhomboplites aurorubens","Rho.auro",3,46,6.52173913043478,0.0652173913043478
52,"52","unidentifiable","Unident.",38,"38","Scarus coelestinus","Sca.coel",0,46,0,0
52,"52","unidentifiable","Unident.",39,"39","Scarus coeruleus","Sca.coer",0,46,0,0
52,"52","unidentifiable","Unident.",40,"40","Scarus guacamaia","Sca.guac",0,46,0,0
52,"52","unidentifiable","Unident.",41,"41","Scarus iseri","Sca.iser",0,46,0,0
52,"52","unidentifiable","Unident.",42,"42","Scarus juvenil","Sca.juv",0,46,0,0
52,"52","unidentifiable","Unident.",43,"43","Scarus taeniopterus","Sca.taen",0,46,0,0
52,"52","unidentifiable","Unident.",44,"44","Scarus vetula","Sca.vetu",0,46,0,0
52,"52","unidentifiable","Unident.",45,"45","Sparisoma aurofrenatum","Spa.auro",0,46,0,0
52,"52","unidentifiable","Unident.",46,"46","Sparisoma chrysopterum","Spa.chry",0,46,0,0
52,"52","unidentifiable","Unident.",47,"47","Sparisoma rubripinne FI","Spa.rubr FI",0,46,0,0
52,"52","unidentifiable","Unident.",48,"48","Sparisoma viride","Spa.viri",0,46,0,0
52,"52","unidentifiable","Unident.",49,"49","Sparisoma viride FI","Spa.viri FI",0,46,0,0
52,"52","unidentifiable","Unident.",50,"50","Sphyraena barracuda","Sph.barr",0,46,0,0
52,"52","unidentifiable","Unident.",51,"51","Urobatis jamaicensis","Uro.jama",0,46,0,0
52,"52","unidentifiable","Unident.",52,"52","unidentifiable","Unident.",4,46,8.69565217391304,0.0869565217391304
52,"52","unidentifiable","Unident.",53,"background","No matched prediction","No match",37,46,80.4347826086957,0.804347826086957
